passenger_id,age_band,travel_party_type,visa_bucket,layover_duration_hrs,arrival_time_block,season_month,luggage_status,fatigue_level,budget_tier,interest_category,risk_comfort,marketing_channel,layover_confidence_score,confidence_band,recommended_tier,app_viewed,eligibility_checked,packages_viewed,booked,selected_package,paid_amount_aed,late_return_risk_score,completed_on_time,satisfaction_rating,referral_intent,app_viewed_clean,eligibility_checked_clean,booked_clean,completed_on_time_clean,recommended_tier_clean,selected_package_clean,layover_duration_hrs_clean,paid_amount_aed_clean,fatigue_missing_flag,budget_missing_flag,fatigue_level_clean,budget_tier_clean,time_buffer_mins_clean,confidence_band_clean,conversion_flag,package_viewed_flag,completed_flag,late_return_flag_clean,revenue_category,funnel_stage_clean,tier_category,high_value_lead_flag,engagement_level,safe_to_leave_flag,recommendation_match_flag
PS00001,25-34,Friends/Group,Visa-Free/On-Arrival,11.5,Afternoon,January,Carry-On Only,1,Budget,Active/City,4,Social Media,86.6,High,City/Culture/Shopping,True,True,3,True,City/Culture/Shopping,264.0,21.5,True,4.0,4.0,True,True,True,True,City/Culture/Shopping,City/Culture/Shopping,11.5,264.0,False,False,1.0,Budget,600.0,High,True,True,True,0.0,Low,Completed,Outdoor/Higher-Risk,False,Medium,True,1.0
PS00002,55+,Family with kids,Transit-Visa-Required,6.2,Afternoon,August,Needs Storage,3,Premium,Shopping,3,Airline Partner,78.7,High,Premium Fast-Track/Chauffeur,True,True,1,True,Premium Fast-Track/Chauffeur,1931.0,42.5,True,4.0,4.0,True,True,True,True,Premium Fast-Track/Chauffeur,Premium Fast-Track/Chauffeur,6.2,1931.0,False,False,3.0,Premium,282.0,High,True,True,True,0.0,High,Completed,Outdoor/Higher-Risk,False,Low,True,1.0
PS00003,35-44,Solo,Visa-Free/On-Arrival,8.9,Evening,February,Checked-Through,4,Premium,Shopping,4,Organic App Search,83.9,High,Indoor Micro-Experience,Yes,True,1,True,Indoor Micro-Experience,507.0,19.0,1,4.0,4.0,True,True,True,True,Indoor Micro-Experience,Indoor Micro-Experience,8.9,507.0,False,False,4.0,Premium,444.0,High,True,True,True,0.0,Mid,Completed,Indoor/Moderate-Risk,False,Low,True,1.0
PS00004,35-44,Solo,Visa-Free/On-Arrival,2.0,Night,January,Checked-Through,5,Budget,active/city,3,Airline Partner,51.9,Medium,Airport Lounge/Relaxation,True,True,1,False,,,,,,,True,True,False,,Airport Lounge/Relaxation,,2.0,,False,False,5.0,Budget,30.0,Medium,False,True,False,,No Spend,Package Viewed,Airside/Low-Risk,False,Low,False,
PS00005,18-24,Solo,Visa-Free/On-Arrival,6.9,Evening,February,NEEDS STORAGE,3,Premium,Relaxation & Wellness,3,Word of Mouth/Referral,76.2,High,Premium Fast-Track/Chauffeur,True,True,4,True,Premium Fast-Track/Chauffeur,2952.0,30.8,True,5.0,5.0,True,True,True,True,Premium Fast-Track/Chauffeur,Premium Fast-Track/Chauffeur,6.9,2952.0,False,False,3.0,Premium,324.0,High,True,True,True,0.0,High,Completed,Outdoor/Higher-Risk,True,Medium,True,1.0
PS00006,18-24,Family with kids,Visa-Free/On-Arrival,5.3,Morning,May,Checked-Through,4,Budget,Culture & Heritage,5,Airline Partner,75.9,High,City/Culture/Shopping,yes ,True,1,True,Airport Lounge/Relaxation,237.0,43.2,True,4.0,4.0,True,True,True,True,City/Culture/Shopping,Airport Lounge/Relaxation,5.3,237.0,False,False,4.0,Budget,228.0,High,True,True,True,0.0,Low,Completed,Outdoor/Higher-Risk,False,Low,True,0.0
PS00007,18-24,Family with kids,Transit-Visa-Required,2.0,Afternoon,September,Needs Storage,5,Mid-Range,Culture & Heritage,3,Social Media,41.5,Medium,Indoor Micro-Experience,True,True,1,False,,,,,,,True,True,False,,Indoor Micro-Experience,,2.0,,False,False,5.0,Mid-Range,30.0,Medium,False,True,False,,No Spend,Package Viewed,Indoor/Moderate-Risk,False,Low,False,
PS00008,45-54,Solo,Visa-Free/On-Arrival,7.0,Night,September,Carry-On Only,2,Mid-Range,Culture & Heritage,5,Social Media,89.8,High,City/Culture/Shopping,True,True,4,True,City/Culture/Shopping,352.0,45.6,False,3.0,3.0,True,True,True,False,City/Culture/Shopping,City/Culture/Shopping,7.0,352.0,False,False,2.0,Mid-Range,330.0,High,True,True,True,0.0,Mid,Completed,Outdoor/Higher-Risk,False,Medium,True,1.0
PS00009,35-44,SOLO,Not-Eligible,7.2,Morning,February,Needs Storage,4,Mid-Range,Family/Indoor,2,Airline Partner,30.0,Low,  Stay Airside ,True,True,2,False,,,,,,,True,True,False,,Stay Airside,,7.2,,False,False,4.0,Mid-Range,342.0,Low,False,True,False,,No Spend,Package Viewed,Airside/Low-Risk,False,Low,False,
PS00010,35-44,Solo,Not-Eligible,9.3,Night,February,Checked-Through,3,Mid-Range,Shopping,2,Social Media,30.0,Low,Stay Airside,True,False,3,No,,,,,,,True,False,False,,Stay Airside,,9.3,,False,False,3.0,Mid-Range,468.0,Low,False,True,False,,No Spend,Package Viewed,Airside/Low-Risk,False,Medium,False,
PS00011,18-24,Family with kids,Transit-Visa-Required,14.1,Night,March,Checked-Through,3,Budget,family/indoor,3,Social Media,68.7,Medium,Airport Lounge/Relaxation,True,True,0,False,,,,,,,True,True,False,,Airport Lounge/Relaxation,,14.1,,False,False,3.0,Budget,756.0,Medium,False,False,False,,No Spend,Eligibility Checked,Airside/Low-Risk,False,None,True,
PS00012,55+,Family with kids,Visa-Free/On-Arrival,12.9,Morning,July,Checked-Through,3,Budget,Shopping,4,Word of Mouth/Referral,82.1,High,City/Culture/Shopping,True,True,5,True,Airport Lounge/Relaxation,147.0,0.0,True,3.0,3.0,True,True,True,True,City/Culture/Shopping,Airport Lounge/Relaxation,12.9,147.0,False,False,3.0,Budget,684.0,High,True,True,True,0.0,Low,Completed,Outdoor/Higher-Risk,False,High,True,0.0
PS00013,45-54,Solo,Visa-Free/On-Arrival,5.6,Night,November,Needs Storage,4,Mid-Range,Relaxation & Wellness,4,Word of Mouth/Referral,73.8,High,Indoor Micro-Experience,True,False,1,False,,,,,,,True,False,False,,Indoor Micro-Experience,,5.6,,False,False,4.0,Mid-Range,246.0,High,False,True,False,,No Spend,Package Viewed,Indoor/Moderate-Risk,False,Low,True,
PS00014,25-34,Solo,Transit-Visa-Required,8.3,Afternoon,March,Checked-Through,4,Budget,Culture & Heritage,2,Social Media,65.8,Medium,Airport Lounge/Relaxation,True,True,3,True,Airport Lounge/Relaxation,178.0,21.3,True,4.0,4.0,True,True,True,True,Airport Lounge/Relaxation,Airport Lounge/Relaxation,8.3,178.0,False,False,4.0,Budget,408.00000000000006,Medium,True,True,True,0.0,Low,Completed,Airside/Low-Risk,False,Medium,True,1.0
PS00015,25-34,Solo,Visa-Free/On-Arrival,10.0,Night,January,Carry-On Only,3,Premium,Family/Indoor,2,Social Media,85.2,High,Premium Fast-Track/Chauffeur,TRUE,True,5,True,Premium Fast-Track/Chauffeur,1420.0,23.8,True,5.0,5.0,True,True,True,True,Premium Fast-Track/Chauffeur,Premium Fast-Track/Chauffeur,10.0,1420.0,False,False,3.0,Premium,510.0,High,True,True,True,0.0,High,Completed,Outdoor/Higher-Risk,True,High,True,1.0
PS00016,25-34,Friends/Group,Visa-Free/On-Arrival,5.7,Afternoon,June,Checked-Through,5,Mid-Range,Shopping,3,Social Media,69.6,High,Indoor Micro-Experience,True,True,1,True,CITY/CULTURE/SHOPPING,503.0,44.5,True,3.0,3.0,True,True,True,True,Indoor Micro-Experience,City/Culture/Shopping,5.7,503.0,False,False,5.0,Mid-Range,252.0,High,True,True,True,0.0,Mid,Completed,Indoor/Moderate-Risk,False,Low,True,0.0
PS00017,25-34,Solo,Transit-Visa-Required,2.5,Afternoon,March,Checked-Through,4,Budget,Shopping,2,Travel Agent,42.2,Medium,Airport Lounge/Relaxation,True,True,1,False,,,,,,,True,True,False,,Airport Lounge/Relaxation,,2.5,,False,False,4.0,Budget,60.0,Medium,False,True,False,,No Spend,Package Viewed,Airside/Low-Risk,False,Low,False,
PS00018,35-44,Family with kids,TRANSIT-VISA-REQUIRED,6.6,Evening,January,Checked-Through,4,Mid-Range,Relaxation & Wellness,3,Airport Signage,70.5,High,City/Culture/Shopping,True,False,3,False,,,,,,,True,False,False,,City/Culture/Shopping,,6.6,,False,False,4.0,Mid-Range,306.0,High,False,True,False,,No Spend,Package Viewed,Outdoor/Higher-Risk,False,Medium,False,
PS00019,25-34,Couple,Transit-Visa-Required,14.5,Evening,April,Checked-Through,3,Budget,Relaxation & Wellness,3,Social Media,65.7,Medium,Airport Lounge/Relaxation,True,False,2,False,,,,,,,True,False,False,,Airport Lounge/Relaxation,,14.5,,False,False,3.0,Budget,780.0,Medium,False,True,False,,No Spend,Package Viewed,Airside/Low-Risk,False,Low,True,
PS00020,25-34,Solo,Visa-Free/On-Arrival,2.4,Morning,January,Carry-On Only,1,Budget,Relaxation & Wellness,3,Social Media,70.1,High,City/Culture/Shopping,True,TRUE,3,True,City/Culture/Shopping,277.0,64.3,False,3.0,4.0,True,True,True,False,City/Culture/Shopping,City/Culture/Shopping,2.4,277.0,False,False,1.0,Budget,54.0,High,True,True,True,1.0,Low,Completed,Outdoor/Higher-Risk,False,Medium,False,1.0
PS00021,35-44,Solo,Transit-Visa-Required,3.8,Evening,January,Checked-Through,3,,Relaxation & Wellness,2,Organic App Search,52.4,Medium,Indoor Micro-Experience,True,False,1,False,,,,,,,True,False,False,,Indoor Micro-Experience,,3.8,,False,True,3.0,Unknown,138.0,Medium,False,True,False,,No Spend,Package Viewed,Indoor/Moderate-Risk,False,Low,False,
PS00022,18-24,Solo,Visa-Free/On-Arrival,4.4,Morning,December,Needs Storage,5,Premium,shopping,2,Social Media,63.8,Medium,INDOOR MICRO-EXPERIENCE,True,True,1,True,Premium Fast-Track/Chauffeur,1865.0,51.8,True,4.0,3.0,True,True,True,True,Indoor Micro-Experience,Premium Fast-Track/Chauffeur,4.4,1865.0,False,False,5.0,Premium,174.0,Medium,True,True,True,0.0,High,Completed,Indoor/Moderate-Risk,False,Low,False,0.0
PS00023,25-34,Couple,Visa-Free/On-Arrival,3.8,Afternoon,February,Carry-On Only,2,Mid-Range,Relaxation & Wellness,3,Airline Partner,72.3,High,City / Culture / Shopping,True,True,3,False,,,,,,,True,True,False,,City/Culture/Shopping,,3.8,,False,False,2.0,Mid-Range,138.0,High,False,True,False,,No Spend,Package Viewed,Outdoor/Higher-Risk,False,Medium,False,
PS00024,25-34,Family with kids,transit-visa-required,11.2,Afternoon,October,Carry-On Only,5,Budget,Shopping,1,Social Media,55.1,Medium,AIRPORT LOUNGE/RELAXATION,True,True,3,TRUE,Premium Fast-Track/Chauffeur,1085.0,18.4,False,2.0,2.0,True,True,True,False,Airport Lounge/Relaxation,Premium Fast-Track/Chauffeur,11.2,1085.0,False,False,5.0,Budget,582.0,Medium,True,True,True,0.0,High,Completed,Airside/Low-Risk,False,Medium,False,0.0
PS00025,25-34,Couple,Visa-Free/On-Arrival,4.9,Afternoon,August,Carry-On Only,4,Mid-Range,Shopping,3,Word of Mouth/Referral,69.3,High,Indoor Micro-Experience,True,True,3,True,  Indoor Micro-Experience ,,50.2,False,4.0,4.0,True,True,True,False,Indoor Micro-Experience,Indoor Micro-Experience,4.9,,False,False,4.0,Mid-Range,204.0,High,True,True,True,0.0,No Spend,Completed,Indoor/Moderate-Risk,False,Medium,True,1.0
PS00026,45-54,Couple,visa-free/on-arrival,11.3,Afternoon,February,Checked-Through,4,Budget,Relaxation & Wellness,4,Word of Mouth/Referral,78.9,High,INDOOR MICRO-EXPERIENCE,True,True,0,True,Indoor Micro-Experience,348.0,13.8,True,5.0,5.0,True,True,True,True,Indoor Micro-Experience,Indoor Micro-Experience,11.3,348.0,False,False,4.0,Budget,588.0,High,True,False,True,0.0,Mid,Completed,Indoor/Moderate-Risk,False,None,False,1.0
PS00027,25-34,solo,Visa-Free/On-Arrival,7.7,Morning,November,Checked-Through,4,Budget,Active/City,2,Word of Mouth/Referral,73.3,High,Indoor Micro-Experience,True,True,4,True,Indoor Micro-Experience,370.0,23.8,True,4.0,4.0,True,True,True,True,Indoor Micro-Experience,Indoor Micro-Experience,7.7,370.0,False,False,4.0,Budget,372.0,High,True,True,True,0.0,Mid,Completed,Indoor/Moderate-Risk,False,Medium,True,1.0
PS00028,35-44,Friends/Group,Transit-Visa-Required,2.0,Morning,February,Carry-On Only,3,Premium,Relaxation & Wellness,2,Word of Mouth/Referral,53.0,Medium,Indoor Micro-Experience,True,False,1,False,,,,,,,True,False,False,,Indoor Micro-Experience,,2.0,,False,False,3.0,Premium,30.0,Medium,False,True,False,,No Spend,Package Viewed,Indoor/Moderate-Risk,False,Low,False,
PS00029,35-44,Family with kids,Transit-Visa-Required,5.7,Morning,November,Checked-Through,4,Premium,Relaxation & Wellness,1,Airport Signage,62.4,Medium,Indoor Micro-Experience,True,True,2,True,Indoor Micro-Experience,531.0,37.5,True,5.0,5.0,True,True,True,True,Indoor Micro-Experience,Indoor Micro-Experience,5.7,531.0,False,False,4.0,Premium,252.0,Medium,True,True,True,0.0,Mid,Completed,Indoor/Moderate-Risk,False,Low,True,1.0
PS00030,18-24,Solo,Transit-Visa-Required,13.1,Afternoon,November,Checked-Through,3,Budget,Active/City,4,Social Media,71.8,High,City/Culture/Shopping,True,True,5,Y,City/Culture/Shopping,345.0,13.1,Y,4.0,4.0,True,True,True,True,City/Culture/Shopping,City/Culture/Shopping,13.1,345.0,False,False,3.0,Budget,696.0,High,True,True,True,0.0,Mid,Completed,Outdoor/Higher-Risk,False,High,True,1.0
PS00031,35-44,Friends/Group,TRANSIT-VISA-REQUIRED,8.2,Night,October,Checked-Through,4,Mid-Range,Shopping,1,Word of Mouth/Referral,67.2,Medium,Indoor Micro-Experience,True,True,0,False,,,,,,,True,True,False,,Indoor Micro-Experience,,8.2,,False,False,4.0,Mid-Range,401.99999999999994,Medium,False,False,False,,No Spend,Eligibility Checked,Indoor/Moderate-Risk,False,None,False,
PS00032,18-24,Couple,Visa-Free/On-Arrival,6.0,Morning,October,Carry-On Only,4,Premium,Active/City,5,Airport Signage,80.4,High,Premium Fast-Track/Chauffeur,True,True,3,True,Premium Fast-Track/Chauffeur,2706.0,41.5,False,3.0,4.0,True,True,True,False,Premium Fast-Track/Chauffeur,Premium Fast-Track/Chauffeur,6.0,2706.0,False,False,4.0,Premium,270.0,High,True,True,True,0.0,High,Completed,Outdoor/Higher-Risk,True,Medium,True,1.0
PS00033,18-24,Couple,Visa-Free/On-Arrival,14.6,Night,August,Checked-Through,4,Budget,Family/Indoor,3,Airport Signage,76.2,High,City/Culture/Shopping,1,True,2,True,City/Culture/Shopping,406.0,10.1,True,4.0,4.0,True,True,True,True,City/Culture/Shopping,City/Culture/Shopping,14.6,406.0,False,False,4.0,Budget,786.0,High,True,True,True,0.0,Mid,Completed,Outdoor/Higher-Risk,False,Low,True,1.0
PS00034,55+,family with kids,Visa-Free/On-Arrival,3.5,Evening,December,Checked-Through,4,Budget,Relaxation & Wellness,3,Word of Mouth/Referral,61.2,Medium,Airport Lounge/Relaxation,True,True,5,False,,,,,,,True,True,False,,Airport Lounge/Relaxation,,3.5,,False,False,4.0,Budget,120.0,Medium,False,True,False,,No Spend,Package Viewed,Airside/Low-Risk,False,High,False,
PS00035,55+,Family with kids,Visa-Free/On-Arrival,5.1,Evening,June,Checked-Through,1,,Relaxation & Wellness,1,Word of Mouth/Referral,73.0,High,Premium Fast-Track/Chauffeur,True,True,2,True,Premium Fast-Track/Chauffeur,2372.0,50.8,True,5.0,5.0,True,True,True,True,Premium Fast-Track/Chauffeur,Premium Fast-Track/Chauffeur,5.1,2372.0,False,True,1.0,Unknown,216.0,High,True,True,True,0.0,High,Completed,Outdoor/Higher-Risk,False,Low,True,1.0
PS00036,45-54,Family with kids,Visa-Free/On-Arrival,12.4,Evening,December,Needs Storage,1,Mid-Range,Family/Indoor,3,Organic App Search,82.1,High,City/Culture/Shopping,True,True,3,True,Stay Airside,0.0,0.0,True,3.0,3.0,True,True,True,True,City/Culture/Shopping,Stay Airside,12.4,0.0,False,False,1.0,Mid-Range,654.0,High,True,True,True,0.0,Low,Completed,Outdoor/Higher-Risk,False,Medium,True,0.0
PS00037,25-34,Solo,Not-Eligible,11.0,Night,November,Checked-Through,4,Budget,Relaxation & Wellness,3,Organic App Search,30.0,Low,Stay Airside,True,TRUE,0,False,,,,,,,True,True,False,,Stay Airside,,11.0,,False,False,4.0,Budget,570.0,Low,False,False,False,,No Spend,Eligibility Checked,Airside/Low-Risk,False,None,False,
PS00038,18-24,Solo,Visa-Free/On-Arrival,-3.0,Morning,April,Carry-On Only,2,Budget,Culture & Heritage,3,Airline Partner,65.7,Medium,Airport Lounge/Relaxation,True,True,4,False,,,,,,,True,True,False,,Airport Lounge/Relaxation,,,,False,False,2.0,Budget,,Medium,False,True,False,,No Spend,Package Viewed,Airside/Low-Risk,False,Medium,False,
PS00039,35-44,Friends/Group,Visa-Free/On-Arrival,9.8,Afternoon,March,Carry-On Only,3,Budget,Active/City,3,Organic App Search,75.5,High,City/Culture/Shopping,True,True,1,True,Premium Fast-Track/Chauffeur,1910.0,20.9,True,2.0,2.0,True,True,True,True,City/Culture/Shopping,Premium Fast-Track/Chauffeur,9.8,1910.0,False,False,3.0,Budget,498.0,High,True,True,True,0.0,High,Completed,Outdoor/Higher-Risk,False,Low,True,0.0
PS00040,25-34,Solo,Visa-Free/On-Arrival,4.9,Evening,January,Carry-On Only,3,Mid-Range,Shopping,3,Airline Partner,74.2,High,City/Culture/Shopping,True,True,4,True,City/Culture/Shopping,339.0,61.9,True,4.0,3.0,True,True,True,True,City/Culture/Shopping,City/Culture/Shopping,4.9,339.0,False,False,3.0,Mid-Range,204.0,High,True,True,True,1.0,Mid,Completed,Outdoor/Higher-Risk,False,Medium,True,1.0
PS00041,18-24,Solo,Visa-Free/On-Arrival,2.0,Evening,November,Checked-Through,1,Mid-Range,Culture & Heritage,3,Travel Agent,67.2,Medium,Indoor Micro-Experience,TRUE,True,2,False,,,,,,,True,True,False,,Indoor Micro-Experience,,2.0,,False,False,1.0,Mid-Range,30.0,Medium,False,True,False,,No Spend,Package Viewed,Indoor/Moderate-Risk,False,Low,False,
PS00042,25-34,Couple,Not-Eligible,6.1,Night,March,Carry-On Only,1,Mid-Range,Shopping,3,Airline Partner,30.0,Low,Stay Airside,True,False,2,False,,,,,,,True,False,False,,Stay Airside,,6.1,,False,False,1.0,Mid-Range,276.0,Low,False,True,False,,No Spend,Package Viewed,Airside/Low-Risk,False,Low,False,
PS00043,18-24,Couple,Visa-Free/On-Arrival,20.4,Morning,December,Checked-Through,4,Mid-Range,culture & heritage,3,Airport Signage,79.5,High,City/Culture/Shopping,True,True,0,True,Airport Lounge/Relaxation,292.0,4.4,True,2.0,1.0,True,True,True,True,City/Culture/Shopping,Airport Lounge/Relaxation,20.4,292.0,False,False,4.0,Mid-Range,1134.0,High,True,False,True,0.0,Low,Completed,Outdoor/Higher-Risk,False,None,True,0.0
PS00044,55+,Couple,Visa-Free/On-Arrival,13.2,Evening,September,Checked-Through,4,Budget,Shopping,4,Organic App Search,75.2,High,Indoor Micro-Experience,True,True,0,True,Premium Fast-Track/Chauffeur,1471.0,5.8,True,4.0,4.0,True,True,True,True,Indoor Micro-Experience,Premium Fast-Track/Chauffeur,13.2,1471.0,False,False,4.0,Budget,702.0,High,True,False,True,0.0,High,Completed,Indoor/Moderate-Risk,False,None,True,0.0
PS00045,25-34,Friends/Group,Transit-Visa-Required,7.3,Afternoon,May,Carry-On Only,3,Budget,Shopping,2,Airport Signage,68.3,Medium,Airport Lounge/Relaxation,True,True,3,yes ,Stay Airside,0.0,18.8,True,2.0,2.0,True,True,True,True,Airport Lounge/Relaxation,Stay Airside,7.3,0.0,False,False,3.0,Budget,348.0,Medium,True,True,True,0.0,Low,Completed,Airside/Low-Risk,False,Medium,True,0.0
PS00046,35-44,Solo,Visa-Free/On-Arrival,2.3,Afternoon,June,Carry-On Only,5,Budget,Family/Indoor,3,Travel Agent,48.2,Medium,Airport Lounge/Relaxation,True,False,0,FALSE,,,,,,,True,False,False,,Airport Lounge/Relaxation,,2.3,,False,False,5.0,Budget,48.0,Medium,False,False,False,,No Spend,App Viewed,Airside/Low-Risk,False,None,False,
PS00047,25-34,Solo,Visa-Free/On-Arrival,2.0,Afternoon,May,Carry-On Only,2,Premium,Family/Indoor,3,Airline Partner,59.6,Medium,Indoor Micro-Experience,True,True,3,True,Indoor Micro-Experience,381.0,64.8,False,2.0,1.0,True,True,True,False,Indoor Micro-Experience,Indoor Micro-Experience,2.0,381.0,False,False,2.0,Premium,30.0,Medium,True,True,True,1.0,Mid,Completed,Indoor/Moderate-Risk,False,Medium,False,1.0
PS00048,35-44,Solo,visa-free/on-arrival,7.7,Evening,January,Needs Storage,,Mid-Range,Shopping,1,Airline Partner,74.5,High,City/Culture/Shopping,True,Y,3,True,City/Culture/Shopping,402.0,45.5,False,3.0,3.0,True,True,True,False,City/Culture/Shopping,City/Culture/Shopping,7.7,402.0,True,False,,Mid-Range,372.0,High,True,True,True,0.0,Mid,Completed,Outdoor/Higher-Risk,False,Medium,False,1.0
PS00049,35-44,Friends/Group,Transit-Visa-Required,9.5,Night,October,Checked-Through,4,Budget,Culture & Heritage,3,Airport Signage,69.3,High,City/Culture/Shopping,True,True,4,True,City/Culture/Shopping,447.0,27.1,True,4.0,4.0,True,True,True,True,City/Culture/Shopping,City/Culture/Shopping,9.5,447.0,False,False,4.0,Budget,480.0,High,True,True,True,0.0,Mid,Completed,Outdoor/Higher-Risk,False,Medium,True,1.0
PS00050,25-34,Couple,Not-Eligible,11.2,Afternoon,January,Needs Storage,4,Mid-Range,Active/City,2,Social Media,30.0,Low,Stay Airside,True,False,4,False,,,,,,,True,False,False,,Stay Airside,,11.2,,False,False,4.0,Mid-Range,582.0,Low,False,True,False,,No Spend,Package Viewed,Airside/Low-Risk,False,Medium,False,
PS00051,55+,solo,Transit-Visa-Required,10.5,Night,April,Checked-Through,3,Premium,Shopping,1,Airline Partner,71.0,High,Premium Fast-Track/Chauffeur,True,True,2,True,Premium Fast-Track/Chauffeur,2344.0,14.3,True,4.0,4.0,True,True,True,True,Premium Fast-Track/Chauffeur,Premium Fast-Track/Chauffeur,10.5,2344.0,False,False,3.0,Premium,540.0,High,True,True,True,0.0,High,Completed,Outdoor/Higher-Risk,True,Low,True,1.0
PS00052,45-54,Family with kids,Visa-Free/On-Arrival,11.0,Afternoon,March,Carry-On Only,5,Mid-Range,Culture & Heritage,5,Airport Signage,85.0,High,City/Culture/Shopping,True,True,0,False,,,,,,,True,True,False,,City/Culture/Shopping,,11.0,,False,False,5.0,Mid-Range,570.0,High,False,False,False,,No Spend,Eligibility Checked,Outdoor/Higher-Risk,False,None,True,
PS00053,55+,Friends/Group,Transit-Visa-Required,8.8,Morning,November,Checked-Through,5,Budget,Shopping,3,Travel Agent,66.1,Medium,Airport Lounge/Relaxation,True,True,5,False,,,,,,,True,True,False,,Airport Lounge/Relaxation,,8.8,,False,False,5.0,Budget,438.0,Medium,False,True,False,,No Spend,Package Viewed,Airside/Low-Risk,False,High,True,
PS00054,45-54,Family with kids,Visa-Free/On-Arrival,14.4,Morning,August,Checked-Through,1,,Shopping,3,Airline Partner,89.6,High,City/Culture/Shopping,TRUE,True,4,True,City/Culture/Shopping,441.0,10.2,True,4.0,4.0,True,True,True,True,City/Culture/Shopping,City/Culture/Shopping,14.4,441.0,False,True,1.0,Unknown,774.0,High,True,True,True,0.0,Mid,Completed,Outdoor/Higher-Risk,False,Medium,True,1.0
PS00055,35-44,Friends/Group,Visa-Free/On-Arrival,5.3,Morning,December,Checked-Through,2,Budget,Relaxation & Wellness,4,Airport Signage,76.6,High,City/Culture/Shopping,True,True,3,FALSE,,,,,,,True,True,False,,City/Culture/Shopping,,5.3,,False,False,2.0,Budget,228.0,High,False,True,False,,No Spend,Package Viewed,Outdoor/Higher-Risk,False,Medium,True,
PS00056,55+,Solo,Visa-Free/On-Arrival,7.6,Afternoon,December,Checked-Through,,Premium,Culture & Heritage,2,Organic App Search,84.0,High,Indoor Micro-Experience,True,True,3,True,Indoor Micro-Experience,361.0,22.0,True,3.0,3.0,True,True,True,True,Indoor Micro-Experience,Indoor Micro-Experience,7.6,361.0,True,False,,Premium,366.0,High,True,True,True,0.0,Mid,Completed,Indoor/Moderate-Risk,True,Medium,True,1.0
PS00057,18-24,Family with kids,Visa-Free/On-Arrival,2.0,Afternoon,July,Checked-Through,3,Mid-Range,Family/Indoor,5,Airport Signage,61.6,Medium,Indoor Micro-Experience,Y,True,2,False,,,,,,,True,True,False,,Indoor Micro-Experience,,2.0,,False,False,3.0,Mid-Range,30.0,Medium,False,True,False,,No Spend,Package Viewed,Indoor/Moderate-Risk,False,Low,False,
PS00058,25-34,Couple,Visa-Free/On-Arrival,5.2,Evening,November,Checked-Through,1,Mid-Range,Shopping,2,Airport Signage,78.2,High,City/Culture/Shopping,True,True,2,True,City/Culture/Shopping,351.0,53.2,True,4.0,3.0,True,True,True,True,City/Culture/Shopping,City/Culture/Shopping,5.2,351.0,False,False,1.0,Mid-Range,222.0,High,True,True,True,0.0,Mid,Completed,Outdoor/Higher-Risk,False,Low,True,1.0
PS00059,18-24,Family with kids,Transit-Visa-Required,13.0,Evening,July,Checked-Through,4,Premium,Relaxation & Wellness,3,Travel Agent,75.7,High,Indoor Micro-Experience,yes ,True,2,True,  Indoor Micro-Experience ,473.0,0.0,True,3.0,2.0,True,True,True,True,Indoor Micro-Experience,Indoor Micro-Experience,13.0,473.0,False,False,4.0,Premium,690.0,High,True,True,True,0.0,Mid,Completed,Indoor/Moderate-Risk,True,Low,True,1.0
PS00060,25-34,Family with kids,Not-Eligible,10.8,Morning,August,Carry-On Only,3,Premium,Relaxation & Wellness,4,Word of Mouth/Referral,30.0,Low,Stay Airside,True,True,1,True,Premium Fast-Track/Chauffeur,1569.0,18.8,True,3.0,3.0,True,True,True,True,Stay Airside,Premium Fast-Track/Chauffeur,10.8,1569.0,False,False,3.0,Premium,558.0,Low,True,True,True,0.0,High,Completed,Airside/Low-Risk,False,Low,False,0.0
PS00061,25-34,Family with kids,Visa-Free/On-Arrival,2.0,Morning,October,Checked-Through,3,Budget,Shopping,5,Word of Mouth/Referral,61.8,Medium,Airport Lounge/Relaxation,True,True,1,False,,,,,,,True,True,False,,Airport Lounge/Relaxation,,2.0,,False,False,3.0,Budget,30.0,Medium,False,True,False,,No Spend,Package Viewed,Airside/Low-Risk,False,Low,False,
PS00062,25-34,Family with kids,Visa-Free/On-Arrival,21.2,Morning,July,Checked-Through,,Budget,Shopping,4,Organic App Search,82.8,High,City/Culture/Shopping,True,True,3,True,City/Culture/Shopping,312.0,17.1,True,3.0,3.0,True,True,True,True,City/Culture/Shopping,City/Culture/Shopping,21.2,312.0,True,False,,Budget,1182.0,High,True,True,True,0.0,Mid,Completed,Outdoor/Higher-Risk,False,Medium,True,1.0
PS00063,45-54,solo,Visa-Free/On-Arrival,8.2,Afternoon,October,Checked-Through,4,,Shopping,3,Airline Partner,81.5,High,City/Culture/Shopping,TRUE,True,0,False,,,,,,,True,True,False,,City/Culture/Shopping,,8.2,,False,True,4.0,Unknown,401.99999999999994,High,False,False,False,,No Spend,Eligibility Checked,Outdoor/Higher-Risk,False,None,True,
PS00064,25-34,Couple,Visa-Free/On-Arrival,8.3,Morning,February,Checked-Through,3,Budget,Relaxation & Wellness,3,Organic App Search,85.9,High,City/Culture/Shopping,True,True,3,True,City/Culture/Shopping,310.0,32.1,False,3.0,3.0,True,True,True,False,City/Culture/Shopping,City/Culture/Shopping,8.3,310.0,False,False,3.0,Budget,408.00000000000006,High,True,True,True,0.0,Mid,Completed,Outdoor/Higher-Risk,False,Medium,True,1.0
PS00065,25-34,Friends/Group,Transit-Visa-Required,5.0,Morning,April,Carry-On Only,2,Mid-Range,Shopping,2,Organic App Search,63.8,Medium,Indoor Micro-Experience,True,True,0,False,,,,,,,True,True,False,,Indoor Micro-Experience,,5.0,,False,False,2.0,Mid-Range,210.0,Medium,False,False,False,,No Spend,Eligibility Checked,Indoor/Moderate-Risk,False,None,True,
PS00066,35-44,Friends/Group,Visa-Free/On-Arrival,5.8,Night,November,Needs Storage,3,Premium,Family/Indoor,4,Word of Mouth/Referral,78.3,High,Premium Fast-Track/Chauffeur,True,True,1,True,Premium Fast-Track/Chauffeur,1263.0,47.4,True,4.0,4.0,True,True,True,True,Premium Fast-Track/Chauffeur,Premium Fast-Track/Chauffeur,5.8,1263.0,False,False,3.0,Premium,258.0,High,True,True,True,0.0,High,Completed,Outdoor/Higher-Risk,False,Low,True,1.0
PS00067,18-24,Solo,Transit-Visa-Required,8.2,Evening,June,Checked-Through,3,Mid-Range,Shopping,2,Social Media,68.4,Medium,Indoor Micro-Experience,True,True,2,False,,,,,,,True,True,False,,Indoor Micro-Experience,,8.2,,False,False,3.0,Mid-Range,401.99999999999994,Medium,False,True,False,,No Spend,Package Viewed,Indoor/Moderate-Risk,False,Low,True,
PS00068,45-54,Solo,Visa-Free/On-Arrival,10.5,Morning,March,Carry-On Only,5,Budget,Shopping,3,Word of Mouth/Referral,75.3,High,City/Culture/Shopping,True,True,3,False,,,,,,,True,True,False,,City/Culture/Shopping,,10.5,,False,False,5.0,Budget,540.0,High,False,True,False,,No Spend,Package Viewed,Outdoor/Higher-Risk,False,Medium,True,
PS00069,18-24,Solo,Visa-Free/On-Arrival,9.1,Afternoon,March,Carry-On Only,5,Budget,Shopping,4,Airline Partner,75.3,High,City/Culture/Shopping,True,True,0,True,City/Culture/Shopping,364.0,29.3,False,4.0,4.0,True,True,True,False,City/Culture/Shopping,City/Culture/Shopping,9.1,364.0,False,False,5.0,Budget,456.0,High,True,False,True,0.0,Mid,Completed,Outdoor/Higher-Risk,False,None,True,1.0
PS00070,55+,Family with kids,Visa-Free/On-Arrival,5.3,Afternoon,June,Checked-Through,2,Budget,Culture & Heritage,5,Word of Mouth/Referral,82.4,High,City / Culture / Shopping,True,True,1,True,City/Culture/Shopping,322.0,54.4,True,4.0,4.0,True,True,True,True,City/Culture/Shopping,City/Culture/Shopping,5.3,322.0,False,False,2.0,Budget,228.0,High,True,True,True,0.0,Mid,Completed,Outdoor/Higher-Risk,False,Low,True,1.0
PS00071,45-54,Family with kids,Visa-Free/On-Arrival,4.1,Evening,January,Carry-On Only,4,Premium,Shopping,3,Airline Partner,67.9,Medium,Indoor Micro-Experience,True,yes ,3,True,Airport Lounge/Relaxation,,52.9,True,2.0,1.0,True,True,True,True,Indoor Micro-Experience,Airport Lounge/Relaxation,4.1,,False,False,4.0,Premium,155.99999999999997,Medium,True,True,True,0.0,No Spend,Completed,Indoor/Moderate-Risk,False,Medium,False,0.0
PS00072,25-34,Solo,Visa-Free/On-Arrival,3.9,Afternoon,January,Checked-Through,4,Budget,Culture & Heritage,4,Word of Mouth/Referral,71.6,High,City/Culture/Shopping,True,True,0,True,City / Culture / Shopping,431.0,58.3,True,5.0,5.0,True,True,True,True,City/Culture/Shopping,City/Culture/Shopping,3.9,431.0,False,False,4.0,Budget,144.0,High,True,False,True,1.0,Mid,Completed,Outdoor/Higher-Risk,False,None,False,1.0
PS00073,18-24,Couple,Transit-Visa-Required,13.6,Morning,May,Checked-Through,4,Budget,Family/Indoor,2,Social Media,63.8,Medium,Airport Lounge/Relaxation,True,True,3,False,,,,,,,True,True,False,,Airport Lounge/Relaxation,,13.6,,False,False,4.0,Budget,726.0,Medium,False,True,False,,No Spend,Package Viewed,Airside/Low-Risk,False,Medium,True,
PS00074,45-54,Family with kids,Visa-Free/On-Arrival,12.7,Evening,January,Checked-Through,3,Budget,Culture & Heritage,2,Airline Partner,75.9,High,City/Culture/Shopping,True,True,2,True,City/Culture/Shopping,445.0,7.5,True,3.0,3.0,True,True,True,True,City/Culture/Shopping,City/Culture/Shopping,12.7,445.0,False,False,3.0,Budget,672.0,High,True,True,True,0.0,Mid,Completed,Outdoor/Higher-Risk,False,Low,True,1.0
PS00075,35-44,FAMILY WITH KIDS,Transit-Visa-Required,9.9,Afternoon,October,Checked-Through,1,Premium,Relaxation & Wellness,3,Word of Mouth/Referral,88.0,High,Premium Fast-Track/Chauffeur,True,0,3,False,,,,,,,True,False,False,,Premium Fast-Track/Chauffeur,,9.9,,False,False,1.0,Premium,504.0,High,False,True,False,,No Spend,Package Viewed,Outdoor/Higher-Risk,True,Medium,True,
PS00076,35-44,Couple,Visa-Free/On-Arrival,13.5,Morning,August,Carry-On Only,4,Mid-Range,Relaxation & Wellness,3,Social Media,82.6,High,Indoor Micro-Experience,True,True,3,True,  Premium Fast-Track/Chauffeur ,1486.0,21.3,True,,3.0,True,True,True,True,Indoor Micro-Experience,Premium Fast-Track/Chauffeur,13.5,1486.0,False,False,4.0,Mid-Range,720.0,High,True,True,True,0.0,High,Booked,Indoor/Moderate-Risk,False,Medium,True,0.0
PS00077,45-54,Couple,Visa-Free/On-Arrival,6.9,Afternoon,February,Checked-Through,2,Premium,Relaxation & Wellness,4,Travel Agent,93.7,High,Premium Fast-Track/Chauffeur,True,True,3,True,Premium Fast-Track/Chauffeur,2184.0,36.5,True,4.0,3.0,True,True,True,True,Premium Fast-Track/Chauffeur,Premium Fast-Track/Chauffeur,6.9,2184.0,False,False,2.0,Premium,324.0,High,True,True,True,0.0,High,Completed,Outdoor/Higher-Risk,True,Medium,True,1.0
PS00078,18-24,Couple,Visa-Free/On-Arrival,12.0,Afternoon,June,Checked-Through,2,Mid-Range,Active/City,4,Airport Signage,88.8,High,City/Culture/Shopping,True,True,4,True,City/Culture/Shopping,450.0,11.9,True,5.0,5.0,True,True,True,True,City/Culture/Shopping,City/Culture/Shopping,12.0,450.0,False,False,2.0,Mid-Range,630.0,High,True,True,True,0.0,Mid,Completed,Outdoor/Higher-Risk,False,Medium,True,1.0
PS00079,25-34,Solo,Transit-Visa-Required,10.2,Afternoon,October,Checked-Through,4,Mid-Range,Shopping,2,Word of Mouth/Referral,69.6,High,City/Culture/Shopping,True,True,0,True,City/Culture/Shopping,350.0,24.0,False,4.0,4.0,True,True,True,False,City/Culture/Shopping,City/Culture/Shopping,10.2,350.0,False,False,4.0,Mid-Range,522.0,High,True,False,True,0.0,Mid,Completed,Outdoor/Higher-Risk,False,None,True,1.0
PS00080,18-24,COUPLE,Visa-Free/On-Arrival,12.2,Morning,October,Carry-On Only,5,Budget,Shopping,4,Social Media,71.5,High,City/Culture/Shopping,yes ,True,2,True,Stay Airside,0.0,0.0,True,3.0,3.0,True,True,True,True,City/Culture/Shopping,Stay Airside,12.2,0.0,False,False,5.0,Budget,642.0,High,True,True,True,0.0,Low,Completed,Outdoor/Higher-Risk,False,Low,True,0.0
PS00081,45-54,Family with kids,Transit-Visa-Required,3.6,Afternoon,May,Carry-On Only,2,Budget,Family/Indoor,2,Airport Signage,53.3,Medium,Airport Lounge/Relaxation,True,True,1,True,City/Culture/Shopping,267.0,55.1,False,1.0,1.0,True,True,True,False,Airport Lounge/Relaxation,City/Culture/Shopping,3.6,267.0,False,False,2.0,Budget,126.0,Medium,True,True,True,1.0,Low,Completed,Airside/Low-Risk,False,Low,False,0.0
PS00082,35-44,Friends/Group,Visa-Free/On-Arrival,2.0,Morning,October,Carry-On Only,4,Mid-Range,Family/Indoor,2,Social Media,52.9,Medium,Indoor Micro-Experience,True,Y,2,False,,,,,,,True,True,False,,Indoor Micro-Experience,,2.0,,False,False,4.0,Mid-Range,30.0,Medium,False,True,False,,No Spend,Package Viewed,Indoor/Moderate-Risk,False,Low,False,
PS00083,25-34,Couple,Transit-Visa-Required,8.7,Evening,December,Checked-Through,3,Premium,Family/Indoor,1,Travel Agent,72.3,High,Premium Fast-Track/Chauffeur,True,True,1,True,Premium Fast-Track/Chauffeur,2354.0,20.8,True,4.0,4.0,True,True,True,True,Premium Fast-Track/Chauffeur,Premium Fast-Track/Chauffeur,8.7,2354.0,False,False,3.0,Premium,432.0,High,True,True,True,0.0,High,Completed,Outdoor/Higher-Risk,False,Low,True,1.0
PS00084,18-24,Family with kids,VISA-FREE/ON-ARRIVAL,6.0,Morning,December,Carry-On Only,5,Budget,Shopping,4,Travel Agent,67.0,Medium,Airport Lounge/Relaxation,True,True,2,False,,,,,,,True,True,False,,Airport Lounge/Relaxation,,6.0,,False,False,5.0,Budget,270.0,Medium,False,True,False,,No Spend,Package Viewed,Airside/Low-Risk,False,Low,False,
PS00085,25-34,Solo,Transit-Visa-Required,2.0,Morning,April,Checked-Through,3,Budget,Family/Indoor,3,Airport Signage,45.3,Medium,Airport Lounge/Relaxation,True,True,1,True,Airport Lounge/Relaxation,143.0,56.5,True,4.0,3.0,True,True,True,True,Airport Lounge/Relaxation,Airport Lounge/Relaxation,2.0,143.0,False,False,3.0,Budget,30.0,Medium,True,True,True,1.0,Low,Completed,Airside/Low-Risk,False,Low,False,1.0
PS00086,25-34,Couple,Transit-Visa-Required,14.8,Evening,January,Checked-Through,2,Mid-Range,Active/City,2,Airport Signage,77.9,High,City/Culture/Shopping,True,Y,4,True,City/Culture/Shopping,317.0,15.8,False,4.0,5.0,True,True,True,False,City/Culture/Shopping,City/Culture/Shopping,14.8,317.0,False,False,2.0,Mid-Range,798.0,High,True,True,True,0.0,Mid,Completed,Outdoor/Higher-Risk,False,Medium,True,1.0
PS00087,35-44,Solo,Not-Eligible,12.7,Evening,March,Checked-Through,2,Budget,Culture & Heritage,3,Social Media,30.0,Low,Stay Airside,True,True,2,False,,,,,,,True,True,False,,Stay Airside,,12.7,,False,False,2.0,Budget,672.0,Low,False,True,False,,No Spend,Package Viewed,Airside/Low-Risk,False,Low,False,
PS00088,35-44,Solo,Visa-Free/On-Arrival,9.2,Evening,December,Checked-Through,3,Mid-Range,Active/City,3,Organic App Search,82.1,High,City/Culture/Shopping,True,yes ,1,True,City/Culture/Shopping,433.0,24.3,True,4.0,4.0,True,True,True,True,City/Culture/Shopping,City/Culture/Shopping,9.2,433.0,False,False,3.0,Mid-Range,462.0,High,True,True,True,0.0,Mid,Completed,Outdoor/Higher-Risk,False,Low,True,1.0
PS00089,45-54,Family with kids,Visa-Free/On-Arrival,4.2,Afternoon,April,Carry-On Only,2,Budget,Culture & Heritage,4,Travel Agent,74.3,High,City/Culture/Shopping,TRUE,True,1,False,,,,,,,True,True,False,,City/Culture/Shopping,,4.2,,False,False,2.0,Budget,162.0,High,False,True,False,,No Spend,Package Viewed,Outdoor/Higher-Risk,False,Low,False,
PS00090,25-34,Friends/Group,Visa-Free/On-Arrival,2.0,Morning,February,Needs Storage,1,Budget,Shopping,3,Airport Signage,62.9,Medium,Airport Lounge/Relaxation,True,True,1,True,Airport Lounge/Relaxation,222.0,65.7,False,2.0,2.0,True,True,True,False,Airport Lounge/Relaxation,Airport Lounge/Relaxation,2.0,222.0,False,False,1.0,Budget,30.0,Medium,True,True,True,1.0,Low,Completed,Airside/Low-Risk,False,Low,False,1.0
PS00091,18-24,Solo,Transit-Visa-Required,2.0,Evening,December,Carry-On Only,4,Budget,Culture & Heritage,1,Airport Signage,34.0,Low,stay airside,True,True,3,N,,,,,,,True,True,False,,Stay Airside,,2.0,,False,False,4.0,Budget,30.0,Low,False,True,False,,No Spend,Package Viewed,Airside/Low-Risk,False,Medium,False,
PS00092,35-44,Couple,Visa-Free/On-Arrival,5.2,Evening,February,Checked-Through,3,Mid-Range,Family/Indoor,5,Social Media,78.6,High,City/Culture/Shopping,True,True,4,True,City/Culture/Shopping,531.0,51.0,True,4.0,4.0,True,True,True,True,City/Culture/Shopping,City/Culture/Shopping,5.2,531.0,False,False,3.0,Mid-Range,222.0,High,True,True,True,0.0,Mid,Completed,Outdoor/Higher-Risk,False,Medium,True,1.0
PS00093,45-54,Family with kids,Transit-Visa-Required,11.1,Morning,February,Checked-Through,4,Mid-Range,Family/Indoor,1,Word of Mouth/Referral,69.5,High,Indoor Micro-Experience,Y,True,1,True,Indoor Micro-Experience,425.0,8.0,True,3.0,3.0,True,True,True,True,Indoor Micro-Experience,Indoor Micro-Experience,11.1,425.0,False,False,4.0,Mid-Range,576.0,High,True,True,True,0.0,Mid,Completed,Indoor/Moderate-Risk,False,Low,True,1.0
PS00094,35-44,Solo,Visa-Free/On-Arrival,6.0,Night,November,Checked-Through,2,Budget,Family/Indoor,4,Airline Partner,74.5,High,City/Culture/Shopping,True,True,1,False,,,,,,,True,True,False,,City/Culture/Shopping,,6.0,,False,False,2.0,Budget,270.0,High,False,True,False,,No Spend,Package Viewed,Outdoor/Higher-Risk,False,Low,True,
PS00095,45-54,Couple,Visa-Free/On-Arrival,10.0,Morning,January,Carry-On Only,4,Premium,Family/Indoor,3,Travel Agent,76.6,High,Indoor Micro-Experience,True,False,4,False,,,,,,,True,False,False,,Indoor Micro-Experience,,10.0,,False,False,4.0,Premium,510.0,High,False,True,False,,No Spend,Package Viewed,Indoor/Moderate-Risk,True,Medium,True,
PS00096,25-34,Family with kids,Visa-Free/On-Arrival,10.3,Night,October,Carry-On Only,3,,Shopping,2,Airport Signage,77.4,High,City/Culture/Shopping,True,True,2,False,,,,,,,True,True,False,,City/Culture/Shopping,,10.3,,False,True,3.0,Unknown,528.0,High,False,True,False,,No Spend,Package Viewed,Outdoor/Higher-Risk,False,Low,True,
PS00097,35-44,Couple,Not-Eligible,11.0,Night,February,Needs Storage,,Budget,Culture & Heritage,4,Airline Partner,30.0,Low,Stay Airside,True,True,2,True,Stay Airside,0.0,3.3,True,4.0,4.0,True,True,True,True,Stay Airside,Stay Airside,11.0,0.0,True,False,,Budget,570.0,Low,True,True,True,0.0,Low,Completed,Airside/Low-Risk,False,Low,False,1.0
PS00098,25-34,Solo,Transit-Visa-Required,2.0,Evening,June,Checked-Through,3,Mid-Range,Culture & Heritage,2,Airline Partner,48.7,Medium,Indoor Micro-Experience,True,True,5,True,Indoor Micro-Experience,290.0,57.8,True,5.0,5.0,True,True,True,True,Indoor Micro-Experience,Indoor Micro-Experience,2.0,290.0,False,False,3.0,Mid-Range,30.0,Medium,True,True,True,1.0,Low,Completed,Indoor/Moderate-Risk,False,High,False,1.0
PS00099,18-24,Solo,Not-Eligible,4.5,Night,March,Carry-On Only,1,Budget,Active/City,5,Word of Mouth/Referral,30.0,Low,  Stay Airside ,True,True,0,False,,,,,,,True,True,False,,Stay Airside,,4.5,,False,False,1.0,Budget,180.0,Low,False,False,False,,No Spend,Eligibility Checked,Airside/Low-Risk,False,None,False,
PS00100,18-24,Family with kids,Visa-Free/On-Arrival,9.9,Evening,October,Carry-On Only,4,Mid-Range,culture & heritage,2,Organic App Search,70.9,High,City/Culture/Shopping,True,True,5,True,city/culture/shopping,596.0,30.0,True,5.0,5.0,True,True,True,True,City/Culture/Shopping,City/Culture/Shopping,9.9,596.0,False,False,4.0,Mid-Range,504.0,High,True,True,True,0.0,Mid,Completed,Outdoor/Higher-Risk,False,High,True,1.0
PS00101,18-24,COUPLE,Transit-Visa-Required,16.6,Morning,May,Needs Storage,4,Premium,Active/City,3,Airline Partner,70.9,High,Premium Fast-Track/Chauffeur,TRUE,True,3,True,Premium Fast-Track/Chauffeur,2517.0,11.6,True,4.0,4.0,True,True,True,True,Premium Fast-Track/Chauffeur,Premium Fast-Track/Chauffeur,16.6,2517.0,False,False,4.0,Premium,906.0000000000001,High,True,True,True,0.0,High,Completed,Outdoor/Higher-Risk,True,Medium,True,1.0
PS00102,35-44,Solo,Transit-Visa-Required,14.1,Afternoon,January,Carry-On Only,3,Mid-Range,Culture & Heritage,4,Social Media,72.6,High,City/Culture/Shopping,True,True,0,True,City/Culture/Shopping,347.0,13.1,True,,5.0,True,True,True,True,City/Culture/Shopping,City/Culture/Shopping,14.1,347.0,False,False,3.0,Mid-Range,756.0,High,True,False,True,0.0,Mid,Booked,Outdoor/Higher-Risk,False,None,True,1.0
PS00103,25-34,Family with kids,Visa-Free/On-Arrival,8.9,Morning,August,Carry-On Only,2,Mid-Range,Shopping,1,Airline Partner,77.4,High,City/Culture/Shopping,True,True,2,True,City/Culture/Shopping,552.0,27.0,True,4.0,4.0,True,True,True,True,City/Culture/Shopping,City/Culture/Shopping,8.9,552.0,False,False,2.0,Mid-Range,444.0,High,True,True,True,0.0,Mid,Completed,Outdoor/Higher-Risk,False,Low,True,1.0
PS00104,35-44,Solo,Transit-Visa-Required,14.9,Afternoon,April,Carry-On Only,2,Mid-Range,Shopping,3,Word of Mouth/Referral,80.4,High,City/Culture/Shopping,True,True,1,FALSE,,,,,,,True,True,False,,City/Culture/Shopping,,14.9,,False,False,2.0,Mid-Range,804.0,High,False,True,False,,No Spend,Package Viewed,Outdoor/Higher-Risk,False,Low,True,
PS00105,55+,Family with kids,Not-Eligible,8.9,Evening,September,Carry-On Only,3,Budget,Culture & Heritage,5,Travel Agent,30.0,Low,STAY AIRSIDE,True,True,0,no ,,,,,,,True,True,False,,Stay Airside,,8.9,,False,False,3.0,Budget,444.0,Low,False,False,False,,No Spend,Eligibility Checked,Airside/Low-Risk,False,None,False,
PS00106,25-34,Solo,Not-Eligible,2.4,Afternoon,April,Checked-Through,,Mid-Range,Active/City,4,Airport Signage,30.0,Low,Stay Airside,Yes,True,0,False,,,,,,,True,True,False,,Stay Airside,,2.4,,True,False,,Mid-Range,54.0,Low,False,False,False,,No Spend,Eligibility Checked,Airside/Low-Risk,False,None,False,
PS00107,25-34,Friends/Group,Transit-Visa-Required,10.9,Afternoon,February,CHECKED-THROUGH,2,Budget,Relaxation & Wellness,3,Airline Partner,78.6,High,  City/Culture/Shopping ,True,True,2,True,City/Culture/Shopping,382.0,14.9,True,3.0,3.0,True,True,True,True,City/Culture/Shopping,City/Culture/Shopping,10.9,382.0,False,False,2.0,Budget,564.0,High,True,True,True,0.0,Mid,Completed,Outdoor/Higher-Risk,False,Low,True,1.0
PS00108,45-54,Solo,Visa-Free/On-Arrival,14.3,Evening,March,Checked-Through,1,Premium,Active/City,4,Word of Mouth/Referral,92.5,High,Premium Fast-Track/Chauffeur,True,True,3,True,Premium Fast-Track/Chauffeur,1096.0,4.2,True,5.0,5.0,True,True,True,True,Premium Fast-Track/Chauffeur,Premium Fast-Track/Chauffeur,14.3,1096.0,False,False,1.0,Premium,768.0,High,True,True,True,0.0,High,Completed,Outdoor/Higher-Risk,True,Medium,True,1.0
PS00109,25-34,Solo,Visa-Free/On-Arrival,19.5,Night,May,Checked-Through,3,Budget,Relaxation & Wellness,5,Travel Agent,88.2,High,City/Culture/Shopping,True,True,2,True,Airport Lounge/Relaxation,144.0,0.0,True,2.0,2.0,True,True,True,True,City/Culture/Shopping,Airport Lounge/Relaxation,19.5,144.0,False,False,3.0,Budget,1080.0,High,True,True,True,0.0,Low,Completed,Outdoor/Higher-Risk,False,Low,True,0.0
PS00110,18-24,Solo,Not-Eligible,5.1,Morning,December,Carry-On Only,3,Mid-Range,family/indoor,2,Airline Partner,30.0,Low,Stay Airside,True,True,2,False,,,,,,,True,True,False,,Stay Airside,,5.1,,False,False,3.0,Mid-Range,216.0,Low,False,True,False,,No Spend,Package Viewed,Airside/Low-Risk,False,Low,False,
PS00111,25-34,Solo,Visa-Free/On-Arrival,3.3,Afternoon,October,Checked-Through,2,Premium,Relaxation & Wellness,3,Social Media,72.7,High,Premium Fast-Track/Chauffeur,True,True,6,True,Premium Fast-Track/Chauffeur,1845.0,52.5,True,4.0,,True,True,True,True,Premium Fast-Track/Chauffeur,Premium Fast-Track/Chauffeur,3.3,1845.0,False,False,2.0,Premium,108.0,High,True,True,True,0.0,High,Completed,Outdoor/Higher-Risk,True,High,False,1.0
PS00112,18-24,Friends/Group,Transit-Visa-Required,12.1,Morning,June,Checked-Through,3,Mid-Range,Family/Indoor,2,Word of Mouth/Referral,71.8,High,Culture & Shopping,True,True,3,False,,,,,,,True,True,False,,City/Culture/Shopping,,12.1,,False,False,3.0,Mid-Range,636.0,High,False,True,False,,No Spend,Package Viewed,Outdoor/Higher-Risk,False,Medium,True,
PS00113,55+,Friends/Group,Transit-Visa-Required,9.5,Evening,July,Checked-Through,3,Premium,Relaxation & Wellness,5,Social Media,81.7,High,Premium Fast-Track/Chauffeur,True,True,2,False,,,,,,,True,True,False,,Premium Fast-Track/Chauffeur,,9.5,,False,False,3.0,Premium,480.0,High,False,True,False,,No Spend,Package Viewed,Outdoor/Higher-Risk,True,Low,True,
PS00114,45-54,Solo,Transit-Visa-Required,9.0,Morning,April,Carry-On Only,3,Mid-Range,Culture & Heritage,4,Airport Signage,75.8,High,City/Culture/Shopping,True,True,5,True,City/Culture/Shopping,459.0,34.3,True,5.0,5.0,True,True,True,True,City/Culture/Shopping,City/Culture/Shopping,9.0,459.0,False,False,3.0,Mid-Range,450.0,High,True,True,True,0.0,Mid,Completed,Outdoor/Higher-Risk,False,High,True,1.0
PS00115,35-44,Couple,Not-Eligible,15.0,Evening,July,Checked-Through,3,Budget,Culture & Heritage,4,Social Media,30.0,Low,Stay Airside,True,True,0,no ,,,,,,,True,True,False,,Stay Airside,,15.0,,False,False,3.0,Budget,810.0,Low,False,False,False,,No Spend,Eligibility Checked,Airside/Low-Risk,False,None,False,
PS00116,45-54,Family with kids,Visa-Free/On-Arrival,12.0,Afternoon,October,Checked-Through,4,Premium,Family/Indoor,5,Social Media,82.8,High,Indoor Micro-Experience,True,1,1,True,indoor micro-experience,527.0,2.2,True,3.0,3.0,True,True,True,True,Indoor Micro-Experience,Indoor Micro-Experience,12.0,527.0,False,False,4.0,Premium,630.0,High,True,True,True,0.0,Mid,Completed,Indoor/Moderate-Risk,False,Low,True,1.0
PS00117,45-54,Friends/Group,Visa-Free/On-Arrival,10.1,Morning,March,Checked-Through,1,Budget,Shopping,2,Social Media,76.3,High,City/Culture/Shopping,True,TRUE,3,True,City/Culture/Shopping,310.0,17.0,True,4.0,3.0,True,True,True,True,City/Culture/Shopping,City/Culture/Shopping,10.1,310.0,False,False,1.0,Budget,516.0,High,True,True,True,0.0,Mid,Completed,Outdoor/Higher-Risk,False,Medium,True,1.0
PS00118,25-34,Couple,Visa-Free/On-Arrival,5.6,Night,July,Checked-Through,2,Budget,Family/Indoor,1,Organic App Search,68.1,Medium,Airport Lounge/Relaxation,True,True,2,no ,,,,,,,True,True,False,,Airport Lounge/Relaxation,,5.6,,False,False,2.0,Budget,246.0,Medium,False,True,False,,No Spend,Package Viewed,Airside/Low-Risk,False,Low,True,
PS00119,45-54,Solo,Visa-Free/On-Arrival,11.5,Morning,April,Carry-On Only,3,Mid-Range,Active/City,2,Airline Partner,79.4,High,City/Culture/Shopping,True,TRUE,5,True,City/Culture/Shopping,442.0,20.4,False,3.0,3.0,True,True,True,False,City/Culture/Shopping,City/Culture/Shopping,11.5,442.0,False,False,3.0,Mid-Range,600.0,High,True,True,True,0.0,Mid,Completed,Outdoor/Higher-Risk,False,High,True,1.0
PS00120,35-44,Couple,Visa-Free/On-Arrival,3.2,Afternoon,August,Checked-Through,3,Mid-Range,Family/Indoor,3,Social Media,64.8,Medium,INDOOR MICRO-EXPERIENCE,True,False,3,True,Indoor Micro-Experience,295.0,56.1,True,4.0,4.0,True,False,True,True,Indoor Micro-Experience,Indoor Micro-Experience,3.2,295.0,False,False,3.0,Mid-Range,102.0,Medium,True,True,True,1.0,Low,Completed,Indoor/Moderate-Risk,False,Medium,False,1.0
PS00121,45-54,Family with kids,Visa-Free/On-Arrival,8.9,Morning,September,Carry-On Only,3,Premium,Family/Indoor,4,Airline Partner,82.1,High,Premium Fast-Track/Chauffeur,True,True,3,True,Premium Fast-Track/Chauffeur,2099.0,19.7,1,4.0,3.0,True,True,True,True,Premium Fast-Track/Chauffeur,Premium Fast-Track/Chauffeur,8.9,2099.0,False,False,3.0,Premium,444.0,High,True,True,True,0.0,High,Completed,Outdoor/Higher-Risk,True,Medium,True,1.0
PS00122,45-54,Solo,Transit-Visa-Required,7.3,Afternoon,July,Carry-On Only,4,Premium,Shopping,4,Airline Partner,79.0,High,  Indoor Micro-Experience ,True,True,3,True,Indoor Micro-Experience,518.0,34.1,False,,4.0,True,True,True,False,Indoor Micro-Experience,Indoor Micro-Experience,7.3,518.0,False,False,4.0,Premium,348.0,High,True,True,True,0.0,Mid,Booked,Indoor/Moderate-Risk,True,Medium,True,1.0
PS00123,25-34,Couple,Not-Eligible,2.3,Afternoon,August,Needs Storage,5,Premium,Relaxation & Wellness,3,Travel Agent,30.0,Low,Stay Airside,True,True,5,False,,,,,,,True,True,False,,Stay Airside,,2.3,,False,False,5.0,Premium,48.0,Low,False,True,False,,No Spend,Package Viewed,Airside/Low-Risk,False,High,False,
PS00124,18-24,Solo,VISA-FREE/ON-ARRIVAL,9.6,Afternoon,August,Checked-Through,2,Budget,Culture & Heritage,3,Organic App Search,86.4,High,City/Culture/Shopping,True,True,3,False,,,,,,,True,True,False,,City/Culture/Shopping,,9.6,,False,False,2.0,Budget,486.0,High,False,True,False,,No Spend,Package Viewed,Outdoor/Higher-Risk,False,Medium,False,
PS00125,25-34,Family with kids,Visa-Free/On-Arrival,5.1,Morning,February,Checked-Through,4,Mid-Range,Active/City,4,Airline Partner,70.9,High,city/culture/shopping,True,True,6,True,City/Culture/Shopping,470.0,59.7,True,4.0,4.0,True,True,True,True,City/Culture/Shopping,City/Culture/Shopping,5.1,470.0,False,False,4.0,Mid-Range,216.0,High,True,True,True,1.0,Mid,Completed,Outdoor/Higher-Risk,False,High,True,1.0
PS00126,25-34,Solo,Not-Eligible,9.4,Afternoon,September,Checked-Through,3,Mid-Range,Active/City,2,Organic App Search,30.0,Low,Stay Airside,True,True,1,True,Premium Fast Track,1667.0,26.0,True,3.0,3.0,True,True,True,True,Stay Airside,Premium Fast-Track/Chauffeur,9.4,1667.0,False,False,3.0,Mid-Range,474.0,Low,True,True,True,0.0,High,Completed,Airside/Low-Risk,False,Low,False,0.0
PS00127,45-54,Couple,Visa-Free/On-Arrival,3.9,Evening,June,Checked-Through,2,Premium,Active/City,2,Airport Signage,72.4,High,Premium Fast-Track/Chauffeur,True,True,2,True,PREMIUM FAST-TRACK/CHAUFFEUR,2490.0,56.3,True,4.0,4.0,True,True,True,True,Premium Fast-Track/Chauffeur,Premium Fast-Track/Chauffeur,3.9,2490.0,False,False,2.0,Premium,144.0,High,True,True,True,1.0,High,Completed,Outdoor/Higher-Risk,True,Low,False,1.0
PS00128,45-54,Couple,Visa-Free/On-Arrival,-3.0,Evening,November,Carry-On Only,5,Budget,Shopping,3,Airport Signage,75.5,High,City/Culture/Shopping,True,True,1,True,Indoor Micro-Experience,238.0,8.3,True,2.0,1.0,True,True,True,True,City/Culture/Shopping,Indoor Micro-Experience,,238.0,False,False,5.0,Budget,,High,True,True,True,0.0,Low,Completed,Outdoor/Higher-Risk,False,Low,False,0.0
PS00129,18-24,Couple,Visa-Free/On-Arrival,18.1,Afternoon,April,Checked-Through,4,Budget,Culture & Heritage,3,Airline Partner,80.3,High,City/Culture/Shopping,True,True,1,True,City/Culture/Shopping,486.0,20.0,True,4.0,4.0,True,True,True,True,City/Culture/Shopping,City/Culture/Shopping,18.1,486.0,False,False,4.0,Budget,996.0,High,True,True,True,0.0,Mid,Completed,Outdoor/Higher-Risk,False,Low,True,1.0
PS00130,35-44,SOLO,Transit-Visa-Required,3.2 hrs,Evening,May,Checked-Through,5,Premium,Active/City,5,Social Media,57.5,Medium,Indoor Micro-Experience,True,True,5,False,,,,,,,True,True,False,,Indoor Micro-Experience,,3.2,,False,False,5.0,Premium,102.0,Medium,False,True,False,,No Spend,Package Viewed,Indoor/Moderate-Risk,False,High,False,
PS00131,25-34,Couple,Visa-Free/On-Arrival,3.9,Morning,October,Needs Storage,2,Budget,Relaxation & Wellness,3,Social Media,65.7,Medium,Airport Lounge/Relaxation,True,True,2,True,Airport Lounge/Relaxation,201.0,58.2,True,3.0,3.0,True,True,True,True,Airport Lounge/Relaxation,Airport Lounge/Relaxation,3.9,201.0,False,False,2.0,Budget,144.0,Medium,True,True,True,1.0,Low,Completed,Airside/Low-Risk,False,Low,False,1.0
PS00132,25-34,Couple,NOT-ELIGIBLE,2.8,Afternoon,May,Carry-On Only,2,Mid-Range,Active/City,4,Airport Signage,30.0,Low,Stay Airside,True,True,1,False,,,,,,,True,True,False,,Stay Airside,,2.8,,False,False,2.0,Mid-Range,78.0,Low,False,True,False,,No Spend,Package Viewed,Airside/Low-Risk,False,Low,False,
PS00133,18-24,Couple,Visa-Free/On-Arrival,6.5,Morning,July,Checked-Through,3,Budget,Family/Indoor,3,Social Media,75.8,High,City/Culture/Shopping,True,True,1,True,City/Culture/Shopping,430.0,39.2,True,5.0,5.0,True,True,True,True,City/Culture/Shopping,City/Culture/Shopping,6.5,430.0,False,False,3.0,Budget,300.0,High,True,True,True,0.0,Mid,Completed,Outdoor/Higher-Risk,False,Low,True,1.0
PS00134,25-34,Couple,Visa-Free/On-Arrival,9.3,Morning,September,Checked-Through,4,Mid-Range,Family/Indoor,1,Social Media,69.2,High,Indoor Micro-Experience,True,True,2,True,Indoor Micro-Experience,414.0,19.3,False,3.0,2.0,True,True,True,False,Indoor Micro-Experience,Indoor Micro-Experience,9.3,414.0,False,False,4.0,Mid-Range,468.0,High,True,True,True,0.0,Mid,Completed,Indoor/Moderate-Risk,False,Low,True,1.0
PS00135,55+,Family with kids,Visa-Free/On-Arrival,11.1,Morning,July,Checked-Through,2,,Shopping,1,Social Media,75.2,High,City/Culture/Shopping,True,True,3,True,City/Culture/Shopping,491.0,19.4,True,4.0,4.0,True,True,True,True,City/Culture/Shopping,City/Culture/Shopping,11.1,491.0,False,True,2.0,Unknown,576.0,High,True,True,True,0.0,Mid,Completed,Outdoor/Higher-Risk,False,Medium,True,1.0
PS00136,25-34,Family with kids,Visa-Free/On-Arrival,8.7,Afternoon,September,Needs Storage,5,Budget,Relaxation & Wellness,2,Airport Signage,76.2,High,City/Culture/Shopping,True,False,0,False,,,,,,,True,False,False,,City/Culture/Shopping,,8.7,,False,False,5.0,Budget,432.0,High,False,False,False,,No Spend,App Viewed,Outdoor/Higher-Risk,False,None,True,
PS00137,35-44,Solo,Transit-Visa-Required,10.9,Evening,April,Carry-On Only,3,Mid-Range,Relaxation & Wellness,2,Word of Mouth/Referral,77.3,High,City / Culture / Shopping,True,True,4,True,City/Culture/Shopping,492.0,18.5,True,3.0,3.0,True,True,True,True,City/Culture/Shopping,City/Culture/Shopping,10.9,492.0,False,False,3.0,Mid-Range,564.0,High,True,True,True,0.0,Mid,Completed,Outdoor/Higher-Risk,False,Medium,True,1.0
PS00138,35-44,Family with kids,Transit-Visa-Required,7.2,Night,October,Carry-On Only,3,Budget,SHOPPING,3,Travel Agent,72.7,High,City/Culture/Shopping,True,True,4,True,City/Culture/Shopping,441.0,42.4,True,4.0,4.0,True,True,True,True,City/Culture/Shopping,City/Culture/Shopping,7.2,441.0,False,False,3.0,Budget,342.0,High,True,True,True,0.0,Mid,Completed,Outdoor/Higher-Risk,False,Medium,True,1.0
PS00139,25-34,Couple,Transit-Visa-Required,5.1,Morning,October,Needs Storage,4,Budget,Shopping,3,Airline Partner,57.5,Medium,Airport Lounge/Relaxation,True,True,1,True,Airport Lounge/Relaxation,134.0,53.4,True,4.0,3.0,True,True,True,True,Airport Lounge/Relaxation,Airport Lounge/Relaxation,5.1,134.0,False,False,4.0,Budget,216.0,Medium,True,True,True,0.0,Low,Completed,Airside/Low-Risk,False,Low,True,1.0
PS00140,55+,Solo,Transit-Visa-Required,4.0,Evening,April,Checked-Through,4,Budget,Family/Indoor,4,Airport Signage,59.2,Medium,Airport Lounge/Relaxation,True,False,1,False,,,,,,,True,False,False,,Airport Lounge/Relaxation,,4.0,,False,False,4.0,Budget,150.0,Medium,False,True,False,,No Spend,Package Viewed,Airside/Low-Risk,False,Low,False,
PS00141,55+,Solo,Not-Eligible,6.7,Evening,June,Checked-Through,1,Mid-Range,Relaxation & Wellness,3,Word of Mouth/Referral,30.0,Low,Stay Airside,True,yes ,1,True,Stay Airside,0.0,27.5,True,4.0,3.0,True,True,True,True,Stay Airside,Stay Airside,6.7,0.0,False,False,1.0,Mid-Range,312.0,Low,True,True,True,0.0,Low,Completed,Airside/Low-Risk,False,Low,False,1.0
PS00142,25-34,Solo,Transit-Visa-Required,4.0,Evening,August,Checked-Through,5,Budget,Shopping,2,Airline Partner,53.4,Medium,Airport Lounge/Relaxation,True,yes ,2,True,Airport Lounge/Relaxation,176.0,41.9,True,3.0,5.0,True,True,True,True,Airport Lounge/Relaxation,Airport Lounge/Relaxation,4.0,176.0,False,False,5.0,Budget,150.0,Medium,True,True,True,0.0,Low,Completed,Airside/Low-Risk,False,Low,False,1.0
PS00143,25-34,Family with kids,Transit-Visa-Required,9.2,Morning,September,Carry-On Only,3,Mid-Range,Shopping,4,Word of Mouth/Referral,75.0,High,City/Culture/Shopping,True,True,2,True,City/Culture/Shopping,589.0,37.1,True,4.0,3.0,True,True,True,True,City/Culture/Shopping,City/Culture/Shopping,9.2,589.0,False,False,3.0,Mid-Range,462.0,High,True,True,True,0.0,Mid,Completed,Outdoor/Higher-Risk,False,Low,True,1.0
PS00144,25-34,Family with kids,Visa-Free/On-Arrival,4.1,Morning,January,Needs Storage,,Mid-Range,Shopping,3,Airport Signage,69.6,High,City/Culture/Shopping,True,Yes,2,False,,,,,,,True,True,False,,City/Culture/Shopping,,4.1,,True,False,,Mid-Range,155.99999999999997,High,False,True,False,,No Spend,Package Viewed,Outdoor/Higher-Risk,False,Low,False,
PS00145,25-34,Family with kids,Visa-Free/On-Arrival,5.5,Morning,January,Checked-Through,5,Mid-Range,Shopping,5,Social Media,74.6,High,City/Culture/Shopping,True,False,2,True,City/Culture/Shopping,377.0,58.8,False,4.0,3.0,True,False,True,False,City/Culture/Shopping,City/Culture/Shopping,5.5,377.0,False,False,5.0,Mid-Range,240.0,High,True,True,True,1.0,Mid,Completed,Outdoor/Higher-Risk,False,Low,True,1.0
PS00146,18-24,Couple,visa-free/on-arrival,13.5,Afternoon,August,Checked-Through,5,Mid-Range,Active/City,5,Airport Signage,84.6,High,Indoor Micro-Experience,Yes,True,3,TRUE,Indoor Micro-Experience,358.0,8.7,False,4.0,4.0,True,True,True,False,Indoor Micro-Experience,Indoor Micro-Experience,13.5,358.0,False,False,5.0,Mid-Range,720.0,High,True,True,True,0.0,Mid,Completed,Indoor/Moderate-Risk,False,Medium,False,1.0
PS00147,35-44,Couple,Transit-Visa-Required,14.3,Evening,November,Needs Storage,4,Mid-Range,Relaxation & Wellness,4,Organic App Search,72.2,High,City/Culture/Shopping,True,True,1,True,  City/Culture/Shopping ,353.0,11.5,True,4.0,4.0,True,True,True,True,City/Culture/Shopping,City/Culture/Shopping,14.3,353.0,False,False,4.0,Mid-Range,768.0,High,True,True,True,0.0,Mid,Completed,Outdoor/Higher-Risk,False,Low,True,1.0
PS00148,35-44,Solo,Visa-Free/On-Arrival,14.0,Morning,July,Checked-Through,5,Budget,Relaxation & Wellness,4,Organic App Search,76.3,High,City/Culture/Shopping,1,True,2,True,City/Culture/Shopping,337.0,18.3,True,3.0,3.0,True,True,True,True,City/Culture/Shopping,City/Culture/Shopping,14.0,337.0,False,False,5.0,Budget,750.0,High,True,True,True,0.0,Mid,Completed,Outdoor/Higher-Risk,False,Low,True,1.0
PS00149,18-24,solo,Visa-Free/On-Arrival,7.2,Morning,September,Needs Storage,4,Mid-Range,Relaxation & Wellness,2,Organic App Search,78.1,High,City/Culture/Shopping,True,True,4,TRUE,City/Culture/Shopping,515.0,40.0,False,3.0,3.0,True,True,True,False,City/Culture/Shopping,City/Culture/Shopping,7.2,515.0,False,False,4.0,Mid-Range,342.0,High,True,True,True,0.0,Mid,Completed,Outdoor/Higher-Risk,False,Medium,True,1.0
PS00150,25-34,Couple,Not-Eligible,5.2,Evening,November,Checked-Through,5,Budget,Culture & Heritage,1,Airline Partner,30.0,Low,Stay Airside,True,True,0,False,,,,,,,True,True,False,,Stay Airside,,5.2,,False,False,5.0,Budget,222.0,Low,False,False,False,,No Spend,Eligibility Checked,Airside/Low-Risk,False,None,False,
PS00151,55+,Solo,Not-Eligible,10.0,Evening,March,Checked-Through,1,Premium,Relaxation & Wellness,4,Word of Mouth/Referral,30.0,Low,Stay Airside,True,True,3,False,,,,,,,True,True,False,,Stay Airside,,10.0,,False,False,1.0,Premium,510.0,Low,False,True,False,,No Spend,Package Viewed,Airside/Low-Risk,False,Medium,False,
PS00152,25-34,Solo,Not-Eligible,4.1,Afternoon,October,CHECKED-THROUGH,4,Premium,Active/City,3,Social Media,30.0,Low,Stay Airside,True,N,3,False,,,,,,,True,False,False,,Stay Airside,,4.1,,False,False,4.0,Premium,155.99999999999997,Low,False,True,False,,No Spend,Package Viewed,Airside/Low-Risk,False,Medium,False,
PS00153,18-24,Couple,Visa-Free/On-Arrival,11.4,Evening,December,Carry-On Only,4,Budget,Relaxation & Wellness,3,Travel Agent,82.2,High,City/Culture/Shopping,True,True,1,True,City/Culture/Shopping,419.0,13.1,True,4.0,4.0,True,True,True,True,City/Culture/Shopping,City/Culture/Shopping,11.4,419.0,False,False,4.0,Budget,594.0,High,True,True,True,0.0,Mid,Completed,Outdoor/Higher-Risk,False,Low,True,1.0
PS00154,25-34,Family with kids,Transit-Visa-Required,4.9,Afternoon,May,Carry-On Only,1,Mid-Range,Culture & Heritage,4,Airline Partner,78.7,High,City/Culture/Shopping,True,True,3,True,City/Culture/Shopping,424.0,50.2,False,3.0,3.0,True,True,True,False,City/Culture/Shopping,City/Culture/Shopping,4.9,424.0,False,False,1.0,Mid-Range,204.0,High,True,True,True,0.0,Mid,Completed,Outdoor/Higher-Risk,False,Medium,True,1.0
PS00155,55+,Friends/Group,Visa-Free/On-Arrival,6.5,Morning,March,Checked-Through,3,Premium,Relaxation & Wellness,4,Travel Agent,86.9,High,Premium Fast-Track/Chauffeur,True,True,2,True,INDOOR MICRO-EXPERIENCE,525.0,35.9,Y,3.0,2.0,True,True,True,True,Premium Fast-Track/Chauffeur,Indoor Micro-Experience,6.5,525.0,False,False,3.0,Premium,300.0,High,True,True,True,0.0,Mid,Completed,Outdoor/Higher-Risk,True,Low,True,0.0
PS00156,25-34,Friends/Group,Visa-Free/On-Arrival,11.5,Afternoon,May,Needs Storage,3,Budget,Active/City,2,Organic App Search,80.0,High,City/Culture/Shopping,True,False,2,False,,,,,,,True,False,False,,City/Culture/Shopping,,11.5,,False,False,3.0,Budget,600.0,High,False,True,False,,No Spend,Package Viewed,Outdoor/Higher-Risk,False,Low,True,
PS00157,35-44,couple,Visa-Free/On-Arrival,2.0,Evening,October,Carry-On Only,4,Mid-Range,Shopping,2,Airport Signage,54.1,Medium,Indoor Micro-Experience,True,True,3,Yes,Indoor Micro-Experience,405.0,65.7,Y,3.0,3.0,True,True,True,True,Indoor Micro-Experience,Indoor Micro-Experience,2.0,405.0,False,False,4.0,Mid-Range,30.0,Medium,True,True,True,1.0,Mid,Completed,Indoor/Moderate-Risk,False,Medium,False,1.0
PS00158,45-54,Couple,Visa-Free/On-Arrival,5.1,Night,January,Carry-On Only,1,Budget,Culture & Heritage,1,Airline Partner,70.2,High,City/Culture/Shopping,Y,True,3,True,Indoor Micro-Experience,258.0,45.2,True,3.0,3.0,True,True,True,True,City/Culture/Shopping,Indoor Micro-Experience,5.1,258.0,False,False,1.0,Budget,216.0,High,True,True,True,0.0,Low,Completed,Outdoor/Higher-Risk,False,Medium,True,0.0
PS00159,25-34,Couple,Visa-Free/On-Arrival,9.3,Morning,November,Checked-Through,4,Mid-Range,Active/City,4,Airline Partner,83.4,High,Indoor Micro-Experience,True,True,3,True,Indoor Micro-Experience,343.0,23.6,True,5.0,5.0,True,True,True,True,Indoor Micro-Experience,Indoor Micro-Experience,9.3,343.0,False,False,4.0,Mid-Range,468.0,High,True,True,True,0.0,Mid,Completed,Indoor/Moderate-Risk,False,Medium,True,1.0
PS00160,35-44,Family with kids,Transit-Visa-Required,10.5,Afternoon,April,Needs Storage,2,Premium,Active/City,3,Airport Signage,76.5,High,Premium Fast-Track/Chauffeur,True,True,4,True,Stay Airside,0.0,4.9,True,3.0,3.0,True,True,True,True,Premium Fast-Track/Chauffeur,Stay Airside,10.5,0.0,False,False,2.0,Premium,540.0,High,True,True,True,0.0,Low,Completed,Outdoor/Higher-Risk,True,Medium,True,0.0
PS00161,25-34,Solo,Visa-Free/On-Arrival,9.5,Afternoon,June,Checked-Through,3,Mid-Range,Family/Indoor,5,Social Media,90.8,High,City/Culture/Shopping,True,True,2,True,City/Culture/Shopping,563.0,23.9,True,,3.0,True,True,True,True,City/Culture/Shopping,City/Culture/Shopping,9.5,563.0,False,False,3.0,Mid-Range,480.0,High,True,True,True,0.0,Mid,Booked,Outdoor/Higher-Risk,False,Low,True,1.0
PS00162,35-44,Couple,Transit-Visa-Required,6.5,Afternoon,February,Checked-Through,5,Mid-Range,Culture & Heritage,4,Word of Mouth/Referral,71.8,High,City/Culture/Shopping,True,True,2,True,City/Culture/Shopping,307.0,45.9,True,4.0,5.0,True,True,True,True,City/Culture/Shopping,City/Culture/Shopping,6.5,307.0,False,False,5.0,Mid-Range,300.0,High,True,True,True,0.0,Mid,Completed,Outdoor/Higher-Risk,False,Low,True,1.0
PS00163,35-44,family with kids,Visa-Free/On-Arrival,12.2,Morning,July,Checked-Through,3,Premium,Culture & Heritage,2,Airport Signage,79.3,High,Premium Fast-Track/Chauffeur,True,True,5,True,Premium Fast-Track/Chauffeur,2146.0,10.4,True,4.0,3.0,True,True,True,True,Premium Fast-Track/Chauffeur,Premium Fast-Track/Chauffeur,12.2,2146.0,False,False,3.0,Premium,642.0,High,True,True,True,0.0,High,Completed,Outdoor/Higher-Risk,True,High,True,1.0
PS00164,35-44,SOLO,Visa-Free/On-Arrival,3.9,Afternoon,August,Checked-Through,3,Mid-Range,Family/Indoor,2,Social Media,72.2,High,City/Culture/Shopping,yes ,True,1,True,City / Culture / Shopping,370.0,67.0,True,5.0,5.0,True,True,True,True,City/Culture/Shopping,City/Culture/Shopping,3.9,370.0,False,False,3.0,Mid-Range,144.0,High,True,True,True,1.0,Mid,Completed,Outdoor/Higher-Risk,False,Low,False,1.0
PS00165,18-24,Couple,Visa-Free/On-Arrival,3.7,Evening,January,Needs Storage,1,Mid-Range,Active/City,3,Social Media,74.8,High,City/Culture/Shopping,True,True,0,Y,City/Culture/Shopping,319.0,59.1,False,3.0,2.0,True,True,True,False,City/Culture/Shopping,City/Culture/Shopping,3.7,319.0,False,False,1.0,Mid-Range,132.0,High,True,False,True,1.0,Mid,Completed,Outdoor/Higher-Risk,False,None,False,1.0
PS00166,45-54,Couple,Visa-Free/On-Arrival,9.2,Evening,April,Checked-Through,4,Mid-Range,Shopping,5,Airport Signage,84.3,High,City/Culture/Shopping,True,True,4,True,City/Culture/Shopping,-574.0,25.3,True,3.0,3.0,True,True,True,True,City/Culture/Shopping,City/Culture/Shopping,9.2,,False,False,4.0,Mid-Range,462.0,High,True,True,True,0.0,No Spend,Completed,Outdoor/Higher-Risk,False,Medium,True,1.0
PS00167,25-34,Solo,Transit-Visa-Required,3.6,Afternoon,November,Checked-Through,5,Mid-Range,Culture & Heritage,2,Social Media,51.9,Medium,Indoor Micro-Experience,True,True,2,True,indoor micro-experience,413.0,52.6,FALSE,4.0,4.0,True,True,True,False,Indoor Micro-Experience,Indoor Micro-Experience,3.6,413.0,False,False,5.0,Mid-Range,126.0,Medium,True,True,True,0.0,Mid,Completed,Indoor/Moderate-Risk,False,Low,False,1.0
PS00168,25-34,Solo,Visa-Free/On-Arrival,18.4,Afternoon,April,Carry-On Only,5,Premium,Active/City,4,Airline Partner,81.2,High,Indoor Micro-Experience,Y,True,3,True,Indoor Micro-Experience,344.0,3.9,True,4.0,3.0,True,True,True,True,Indoor Micro-Experience,Indoor Micro-Experience,18.4,344.0,False,False,5.0,Premium,1014.0,High,True,True,True,0.0,Mid,Completed,Indoor/Moderate-Risk,True,Medium,True,1.0
PS00169,18-24,Solo,Visa-Free/On-Arrival,5.1,Afternoon,May,Carry-On Only,4,Premium,Culture & Heritage,3,Social Media,73.0,High,Premium Fast-Track/Chauffeur,True,False,4,False,,,,,,,True,False,False,,Premium Fast-Track/Chauffeur,,5.1,,False,False,4.0,Premium,216.0,High,False,True,False,,No Spend,Package Viewed,Outdoor/Higher-Risk,True,Medium,True,
PS00170,35-44,Solo,Visa-Free/On-Arrival,12.1,Afternoon,December,Carry-On Only,2,Mid-Range,Relaxation & Wellness,2,Airline Partner,82.1,High,City/Culture/Shopping,True,True,3,True,City/Culture/Shopping,551.0,10.8,TRUE,3.0,3.0,True,True,True,True,City/Culture/Shopping,City/Culture/Shopping,12.1,551.0,False,False,2.0,Mid-Range,636.0,High,True,True,True,0.0,Mid,Completed,Outdoor/Higher-Risk,False,Medium,True,1.0
PS00171,35-44,Solo,Visa-Free/On-Arrival,3.1,Night,December,Checked-Through,2,Mid-Range,Culture & Heritage,5,Travel Agent,75.7,High,City/Culture/Shopping,True,yes ,1,True,City/Culture/Shopping,344.0,56.2,True,4.0,4.0,True,True,True,True,City/Culture/Shopping,City/Culture/Shopping,3.1,344.0,False,False,2.0,Mid-Range,96.0,High,True,True,True,1.0,Mid,Completed,Outdoor/Higher-Risk,False,Low,False,1.0
PS00172,18-24,Family with kids,Not-Eligible,16.3,Night,April,Carry-On Only,2,Budget,Relaxation & Wellness,1,Airline Partner,30.0,Low,Stay Airside,True,True,2,False,,,,,,,True,True,False,,Stay Airside,,16.3,,False,False,2.0,Budget,888.0,Low,False,True,False,,No Spend,Package Viewed,Airside/Low-Risk,False,Low,False,
PS00173,35-44,Solo,Visa-Free/On-Arrival,7.5,Afternoon,September,Checked-Through,3,Premium,Active/City,4,Organic App Search,95.4,High,Premium Fast-Track/Chauffeur,True,True,2,False,,,,,,,True,True,False,,Premium Fast-Track/Chauffeur,,7.5,,False,False,3.0,Premium,360.0,High,False,True,False,,No Spend,Package Viewed,Outdoor/Higher-Risk,True,Low,True,
PS00174,25-34,Couple,Transit-Visa-Required,5.1,Afternoon,July,Needs Storage,2,Mid-Range,Culture & Heritage,1,Word of Mouth/Referral,56.5,Medium,Indoor Micro-Experience,True,True,2,False,,,,,,,True,True,False,,Indoor Micro-Experience,,5.1,,False,False,2.0,Mid-Range,216.0,Medium,False,True,False,,No Spend,Package Viewed,Indoor/Moderate-Risk,False,Low,True,
PS00175,35-44,Solo,Transit-Visa-Required,6.2,Night,February,Carry-On Only,2,Mid-Range,Relaxation & Wellness,4,Airport Signage,76.7,High,City/Culture/Shopping,True,True,3,True,Airport Lounge/Relaxation,221.0,30.0,False,2.0,2.0,True,True,True,False,City/Culture/Shopping,Airport Lounge/Relaxation,6.2,221.0,False,False,2.0,Mid-Range,282.0,High,True,True,True,0.0,Low,Completed,Outdoor/Higher-Risk,False,Medium,True,0.0
PS00176,18-24,Friends/Group,Not-Eligible,4.5,Afternoon,January,Carry-On Only,4,Budget,Active/City,4,Airport Signage,30.0,Low,Stay Airside,True,True,3,N,,,,,,,True,True,False,,Stay Airside,,4.5,,False,False,4.0,Budget,180.0,Low,False,True,False,,No Spend,Package Viewed,Airside/Low-Risk,False,Medium,False,
PS00177,35-44,Solo,Transit-Visa-Required,6.5,Evening,September,Checked-Through,3,Premium,Active/City,5,Airport Signage,79.2,High,Premium Fast-Track/Chauffeur,True,True,6,True,Premium Fast-Track/Chauffeur,2441.0,39.4,True,4.0,5.0,True,True,True,True,Premium Fast-Track/Chauffeur,Premium Fast-Track/Chauffeur,6.5,2441.0,False,False,3.0,Premium,300.0,High,True,True,True,0.0,High,Completed,Outdoor/Higher-Risk,True,High,True,1.0
PS00178,25-34,couple,Transit-Visa-Required,3.3,Morning,January,Checked-Through,4,,Culture & Heritage,2,Word of Mouth/Referral,50.4,Medium,Airport Lounge/Relaxation,True,True,1,False,,,,,,,True,True,False,,Airport Lounge/Relaxation,,3.3,,False,True,4.0,Unknown,108.0,Medium,False,True,False,,No Spend,Package Viewed,Airside/Low-Risk,False,Low,False,
PS00179,55+,Friends/Group,Transit-Visa-Required,5.2,Evening,June,Checked-Through,5,Budget,Family/Indoor,2,Airport Signage,53.2,Medium,  Airport Lounge/Relaxation ,True,True,0,True,Airport Lounge/Relaxation,196.0,35.3,True,5.0,5.0,True,True,True,True,Airport Lounge/Relaxation,Airport Lounge/Relaxation,5.2,196.0,False,False,5.0,Budget,222.0,Medium,True,False,True,0.0,Low,Completed,Airside/Low-Risk,False,None,True,1.0
PS00180,18-24,Family with kids,Not-Eligible,12.0,Afternoon,February,Checked-Through,4,Mid-Range,Culture & Heritage,3,Word of Mouth/Referral,30.0,Low,Stay Airside,True,False,1,False,,,,,,,True,False,False,,Stay Airside,,12.0,,False,False,4.0,Mid-Range,630.0,Low,False,True,False,,No Spend,Package Viewed,Airside/Low-Risk,False,Low,False,
PS00181,25-34,Solo,Visa-Free/On-Arrival,8.5,Evening,April,Checked-Through,4,Mid-Range,Culture & Heritage,2,Airline Partner,76.4,High,city/culture/shopping,True,True,2,True,City/Culture/Shopping,555.0,34.8,True,4.0,4.0,True,True,True,True,City/Culture/Shopping,City/Culture/Shopping,8.5,555.0,False,False,4.0,Mid-Range,420.0,High,True,True,True,0.0,Mid,Completed,Outdoor/Higher-Risk,False,Low,True,1.0
PS00182,18-24,Family with kids,Visa-Free/On-Arrival,3.8,Evening,June,Carry-On Only,4,Budget,Family/Indoor,4,Airline Partner,60.5,Medium,Airport Lounge/Relaxation,True,True,1,False,,,,,,,True,True,False,,Airport Lounge/Relaxation,,3.8,,False,False,4.0,Budget,138.0,Medium,False,True,False,,No Spend,Package Viewed,Airside/Low-Risk,False,Low,False,
PS00183,55+,Couple,Visa-Free/On-Arrival,6.6,Morning,May,Checked-Through,3,Mid-Range,Shopping,3,Airport Signage,81.2,High,City/Culture/Shopping,True,True,2,True,Premium Fast-Track/Chauffeur,1849.0,41.2,True,3.0,3.0,True,True,True,True,City/Culture/Shopping,Premium Fast-Track/Chauffeur,6.6,1849.0,False,False,3.0,Mid-Range,306.0,High,True,True,True,0.0,High,Completed,Outdoor/Higher-Risk,False,Low,True,0.0
PS00184,45-54,Couple,Transit-Visa-Required,14.4,Evening,November,Carry-On Only,1,Budget,Relaxation & Wellness,2,Airline Partner,71.9,High,City/Culture/Shopping,True,True,1,True,City/Culture/Shopping,365.0,10.7,True,4.0,5.0,True,True,True,True,City/Culture/Shopping,City/Culture/Shopping,14.4,365.0,False,False,1.0,Budget,774.0,High,True,True,True,0.0,Mid,Completed,Outdoor/Higher-Risk,False,Low,True,1.0
PS00185,25-34,Solo,Transit-Visa-Required,5.6,Evening,June,Checked-Through,1,Budget,Family/Indoor,4,Social Media,70.6,High,City/Culture/Shopping,True,True,0,True,City/Culture/Shopping,491.0,49.1,yes ,4.0,4.0,True,True,True,True,City/Culture/Shopping,City/Culture/Shopping,5.6,491.0,False,False,1.0,Budget,246.0,High,True,False,True,0.0,Mid,Completed,Outdoor/Higher-Risk,False,None,True,1.0
PS00186,35-44,Solo,Visa-Free/On-Arrival,3.5,Afternoon,March,Checked-Through,2,Budget,Active/City,4,Airline Partner,67.2,Medium,Airport Lounge/Relaxation,True,1,4,True,City/Culture/Shopping,264.0,61.0,False,2.0,2.0,True,True,True,False,Airport Lounge/Relaxation,City/Culture/Shopping,3.5,264.0,False,False,2.0,Budget,120.0,Medium,True,True,True,1.0,Low,Completed,Airside/Low-Risk,False,Medium,False,0.0
PS00187,45-54,Family with kids,Transit-Visa-Required,10.3,Morning,May,Carry-On Only,4,Premium,Relaxation & Wellness,5,Word of Mouth/Referral,79.5,High,Indoor Micro-Experience,True,True,4,True,Indoor Micro-Experience,417.0,4.2,True,4.0,5.0,True,True,True,True,Indoor Micro-Experience,Indoor Micro-Experience,10.3,417.0,False,False,4.0,Premium,528.0,High,True,True,True,0.0,Mid,Completed,Indoor/Moderate-Risk,True,Medium,True,1.0
PS00188,35-44,Couple,visa-free/on-arrival,2.0,Morning,February,Carry-On Only,5,Budget,Culture & Heritage,3,Word of Mouth/Referral,45.8,Medium,Airport Lounge/Relaxation,True,True,2,True,Airport Lounge/Relaxation,212.0,63.2,False,2.0,1.0,True,True,True,False,Airport Lounge/Relaxation,Airport Lounge/Relaxation,2.0,212.0,False,False,5.0,Budget,30.0,Medium,True,True,True,1.0,Low,Completed,Airside/Low-Risk,False,Low,False,1.0
PS00189,35-44,Couple,Visa-Free/On-Arrival,6.3,Afternoon,July,Checked-Through,5,Budget,Family/Indoor,3,Airline Partner,64.3,Medium,Airport Lounge/Relaxation,True,True,1,True,Airport Lounge/Relaxation,234.0,32.2,True,4.0,4.0,True,True,True,True,Airport Lounge/Relaxation,Airport Lounge/Relaxation,6.3,234.0,False,False,5.0,Budget,288.0,Medium,True,True,True,0.0,Low,Completed,Airside/Low-Risk,False,Low,True,1.0
PS00190,25-34,Family with kids,Not-Eligible,15.1,Afternoon,March,Checked-Through,1,Mid-Range,Relaxation & Wellness,2,Social Media,30.0,Low,Stay Airside,True,True,1,True,Stay Airside,0.0,0.0,True,4.0,3.0,True,True,True,True,Stay Airside,Stay Airside,15.1,0.0,False,False,1.0,Mid-Range,816.0,Low,True,True,True,0.0,Low,Completed,Airside/Low-Risk,False,Low,False,1.0
PS00191,18-24,Family with kids,Visa-Free/On-Arrival,6.5,Evening,January,Carry-On Only,5,Mid-Range,Shopping,2,Social Media,70.0,High,Indoor Micro-Experience,True,True,2,True,INDOOR MICRO-EXPERIENCE,358.0,39.4,True,4.0,4.0,True,True,True,True,Indoor Micro-Experience,Indoor Micro-Experience,6.5,358.0,False,False,5.0,Mid-Range,300.0,High,True,True,True,0.0,Mid,Completed,Indoor/Moderate-Risk,False,Low,True,1.0
PS00192,45-54,Solo,Visa-Free/On-Arrival,12.6,Morning,August,Checked-Through,3,Mid-Range,Shopping,3,Travel Agent,83.9,High,  City/Culture/Shopping ,True,True,4,True,City/Culture/Shopping,566.0,15.2,False,3.0,3.0,True,True,True,False,City/Culture/Shopping,City/Culture/Shopping,12.6,566.0,False,False,3.0,Mid-Range,666.0,High,True,True,True,0.0,Mid,Completed,Outdoor/Higher-Risk,False,Medium,True,1.0
PS00193,55+,Couple,Transit-Visa-Required,3.5,Night,August,Checked-Through,4,Premium,Active/City,5,Airport Signage,68.3,Medium,Indoor Micro-Experience,True,TRUE,3,True,City/Culture/Shopping,513.0,66.6,True,3.0,3.0,True,True,True,True,Indoor Micro-Experience,City/Culture/Shopping,3.5,513.0,False,False,4.0,Premium,120.0,Medium,True,True,True,1.0,Mid,Completed,Indoor/Moderate-Risk,False,Medium,False,0.0
PS00194,35-44,Solo,Transit-Visa-Required,6.4,Morning,March,Carry-On Only,,Premium,Shopping,1,Airline Partner,66.3,Medium,Indoor Micro-Experience,True,True,3,True,Premium Fast-Track/Chauffeur,1607.0,40.0,False,2.0,3.0,True,True,True,False,Indoor Micro-Experience,Premium Fast-Track/Chauffeur,6.4,1607.0,True,False,,Premium,294.0,Medium,True,True,True,0.0,High,Completed,Indoor/Moderate-Risk,False,Medium,True,0.0
PS00195,25-34,Family with kids,Visa-Free/On-Arrival,6.0 hrs,Morning,July,checked-through,1,Budget,Active/City,2,Airport Signage,71.4,High,City/Culture/Shopping,Y,True,1,False,,,,,,,True,True,False,,City/Culture/Shopping,,6.0,,False,False,1.0,Budget,270.0,High,False,True,False,,No Spend,Package Viewed,Outdoor/Higher-Risk,False,Low,True,
PS00196,25-34,Family with kids,Transit-Visa-Required,9.9,Afternoon,September,Checked-Through,3,Mid-Range,Active/City,1,Social Media,71.2,High,City/Culture/Shopping,True,True,2,True,Stay Airside,0.0,10.7,True,3.0,3.0,True,True,True,True,City/Culture/Shopping,Stay Airside,9.9,0.0,False,False,3.0,Mid-Range,504.0,High,True,True,True,0.0,Low,Completed,Outdoor/Higher-Risk,False,Low,True,0.0
PS00197,35-44,Friends/Group,Visa-Free/On-Arrival,7.8,Afternoon,August,Needs Storage,5,,Family/Indoor,2,Organic App Search,65.3,Medium,Indoor Micro-Experience,True,No,2,0,,,,,,,True,False,False,,Indoor Micro-Experience,,7.8,,False,True,5.0,Unknown,378.0,Medium,False,True,False,,No Spend,Package Viewed,Indoor/Moderate-Risk,False,Low,True,
PS00198,45-54,Solo,Visa-Free/On-Arrival,16.2,Morning,March,Carry-On Only,2,Budget,Relaxation & Wellness,1,Word of Mouth/Referral,76.1,High,City/Culture/Shopping,True,True,1,False,,,,,,,True,True,False,,City/Culture/Shopping,,16.2,,False,False,2.0,Budget,882.0,High,False,True,False,,No Spend,Package Viewed,Outdoor/Higher-Risk,False,Low,True,
PS00199,45-54,Solo,visa-free/on-arrival,5.4,Morning,February,Checked-Through,2,Budget,Culture & Heritage,3,Airline Partner,75.6,High,City/Culture/Shopping,True,True,2,True,City/Culture/Shopping,503.0,54.6,True,,4.0,True,True,True,True,City/Culture/Shopping,City/Culture/Shopping,5.4,503.0,False,False,2.0,Budget,234.0,High,True,True,True,0.0,Mid,Booked,Outdoor/Higher-Risk,False,Low,False,1.0
PS00200,45-54,Solo,Transit-Visa-Required,7.7,Morning,October,Checked-Through,5,Mid-Range,Active/City,3,Travel Agent,75.0,High,indoor micro-experience,True,True,2,False,,,,,,,True,True,False,,Indoor Micro-Experience,,7.7,,False,False,5.0,Mid-Range,372.0,High,False,True,False,,No Spend,Package Viewed,Indoor/Moderate-Risk,False,Low,True,
PS00201,35-44,Solo,VISA-FREE/ON-ARRIVAL,6.1,Evening,July,Checked-Through,5,Budget,Relaxation & Wellness,2,Organic App Search,64.5,Medium,Airport Lounge/Relaxation,True,True,2,True,Airport Lounge/Relaxation,213.0,44.8,False,4.0,4.0,True,True,True,False,Airport Lounge/Relaxation,Airport Lounge/Relaxation,6.1,213.0,False,False,5.0,Budget,276.0,Medium,True,True,True,0.0,Low,Completed,Airside/Low-Risk,False,Low,False,1.0
PS00202,18-24,Solo,Not-Eligible,7.4,Evening,July,Carry-On Only,1,Premium,Shopping,2,Airline Partner,30.0,Low,Stay Airside,True,True,5,False,,,,,,,True,True,False,,Stay Airside,,7.4,,False,False,1.0,Premium,354.0,Low,False,True,False,,No Spend,Package Viewed,Airside/Low-Risk,False,High,False,
PS00203,18-24,Friends/Group,Transit-Visa-Required,7.0,Afternoon,September,Carry-On Only,4,Mid-Range,Family/Indoor,4,Travel Agent,72.9,High,City/Culture/Shopping,True,True,2,True,Indoor Micro-Experience,335.0,31.4,True,2.0,2.0,True,True,True,True,City/Culture/Shopping,Indoor Micro-Experience,7.0,335.0,False,False,4.0,Mid-Range,330.0,High,True,True,True,0.0,Mid,Completed,Outdoor/Higher-Risk,False,Low,True,0.0
PS00204,45-54,Solo,Not-Eligible,4.1,Evening,May,Checked-Through,3,Budget,Family/Indoor,3,Social Media,30.0,Low,Stay Airside,True,True,3,False,,,,,,,True,True,False,,Stay Airside,,4.1,,False,False,3.0,Budget,155.99999999999997,Low,False,True,False,,No Spend,Package Viewed,Airside/Low-Risk,False,Medium,False,
PS00205,35-44,Solo,Visa-Free/On-Arrival,11.6,Evening,April,Checked-Through,3,Budget,Shopping,1,Travel Agent,73.0,High,City/Culture/Shopping,True,True,2,False,,,,,,,True,True,False,,City/Culture/Shopping,,11.6,,False,False,3.0,Budget,606.0,High,False,True,False,,No Spend,Package Viewed,Outdoor/Higher-Risk,False,Low,True,
PS00206,18-24,Family with kids,Not-Eligible,4.8,Morning,August,Checked-Through,3,Premium,Active/City,5,Social Media,30.0,Low,Stay Airside,True,True,3,False,,,,,,,True,True,False,,Stay Airside,,4.8,,False,False,3.0,Premium,198.0,Low,False,True,False,,No Spend,Package Viewed,Airside/Low-Risk,False,Medium,False,
PS00207,18-24,Couple,Visa-Free/On-Arrival,4.6,Night,April,Checked-Through,3,Budget,Culture & Heritage,3,Organic App Search,66.2,Medium,Airport Lounge/Relaxation,True,True,0,False,,,,,,,True,True,False,,Airport Lounge/Relaxation,,4.6,,False,False,3.0,Budget,186.0,Medium,False,False,False,,No Spend,Eligibility Checked,Airside/Low-Risk,False,None,True,
PS00208,35-44,Family with kids,Visa-Free/On-Arrival,2.4,Night,April,Carry-On Only,3,Mid-Range,Family/Indoor,3,Airport Signage,61.1,Medium,Indoor Micro-Experience,True,False,2,False,,,,,,,True,False,False,,Indoor Micro-Experience,,2.4,,False,False,3.0,Mid-Range,54.0,Medium,False,True,False,,No Spend,Package Viewed,Indoor/Moderate-Risk,False,Low,False,
PS00209,18-24,Solo,Visa-Free/On-Arrival,5.3,Morning,December,Checked-Through,3,Mid-Range,Shopping,5,Word of Mouth/Referral,75.1,High,City/Culture/Shopping,True,TRUE,1,True,City/Culture/Shopping,563.0,52.4,True,4.0,5.0,True,True,True,True,City/Culture/Shopping,City/Culture/Shopping,5.3,563.0,False,False,3.0,Mid-Range,228.0,High,True,True,True,0.0,Mid,Completed,Outdoor/Higher-Risk,False,Low,True,1.0
PS00210,18-24,Couple,Visa-Free/On-Arrival,4.8,Morning,December,Checked-Through,3,Premium,Family/Indoor,3,Airline Partner,83.0,High,Premium Fast-Track/Chauffeur,Yes,True,2,True,Premium Fast-Track/Chauffeur,2353.0,53.1,True,4.0,4.0,True,True,True,True,Premium Fast-Track/Chauffeur,Premium Fast-Track/Chauffeur,4.8,2353.0,False,False,3.0,Premium,198.0,High,True,True,True,0.0,High,Completed,Outdoor/Higher-Risk,True,Low,True,1.0
PS00211,35-44,SOLO,Transit-Visa-Required,2.0,Morning,February,Checked-Through,4,Mid-Range,Relaxation & Wellness,4,Airport Signage,55.2,Medium,Indoor Micro-Experience,True,True,0,False,,,,,,,True,True,False,,Indoor Micro-Experience,,2.0,,False,False,4.0,Mid-Range,30.0,Medium,False,False,False,,No Spend,Eligibility Checked,Indoor/Moderate-Risk,False,None,False,
PS00212,35-44,Solo,Visa-Free/On-Arrival,6.5,Morning,January,Checked-Through,4,Budget,Family/Indoor,5,Organic App Search,75.0,High,City/Culture/Shopping,True,True,2,yes ,City/Culture/Shopping,418.0,46.8,True,3.0,3.0,True,True,True,True,City/Culture/Shopping,City/Culture/Shopping,6.5,418.0,False,False,4.0,Budget,300.0,High,True,True,True,0.0,Mid,Completed,Outdoor/Higher-Risk,False,Low,True,1.0
PS00213,35-44,Friends/Group,Visa-Free/On-Arrival,15.8,Evening,April,Checked-Through,3,Budget,Relaxation & Wellness,2,Word of Mouth/Referral,77.2,High,City/Culture/Shopping,True,True,6,True,  City/Culture/Shopping ,441.0,11.4,True,3.0,3.0,True,True,True,True,City/Culture/Shopping,City/Culture/Shopping,15.8,441.0,False,False,3.0,Budget,858.0,High,True,True,True,0.0,Mid,Completed,Outdoor/Higher-Risk,False,High,True,1.0
PS00214,25-34,Solo,Transit-Visa-Required,2.7,Afternoon,July,CARRY-ON ONLY,2,Mid-Range,RELAXATION & WELLNESS,5,Airport Signage,60.3,Medium,Indoor Micro-Experience,True,True,2,False,,,,,,,True,True,False,,Indoor Micro-Experience,,2.7,,False,False,2.0,Mid-Range,72.0,Medium,False,True,False,,No Spend,Package Viewed,Indoor/Moderate-Risk,False,Low,False,
PS00215,35-44,Couple,Visa-Free/On-Arrival,7.3,Evening,December,Carry-On Only,4,Premium,Shopping,2,Social Media,75.2,High,Premium Fast-Track/Chauffeur,True,True,1,False,,,,,,,True,True,False,,Premium Fast-Track/Chauffeur,,7.3,,False,False,4.0,Premium,348.0,High,False,True,False,,No Spend,Package Viewed,Outdoor/Higher-Risk,False,Low,True,
PS00216,25-34,Couple,Transit-Visa-Required,6.4,Evening,September,Needs Storage,4,Budget,Culture & Heritage,2,Airline Partner,59.6,Medium,airport lounge/relaxation,True,True,0,Yes,Airport Lounge/Relaxation,222.0,34.0,No,,2.0,True,True,True,False,Airport Lounge/Relaxation,Airport Lounge/Relaxation,6.4,222.0,False,False,4.0,Budget,294.0,Medium,True,False,True,0.0,Low,Booked,Airside/Low-Risk,False,None,True,1.0
PS00217,25-34,Solo,Visa-Free/On-Arrival,10.7,Evening,September,Needs Storage,4,Mid-Range,Shopping,4,Airport Signage,84.2,High,City/Culture/Shopping,True,Y,2,True,City/Culture/Shopping,448.0,21.6,True,4.0,4.0,True,True,True,True,City/Culture/Shopping,City/Culture/Shopping,10.7,448.0,False,False,4.0,Mid-Range,552.0,High,True,True,True,0.0,Mid,Completed,Outdoor/Higher-Risk,False,Low,True,1.0
PS00218,35-44,Friends/Group,Transit-Visa-Required,11.2,Evening,December,Carry-On Only,3,Budget,Shopping,5,Travel Agent,76.2,High,CITY/CULTURE/SHOPPING,True,True,2,False,,,,,,,True,True,False,,City/Culture/Shopping,,11.2,,False,False,3.0,Budget,582.0,High,False,True,False,,No Spend,Package Viewed,Outdoor/Higher-Risk,False,Low,True,
PS00219,35-44,Solo,Transit-Visa-Required,22.3,Morning,October,Carry-On Only,2,Premium,Shopping,4,Social Media,76.8,High,Premium Fast-Track/Chauffeur,yes ,True,1,yes ,Premium Fast-Track/Chauffeur,1815.0,10.9,True,5.0,5.0,True,True,True,True,Premium Fast-Track/Chauffeur,Premium Fast-Track/Chauffeur,22.3,1815.0,False,False,2.0,Premium,1248.0,High,True,True,True,0.0,High,Completed,Outdoor/Higher-Risk,False,Low,True,1.0
PS00220,45-54,Family with kids,Visa-Free/On-Arrival,8.6,Afternoon,January,Needs Storage,4,Mid-Range,Active/City,2,Social Media,72.0,High,Indoor Micro-Experience,True,True,3,True,Indoor Micro-Experience,432.0,33.0,True,3.0,3.0,True,True,True,True,Indoor Micro-Experience,Indoor Micro-Experience,8.6,432.0,False,False,4.0,Mid-Range,426.0,High,True,True,True,0.0,Mid,Completed,Indoor/Moderate-Risk,False,Medium,True,1.0
PS00221,35-44,Friends/Group,Visa-Free/On-Arrival,4.4,Evening,May,Checked-Through,3,Budget,Active/City,3,Travel Agent,65.2,Medium,Airport Lounge/Relaxation,True,True,2,False,,,,,,,True,True,False,,Airport Lounge/Relaxation,,4.4,,False,False,3.0,Budget,174.0,Medium,False,True,False,,No Spend,Package Viewed,Airside/Low-Risk,False,Low,False,
PS00222,35-44,Couple,Visa-Free/On-Arrival,5.2,Morning,July,Checked-Through,5,Budget,Shopping,3,Airport Signage,64.7,Medium,Airport Lounge/Relaxation,True,yes ,3,TRUE,Airport Lounge/Relaxation,191.0,40.3,True,4.0,4.0,True,True,True,True,Airport Lounge/Relaxation,Airport Lounge/Relaxation,5.2,191.0,False,False,5.0,Budget,222.0,Medium,True,True,True,0.0,Low,Completed,Airside/Low-Risk,False,Medium,True,1.0
PS00223,18-24,Friends/Group,Transit-Visa-Required,5.5,Morning,July,Checked-Through,4,Budget,CULTURE & HERITAGE,2,Airline Partner,57.7,Medium,Airport Lounge/Relaxation,True,True,0,False,,,,,,,True,True,False,,Airport Lounge/Relaxation,,5.5,,False,False,4.0,Budget,240.0,Medium,False,False,False,,No Spend,Eligibility Checked,Airside/Low-Risk,False,None,True,
PS00224,25-34,Solo,Visa-Free/On-Arrival,4.9,Night,October,Carry-On Only,2,Mid-Range,Shopping,5,Airport Signage,73.1,High,City/Culture/Shopping,True,True,1,True,Airport Lounge/Relaxation,182.0,39.6,True,3.0,3.0,True,True,True,True,City/Culture/Shopping,Airport Lounge/Relaxation,4.9,182.0,False,False,2.0,Mid-Range,204.0,High,True,True,True,0.0,Low,Completed,Outdoor/Higher-Risk,False,Low,True,0.0
PS00225,25-34,Couple,Visa-Free/On-Arrival,18.0,Evening,June,Carry-On Only,3,Mid-Range,Relaxation & Wellness,3,Organic App Search,79.7,High,City/Culture/Shopping,True,Yes,0,True,City/Culture/Shopping,456.0,16.4,True,,,True,True,True,True,City/Culture/Shopping,City/Culture/Shopping,18.0,456.0,False,False,3.0,Mid-Range,990.0,High,True,False,True,0.0,Mid,Booked,Outdoor/Higher-Risk,False,None,True,1.0
PS00226,25-34,Solo,Visa-Free/On-Arrival,10.9,Morning,November,checked-through,4,Budget,Family/Indoor,2,Word of Mouth/Referral,70.2,High,Indoor Micro-Experience,True,True,4,True,Indoor Micro-Experience,218.0,4.9,True,5.0,5.0,True,True,True,True,Indoor Micro-Experience,Indoor Micro-Experience,10.9,218.0,False,False,4.0,Budget,564.0,High,True,True,True,0.0,Low,Completed,Indoor/Moderate-Risk,False,Medium,True,1.0
PS00227,55+,Family with kids,Visa-Free/On-Arrival,2.2,Evening,October,Checked-Through,,Premium,Family/Indoor,2,Airport Signage,63.1,Medium,Indoor Micro-Experience,True,True,2,False,,,,,,,True,True,False,,Indoor Micro-Experience,,2.2,,True,False,,Premium,42.0,Medium,False,True,False,,No Spend,Package Viewed,Indoor/Moderate-Risk,False,Low,False,
PS00228,25-34,Friends/Group,Visa-Free/On-Arrival,9.9,Evening,April,Checked-Through,3,Mid-Range,Family/Indoor,3,Airline Partner,81.6,High,City/Culture/Shopping,True,True,3,False,,,,,,,True,True,False,,City/Culture/Shopping,,9.9,,False,False,3.0,Mid-Range,504.0,High,False,True,False,,No Spend,Package Viewed,Outdoor/Higher-Risk,False,Medium,True,
PS00229,45-54,Solo,Transit-Visa-Required,3.6,Afternoon,March,Checked-Through,4,Mid-Range,Relaxation & Wellness,4,Social Media,53.8,Medium,Indoor Micro-Experience,Yes,False,1,False,,,,,,,True,False,False,,Indoor Micro-Experience,,3.6,,False,False,4.0,Mid-Range,126.0,Medium,False,True,False,,No Spend,Package Viewed,Indoor/Moderate-Risk,False,Low,False,
PS00230,35-44,Family with kids,Visa-Free/On-Arrival,11.1,Morning,December,Checked-Through,4,Budget,Culture & Heritage,2,Travel Agent,71.9,High,City/Culture/Shopping,True,True,4,True,City/Culture/Shopping,439.0,14.1,True,4.0,4.0,True,True,True,True,City/Culture/Shopping,City/Culture/Shopping,11.1,439.0,False,False,4.0,Budget,576.0,High,True,True,True,0.0,Mid,Completed,Outdoor/Higher-Risk,False,Medium,True,1.0
PS00231,45-54,Solo,Visa-Free/On-Arrival,13.8,Night,September,Checked-Through,2,Budget,Shopping,4,Airport Signage,89.5,High,City/Culture/Shopping,True,True,4,True,City/Culture/Shopping,,14.4,True,3.0,3.0,True,True,True,True,City/Culture/Shopping,City/Culture/Shopping,13.8,,False,False,2.0,Budget,738.0,High,True,True,True,0.0,No Spend,Completed,Outdoor/Higher-Risk,False,Medium,True,1.0
PS00232,35-44,Couple,Transit-Visa-Required,6.5,Afternoon,December,Checked-Through,3,Mid-Range,Shopping,2,Social Media,66.0,Medium,Indoor Micro-Experience,True,True,2,Y,Airport Lounge/Relaxation,167.0,33.8,False,2.0,2.0,True,True,True,False,Indoor Micro-Experience,Airport Lounge/Relaxation,6.5,167.0,False,False,3.0,Mid-Range,300.0,Medium,True,True,True,0.0,Low,Completed,Indoor/Moderate-Risk,False,Low,True,0.0
PS00233,35-44,Couple,transit-visa-required,5.1,Morning,October,Carry-On Only,5,Mid-Range,Culture & Heritage,3,Organic App Search,56.0,Medium,  Indoor Micro-Experience ,True,True,3,True,Indoor Micro-Experience,439.0,44.1,True,5.0,5.0,True,True,True,True,Indoor Micro-Experience,Indoor Micro-Experience,5.1,439.0,False,False,5.0,Mid-Range,216.0,Medium,True,True,True,0.0,Mid,Completed,Indoor/Moderate-Risk,False,Medium,False,1.0
PS00234,25-34,Friends/Group,Visa-Free/On-Arrival,16.4,Afternoon,April,Carry-On Only,5,Mid-Range,Active/City,4,Social Media,77.8,High,  Indoor Micro-Experience ,True,True,4,True,Indoor Micro-Experience,405.0,3.2,Yes,,3.0,True,True,True,True,Indoor Micro-Experience,Indoor Micro-Experience,16.4,405.0,False,False,5.0,Mid-Range,893.9999999999999,High,True,True,True,0.0,Mid,Booked,Indoor/Moderate-Risk,False,Medium,True,1.0
PS00235,25-34,Couple,VISA-FREE/ON-ARRIVAL,4.7,Evening,August,Carry-On Only,4,Premium,Culture & Heritage,2,Airport Signage,68.0,Medium,Indoor Micro-Experience,True,TRUE,3,0,,,,,,,True,True,False,,Indoor Micro-Experience,,4.7,,False,False,4.0,Premium,192.0,Medium,False,True,False,,No Spend,Package Viewed,Indoor/Moderate-Risk,False,Medium,False,
PS00236,35-44,Solo,Visa-Free/On-Arrival,4.4,Morning,January,Carry-On Only,5,Mid-Range,Shopping,3,Social Media,62.2,Medium,Indoor Micro-Experience,True,True,6,True,Indoor Micro-Experience,333.0,50.4,True,4.0,4.0,True,True,True,True,Indoor Micro-Experience,Indoor Micro-Experience,4.4,333.0,False,False,5.0,Mid-Range,174.0,Medium,True,True,True,0.0,Mid,Completed,Indoor/Moderate-Risk,False,High,False,1.0
PS00237,25-34,Solo,Not-Eligible,3.9,Morning,July,Carry-On Only,3,Budget,Active/City,4,Airline Partner,30.0,Low,Stay Airside,True,True,1,0,,,,,,,True,True,False,,Stay Airside,,3.9,,False,False,3.0,Budget,144.0,Low,False,True,False,,No Spend,Package Viewed,Airside/Low-Risk,False,Low,False,
PS00238,18-24,Solo,Visa-Free/On-Arrival,7.1,Morning,December,Carry-On Only,3,,Shopping,3,Airline Partner,82.4,High,Premium Fast-Track/Chauffeur,True,True,5,True,Premium Fast-Track/Chauffeur,1449.0,47.3,Y,4.0,4.0,True,True,True,True,Premium Fast-Track/Chauffeur,Premium Fast-Track/Chauffeur,7.1,1449.0,False,True,3.0,Unknown,336.0,High,True,True,True,0.0,High,Completed,Outdoor/Higher-Risk,False,High,True,1.0
PS00239,35-44,Solo,Not-Eligible,8.6,Night,June,Carry-On Only,3,Mid-Range,Shopping,3,Organic App Search,30.0,Low,Stay Airside,True,True,2,False,,,,,,,True,True,False,,Stay Airside,,8.6,,False,False,3.0,Mid-Range,426.0,Low,False,True,False,,No Spend,Package Viewed,Airside/Low-Risk,False,Low,False,
PS00240,18-24,Solo,Transit-Visa-Required,12.7,Morning,December,Carry-On Only,2,Budget,Active/City,4,Airline Partner,76.9,High,CITY/CULTURE/SHOPPING,True,True,2,True,  City/Culture/Shopping ,470.0,18.1,True,3.0,3.0,True,True,True,True,City/Culture/Shopping,City/Culture/Shopping,12.7,470.0,False,False,2.0,Budget,672.0,High,True,True,True,0.0,Mid,Completed,Outdoor/Higher-Risk,False,Low,True,1.0
PS00241,55+,Friends/Group,Visa-Free/On-Arrival,10.1,Evening,January,Checked-Through,3,Budget,RELAXATION & WELLNESS,5,Airport Signage,83.1,High,City/Culture/Shopping,Yes,yes ,0,False,,,,,,,True,True,False,,City/Culture/Shopping,,10.1,,False,False,3.0,Budget,516.0,High,False,False,False,,No Spend,Eligibility Checked,Outdoor/Higher-Risk,False,None,True,
PS00242,55+,Couple,Visa-Free/On-Arrival,10.1,Night,April,Checked-Through,3,Mid-Range,Culture & Heritage,2,Social Media,85.9,High,City/Culture/Shopping,True,True,4,False,,,,,,,True,True,False,,City/Culture/Shopping,,10.1,,False,False,3.0,Mid-Range,516.0,High,False,True,False,,No Spend,Package Viewed,Outdoor/Higher-Risk,False,Medium,True,
PS00243,55+,Couple,Visa-Free/On-Arrival,14.9,Morning,December,Carry-On Only,4,Premium,Relaxation & Wellness,4,Word of Mouth/Referral,89.0,High,Premium Fast-Track/Chauffeur,True,True,1,False,,,,,,,True,True,False,,Premium Fast-Track/Chauffeur,,14.9,,False,False,4.0,Premium,804.0,High,False,True,False,,No Spend,Package Viewed,Outdoor/Higher-Risk,False,Low,True,
PS00244,25-34,Solo,Visa-Free/On-Arrival,3.8,Night,May,Checked-Through,4,Budget,Relaxation & Wellness,1,Word of Mouth/Referral,54.9,Medium,Airport Lounge/Relaxation,True,True,3,No,,,,,,,True,True,False,,Airport Lounge/Relaxation,,3.8,,False,False,4.0,Budget,138.0,Medium,False,True,False,,No Spend,Package Viewed,Airside/Low-Risk,False,Medium,False,
PS00245,18-24,Friends/Group,Visa-Free/On-Arrival,2.6,Night,November,Checked-Through,,Budget,Shopping,1,Airline Partner,50.2,Medium,airport lounge/relaxation,True,True,0,False,,,,,,,True,True,False,,Airport Lounge/Relaxation,,2.6,,True,False,,Budget,66.0,Medium,False,False,False,,No Spend,Eligibility Checked,Airside/Low-Risk,False,None,False,
PS00246,55+,Family with kids,Transit-Visa-Required,10.4,Night,August,Checked-Through,3,Mid-Range,Relaxation & Wellness,2,Travel Agent,74.8,High,City/Culture/Shopping,True,True,3,True,City/Culture/Shopping,591.0,11.4,True,4.0,4.0,True,True,True,True,City/Culture/Shopping,City/Culture/Shopping,10.4,591.0,False,False,3.0,Mid-Range,534.0,High,True,True,True,0.0,Mid,Completed,Outdoor/Higher-Risk,False,Medium,True,1.0
PS00247,25-34,Solo,Not-Eligible,6.9,Morning,April,Checked-Through,2,Premium,Family/Indoor,5,Social Media,30.0,Low,Stay Airside,True,True,1,False,,,,,,,True,True,False,,Stay Airside,,6.9,,False,False,2.0,Premium,324.0,Low,False,True,False,,No Spend,Package Viewed,Airside/Low-Risk,False,Low,False,
PS00248,55+,Family with kids,Transit-Visa-Required,12.7,Evening,March,Needs Storage,3,Budget,Active/City,3,Social Media,69.1,High,City/Culture/Shopping,True,True,1,TRUE,Indoor Micro-Experience,299.0,4.0,True,4.0,4.0,True,True,True,True,City/Culture/Shopping,Indoor Micro-Experience,12.7,299.0,False,False,3.0,Budget,672.0,High,True,True,True,0.0,Low,Completed,Outdoor/Higher-Risk,False,Low,True,0.0
PS00249,55+,Couple,Transit-Visa-Required,7.3,Evening,February,Checked-Through,4,Premium,Active/City,2,Travel Agent,72.5,High,Premium Fast-Track/Chauffeur,1,True,2,True,Premium Fast-Track/Chauffeur,2143.0,37.9,0,4.0,4.0,True,True,True,False,Premium Fast-Track/Chauffeur,Premium Fast-Track/Chauffeur,7.3,2143.0,False,False,4.0,Premium,348.0,High,True,True,True,0.0,High,Completed,Outdoor/Higher-Risk,True,Low,True,1.0
PS00250,45-54,Solo,Visa-Free/On-Arrival,5.0,Night,April,Checked-Through,2,Budget,Culture & Heritage,2,Airline Partner,71.1,High,City/Culture/Shopping,True,1,1,True,City/Culture/Shopping,317.0,45.5,True,4.0,4.0,True,True,True,True,City/Culture/Shopping,City/Culture/Shopping,5.0,317.0,False,False,2.0,Budget,210.0,High,True,True,True,0.0,Mid,Completed,Outdoor/Higher-Risk,False,Low,True,1.0
PS00251,25-34,Couple,Visa-Free/On-Arrival,10.5,Morning,November,Checked-Through,3,Budget,Family/Indoor,5,Organic App Search,86.6,High,City / Culture / Shopping,True,Y,0,True,Airport Lounge/Relaxation,203.0,0.0,1,2.0,3.0,True,True,True,True,City/Culture/Shopping,Airport Lounge/Relaxation,10.5,203.0,False,False,3.0,Budget,540.0,High,True,False,True,0.0,Low,Completed,Outdoor/Higher-Risk,False,None,True,0.0
PS00252,25-34,Couple,Visa-Free/On-Arrival,7.8,Evening,October,Carry-On Only,3,Budget,Shopping,3,Social Media,78.8,High,City/Culture/Shopping,True,True,2,True,City/Culture/Shopping,357.0,32.6,True,4.0,4.0,True,True,True,True,City/Culture/Shopping,City/Culture/Shopping,7.8,357.0,False,False,3.0,Budget,378.0,High,True,True,True,0.0,Mid,Completed,Outdoor/Higher-Risk,False,Low,True,1.0
PS00253,45-54,Solo,Transit-Visa-Required,7.3,Afternoon,April,Carry-On Only,4,Budget,Shopping,3,Airport Signage,68.6,Medium,Airport Lounge/Relaxation,True,True,2,True,Airport Lounge/Relaxation,235.0,25.2,FALSE,,5.0,True,True,True,False,Airport Lounge/Relaxation,Airport Lounge/Relaxation,7.3,235.0,False,False,4.0,Budget,348.0,Medium,True,True,True,0.0,Low,Booked,Airside/Low-Risk,False,Low,True,1.0
PS00254,25-34,Friends/Group,Not-Eligible,24.6,Morning,October,Carry-On Only,5,,Culture & Heritage,5,Social Media,30.0,Low,Stay Airside,True,True,4,FALSE,,,,,,,True,True,False,,Stay Airside,,24.6,,False,True,5.0,Unknown,1386.0,Low,False,True,False,,No Spend,Package Viewed,Airside/Low-Risk,False,Medium,False,
PS00255,18-24,Family with kids,Transit-Visa-Required,14.3,Afternoon,May,Carry-On Only,4,Premium,Relaxation & Wellness,4,Airline Partner,78.2,High,Premium Fast-Track/Chauffeur,True,True,4,True,Premium Fast-Track/Chauffeur,1729.0,18.2,1,3.0,4.0,True,True,True,True,Premium Fast-Track/Chauffeur,Premium Fast-Track/Chauffeur,14.3,1729.0,False,False,4.0,Premium,768.0,High,True,True,True,0.0,High,Completed,Outdoor/Higher-Risk,True,Medium,True,1.0
PS00256,35-44,Family with kids,Visa-Free/On-Arrival,11.3,Evening,July,Checked-Through,3,Budget,Family/Indoor,2,Social Media,80.6,High,City/Culture/Shopping,True,True,4,True,City/Culture/Shopping,420.0,17.0,True,4.0,4.0,True,True,True,True,City/Culture/Shopping,City/Culture/Shopping,11.3,420.0,False,False,3.0,Budget,588.0,High,True,True,True,0.0,Mid,Completed,Outdoor/Higher-Risk,False,Medium,True,1.0
PS00257,55+,Couple,Visa-Free/On-Arrival,8.0,Afternoon,September,Checked-Through,3,Budget,Culture & Heritage,3,Airline Partner,81.8,High,City/Culture/Shopping,True,True,0,True,Premium Fast-Track/Chauffeur,974.0,30.3,Yes,3.0,2.0,True,True,True,True,City/Culture/Shopping,Premium Fast-Track/Chauffeur,8.0,974.0,False,False,3.0,Budget,390.0,High,True,False,True,0.0,High,Completed,Outdoor/Higher-Risk,False,None,True,0.0
PS00258,35-44,Couple,Transit-Visa-Required,7.6,Afternoon,February,Checked-Through,2,Budget,Relaxation & Wellness,5,Airport Signage,83.0,High,City/Culture/Shopping,True,True,4,True,City/Culture/Shopping,278.0,35.8,True,5.0,5.0,True,True,True,True,City/Culture/Shopping,City/Culture/Shopping,7.6,278.0,False,False,2.0,Budget,366.0,High,True,True,True,0.0,Low,Completed,Outdoor/Higher-Risk,False,Medium,True,1.0
PS00259,35-44,Family with kids,Visa-Free/On-Arrival,6.2,Night,May,Carry-On Only,2,Mid-Range,Relaxation & Wellness,5,Travel Agent,83.4,High,City/Culture/Shopping,True,True,1,True,Premium Fast-Track/Chauffeur,869.0,44.1,True,3.0,2.0,True,True,True,True,City/Culture/Shopping,Premium Fast-Track/Chauffeur,6.2,869.0,False,False,2.0,Mid-Range,282.0,High,True,True,True,0.0,High,Completed,Outdoor/Higher-Risk,False,Low,True,0.0
PS00260,18-24,COUPLE,Transit-Visa-Required,8.5,Afternoon,November,Carry-On Only,2,Premium,Relaxation & Wellness,1,Word of Mouth/Referral,72.0,High,Premium Fast Track,True,True,2,no ,,,,,,,True,True,False,,Premium Fast-Track/Chauffeur,,8.5,,False,False,2.0,Premium,420.0,High,False,True,False,,No Spend,Package Viewed,Outdoor/Higher-Risk,True,Low,True,
PS00261,35-44,Solo,Transit-Visa-Required,5.4,Evening,October,Checked-Through,2,Budget,Shopping,2,Airport Signage,66.7,Medium,Airport Lounge/Relaxation,True,True,2,False,,,,,,,True,True,False,,Airport Lounge/Relaxation,,5.4,,False,False,2.0,Budget,234.0,Medium,False,True,False,,No Spend,Package Viewed,Airside/Low-Risk,False,Low,True,
PS00262,55+,Couple,Transit-Visa-Required,3.2,Afternoon,September,CHECKED-THROUGH,2,Mid-Range,Relaxation & Wellness,2,Social Media,59.8,Medium,Indoor Micro-Experience,True,True,0,False,,,,,,,True,True,False,,Indoor Micro-Experience,,3.2,,False,False,2.0,Mid-Range,102.0,Medium,False,False,False,,No Spend,Eligibility Checked,Indoor/Moderate-Risk,False,None,False,
PS00263,18-24,Family with kids,Visa-Free/On-Arrival,7.2,Afternoon,December,Checked-Through,2,Budget,Active/City,3,Social Media,84.3,High,City/Culture/Shopping,True,True,2,True,City/Culture/Shopping,361.0,40.8,True,4.0,4.0,True,True,True,True,City/Culture/Shopping,City/Culture/Shopping,7.2,361.0,False,False,2.0,Budget,342.0,High,True,True,True,0.0,Mid,Completed,Outdoor/Higher-Risk,False,Low,True,1.0
PS00264,35-44,Couple,Visa-Free/On-Arrival,8.9,Evening,March,Carry-On Only,2,Mid-Range,Shopping,4,Airport Signage,88.1,High,City/Culture/Shopping,True,True,2,TRUE,City/Culture/Shopping,349.0,31.8,True,5.0,5.0,True,True,True,True,City/Culture/Shopping,City/Culture/Shopping,8.9,349.0,False,False,2.0,Mid-Range,444.0,High,True,True,True,0.0,Mid,Completed,Outdoor/Higher-Risk,False,Low,True,1.0
PS00265,45-54,Solo,Visa-Free/On-Arrival,12.8,Night,January,Checked-Through,4,Budget,Culture & Heritage,2,Airline Partner,75.7,High,Indoor Micro-Experience,True,True,2,True,Indoor Micro-Experience,381.0,7.6,True,4.0,3.0,True,True,True,True,Indoor Micro-Experience,Indoor Micro-Experience,12.8,381.0,False,False,4.0,Budget,678.0,High,True,True,True,0.0,Mid,Completed,Indoor/Moderate-Risk,False,Low,True,1.0
PS00266,35-44,FAMILY WITH KIDS,Visa-Free/On-Arrival,4.4,Afternoon,February,Checked-Through,5,Mid-Range,Active/City,4,Travel Agent,66.4,Medium,Indoor Micro-Experience,True,True,1,True,Indoor Micro-Experience,410.0,53.8,False,4.0,4.0,True,True,True,False,Indoor Micro-Experience,Indoor Micro-Experience,4.4,410.0,False,False,5.0,Mid-Range,174.0,Medium,True,True,True,0.0,Mid,Completed,Indoor/Moderate-Risk,False,Low,False,1.0
PS00267,35-44,Solo,Visa-Free/On-Arrival,7.6,Evening,June,Checked-Through,5,Mid-Range,Family/Indoor,4,Airport Signage,79.4,High,City/Culture/Shopping,True,True,4,False,,,,,,,True,True,False,,City/Culture/Shopping,,7.6,,False,False,5.0,Mid-Range,366.0,High,False,True,False,,No Spend,Package Viewed,Outdoor/Higher-Risk,False,Medium,True,
PS00268,35-44,Solo,Transit-Visa-Required,10.1,Morning,May,Carry-On Only,1,Mid-Range,Family/Indoor,4,Organic App Search,80.7,High,City/Culture/Shopping,True,TRUE,6,True,City/Culture/Shopping,508.0,22.6,True,4.0,3.0,True,True,True,True,City/Culture/Shopping,City/Culture/Shopping,10.1,508.0,False,False,1.0,Mid-Range,516.0,High,True,True,True,0.0,Mid,Completed,Outdoor/Higher-Risk,False,High,True,1.0
PS00269,25-34,Solo,Transit-Visa-Required,10.0,Morning,January,Carry-On Only,3,Budget,Shopping,5,Social Media,80.5,High,  City/Culture/Shopping ,True,1,3,Yes,City/Culture/Shopping,460.0,26.9,True,3.0,4.0,True,True,True,True,City/Culture/Shopping,City/Culture/Shopping,10.0,460.0,False,False,3.0,Budget,510.0,High,True,True,True,0.0,Mid,Completed,Outdoor/Higher-Risk,False,Medium,True,1.0
PS00270,25-34,Solo,Visa-Free/On-Arrival,17.5,Afternoon,January,Checked-Through,5,Budget,Family/Indoor,3,Word of Mouth/Referral,71.4,High,City/Culture/Shopping,True,True,1,True,City/Culture/Shopping,322.0,15.8,True,3.0,3.0,True,True,True,True,City/Culture/Shopping,City/Culture/Shopping,17.5,322.0,False,False,5.0,Budget,960.0,High,True,True,True,0.0,Mid,Completed,Outdoor/Higher-Risk,False,Low,True,1.0
PS00271,45-54,Family with kids,visa-free/on-arrival,6.2,Morning,November,Carry-On Only,2,Mid-Range,Culture & Heritage,3,Airport Signage,80.5,High,City/Culture/Shopping,yes ,True,3,True,City/Culture/Shopping,564.0,46.8,True,3.0,3.0,True,True,True,True,City/Culture/Shopping,City/Culture/Shopping,6.2,564.0,False,False,2.0,Mid-Range,282.0,High,True,True,True,0.0,Mid,Completed,Outdoor/Higher-Risk,False,Medium,False,1.0
PS00272,45-54,Couple,Visa-Free/On-Arrival,4.2,Morning,April,Checked-Through,4,Mid-Range,Shopping,4,Word of Mouth/Referral,68.8,Medium,Indoor Micro-Experience,True,True,3,True,Indoor Micro-Experience,449.0,47.8,True,4.0,3.0,True,True,True,True,Indoor Micro-Experience,Indoor Micro-Experience,4.2,449.0,False,False,4.0,Mid-Range,162.0,Medium,True,True,True,0.0,Mid,Completed,Indoor/Moderate-Risk,False,Medium,False,1.0
PS00273,45-54,Solo,Visa-Free/On-Arrival,7.9,Afternoon,December,Needs Storage,3,Budget,Family/Indoor,4,Airline Partner,82.4,High,City/Culture/Shopping,True,True,4,True,City/Culture/Shopping,329.0,35.3,True,4.0,4.0,True,True,True,True,City/Culture/Shopping,City/Culture/Shopping,7.9,329.0,False,False,3.0,Budget,384.0,High,True,True,True,0.0,Mid,Completed,Outdoor/Higher-Risk,False,Medium,True,1.0
PS00274,55+,Friends/Group,Transit-Visa-Required,6.4,Morning,April,Checked-Through,5,Premium,Shopping,2,Word of Mouth/Referral,65.1,Medium,Indoor Micro-Experience,True,True,1,no ,,,,,,,True,True,False,,Indoor Micro-Experience,,6.4,,False,False,5.0,Premium,294.0,Medium,False,True,False,,No Spend,Package Viewed,Indoor/Moderate-Risk,False,Low,True,
PS00275,35-44,Friends/Group,Visa-Free/On-Arrival,5.8,Morning,June,Carry-On Only,5,Mid-Range,Relaxation & Wellness,4,Airport Signage,73.8,High,Indoor Micro-Experience,True,True,5,Y,Premium Fast-Track/Chauffeur,2474.0,44.0,True,3.0,3.0,True,True,True,True,Indoor Micro-Experience,Premium Fast-Track/Chauffeur,5.8,2474.0,False,False,5.0,Mid-Range,258.0,High,True,True,True,0.0,High,Completed,Indoor/Moderate-Risk,False,High,True,0.0
PS00276,35-44,Friends/Group,Visa-Free/On-Arrival,5.3,Afternoon,June,Checked-Through,4,Budget,Active/City,1,Social Media,62.3,Medium,Airport Lounge/Relaxation,True,True,0,False,,,,,,,True,True,False,,Airport Lounge/Relaxation,,5.3,,False,False,4.0,Budget,228.0,Medium,False,False,False,,No Spend,Eligibility Checked,Airside/Low-Risk,False,None,True,
PS00277,45-54,Solo,Visa-Free/On-Arrival,8.9,Evening,October,Checked-Through,4,Budget,Family/Indoor,1,Airline Partner,67.5,Medium,Airport Lounge/Relaxation,True,True,4,False,,,,,,,True,True,False,,Airport Lounge/Relaxation,,8.9,,False,False,4.0,Budget,444.0,Medium,False,True,False,,No Spend,Package Viewed,Airside/Low-Risk,False,Medium,True,
PS00278,35-44,couple,Transit-Visa-Required,4.8,Night,June,Carry-On Only,2,Premium,FAMILY/INDOOR,2,Airline Partner,66.4,Medium,Indoor Micro-Experience,True,True,5,True,Indoor Micro-Experience,377.0,51.6,True,4.0,4.0,True,True,True,True,Indoor Micro-Experience,Indoor Micro-Experience,4.8,377.0,False,False,2.0,Premium,198.0,Medium,True,True,True,0.0,Mid,Completed,Indoor/Moderate-Risk,False,High,True,1.0
PS00279,35-44,Friends/Group,Transit-Visa-Required,11.3,Evening,January,Checked-Through,2,Budget,Culture & Heritage,5,Travel Agent,81.2,High,City/Culture/Shopping,True,True,1,True,City/Culture/Shopping,258.0,16.4,True,5.0,5.0,True,True,True,True,City/Culture/Shopping,City/Culture/Shopping,11.3,258.0,False,False,2.0,Budget,588.0,High,True,True,True,0.0,Low,Completed,Outdoor/Higher-Risk,False,Low,True,1.0
PS00280,45-54,Family with kids,Visa-Free/On-Arrival,11.0,Afternoon,October,Checked-Through,3,Premium,Shopping,3,Social Media,83.7,High,Premium Fast-Track/Chauffeur,True,FALSE,2,False,,,,,,,True,False,False,,Premium Fast-Track/Chauffeur,,11.0,,False,False,3.0,Premium,570.0,High,False,True,False,,No Spend,Package Viewed,Outdoor/Higher-Risk,True,Low,True,
PS00281,45-54,Solo,Visa-Free/On-Arrival,9.4,Night,September,Checked-Through,2,Mid-Range,Active/City,1,Social Media,75.6,High,City/Culture/Shopping,True,True,1,True,Stay Airside,0.0,8.1,True,3.0,2.0,True,True,True,True,City/Culture/Shopping,Stay Airside,9.4,0.0,False,False,2.0,Mid-Range,474.0,High,True,True,True,0.0,Low,Completed,Outdoor/Higher-Risk,False,Low,True,0.0
PS00282,25-34,Solo,Transit-Visa-Required,3.8,Evening,November,Checked-Through,2,Budget,Shopping,5,Airport Signage,63.1,Medium,Airport Lounge/Relaxation,True,True,1,False,,,,,,,True,True,False,,Airport Lounge/Relaxation,,3.8,,False,False,2.0,Budget,138.0,Medium,False,True,False,,No Spend,Package Viewed,Airside/Low-Risk,False,Low,False,
PS00283,25-34,Couple,not-eligible,8.7,Morning,July,Checked-Through,3,Mid-Range,Shopping,4,Airline Partner,30.0,Low,STAY AIRSIDE,TRUE,False,6,False,,,,,,,True,False,False,,Stay Airside,,8.7,,False,False,3.0,Mid-Range,432.0,Low,False,True,False,,No Spend,Package Viewed,Airside/Low-Risk,False,High,False,
PS00284,18-24,Friends/Group,Visa-Free/On-Arrival,13.2,Morning,July,Checked-Through,5,Budget,Family/Indoor,4,Word of Mouth/Referral,81.8,High,City/Culture/Shopping,True,True,3,True,City/Culture/Shopping,349.0,6.3,True,4.0,5.0,True,True,True,True,City/Culture/Shopping,City/Culture/Shopping,13.2,349.0,False,False,5.0,Budget,702.0,High,True,True,True,0.0,Mid,Completed,Outdoor/Higher-Risk,False,Medium,True,1.0
PS00285,35-44,Couple,Not-Eligible,11.7,Evening,November,Carry-On Only,1,Budget,Relaxation & Wellness,2,Word of Mouth/Referral,30.0,Low,Stay Airside,True,True,1,False,,,,,,,True,True,False,,Stay Airside,,11.7,,False,False,1.0,Budget,612.0,Low,False,True,False,,No Spend,Package Viewed,Airside/Low-Risk,False,Low,False,
PS00286,18-24,Couple,Not-Eligible,10.8,Evening,July,Carry-On Only,,Budget,CULTURE & HERITAGE,2,Airport Signage,30.0,Low,  Stay Airside ,True,False,1,False,,,,,,,True,False,False,,Stay Airside,,10.8,,True,False,,Budget,558.0,Low,False,True,False,,No Spend,Package Viewed,Airside/Low-Risk,False,Low,False,
PS00287,25-34,Solo,Not-Eligible,7.6,Evening,February,Checked-Through,3,Premium,Shopping,3,Social Media,30.0,Low,Stay Airside,True,True,2,False,,,,,,,True,True,False,,Stay Airside,,7.6,,False,False,3.0,Premium,366.0,Low,False,True,False,,No Spend,Package Viewed,Airside/Low-Risk,False,Low,False,
PS00288,35-44,Family with kids,Transit-Visa-Required,-3.0,Evening,February,Carry-On Only,3,Mid-Range,Relaxation & Wellness,4,Word of Mouth/Referral,80.3,High,City/Culture/Shopping,True,True,1,True,City/Culture/Shopping,599.0,32.9,True,4.0,3.0,True,True,True,True,City/Culture/Shopping,City/Culture/Shopping,,599.0,False,False,3.0,Mid-Range,,High,True,True,True,0.0,Mid,Completed,Outdoor/Higher-Risk,False,Low,False,1.0
PS00289,25-34,Family with kids,Transit-Visa-Required,14.4,Evening,June,Needs Storage,2,Budget,Culture & Heritage,4,Word of Mouth/Referral,81.3,High,City/Culture/Shopping,True,True,3,True,Premium Fast-Track/Chauffeur,1598.0,6.6,True,2.0,2.0,True,True,True,True,City/Culture/Shopping,Premium Fast-Track/Chauffeur,14.4,1598.0,False,False,2.0,Budget,774.0,High,True,True,True,0.0,High,Completed,Outdoor/Higher-Risk,False,Medium,True,0.0
PS00290,35-44,Solo,Visa-Free/On-Arrival,8.8,Night,July,Checked-Through,5,Budget,Shopping,4,Airline Partner,80.8,High,City/Culture/Shopping,True,False,2,False,,,,,,,True,False,False,,City/Culture/Shopping,,8.8,,False,False,5.0,Budget,438.0,High,False,True,False,,No Spend,Package Viewed,Outdoor/Higher-Risk,False,Low,True,
PS00291,18-24,Family with kids,Transit-Visa-Required,8.9,Afternoon,March,Checked-Through,3,Mid-Range,Culture & Heritage,4,Word of Mouth/Referral,79.2,High,City/Culture/Shopping,True,True,2,True,City/Culture/Shopping,509.0,31.9,True,4.0,4.0,True,True,True,True,City/Culture/Shopping,City/Culture/Shopping,8.9,509.0,False,False,3.0,Mid-Range,444.0,High,True,True,True,0.0,Mid,Completed,Outdoor/Higher-Risk,False,Low,True,1.0
PS00292,18-24,Friends/Group,Visa-Free/On-Arrival,26.0,Morning,April,Carry-On Only,3,Budget,Shopping,2,Airport Signage,77.2,High,City/Culture/Shopping,True,True,2,True,City/Culture/Shopping,316.0,10.9,True,4.0,4.0,True,True,True,True,City/Culture/Shopping,City/Culture/Shopping,26.0,316.0,False,False,3.0,Budget,1470.0,High,True,True,True,0.0,Mid,Completed,Outdoor/Higher-Risk,False,Low,True,1.0
PS00293,45-54,Solo,Transit-Visa-Required,6.2,Night,December,Carry-On Only,1,Budget,Family/Indoor,4,Travel Agent,71.4,High,City/Culture/Shopping,True,True,3,True,Indoor Micro-Experience,237.0,43.9,True,2.0,3.0,True,True,True,True,City/Culture/Shopping,Indoor Micro-Experience,6.2,237.0,False,False,1.0,Budget,282.0,High,True,True,True,0.0,Low,Completed,Outdoor/Higher-Risk,False,Medium,True,0.0
PS00294,25-34,Couple,Visa-Free/On-Arrival,2.0,Morning,March,Checked-Through,3,Budget,Relaxation & Wellness,3,Airport Signage,60.5,Medium,Airport Lounge/Relaxation,True,True,1,False,,,,,,,True,True,False,,Airport Lounge/Relaxation,,2.0,,False,False,3.0,Budget,30.0,Medium,False,True,False,,No Spend,Package Viewed,Airside/Low-Risk,False,Low,False,
PS00295,18-24,Solo,Transit-Visa-Required,6.7,Evening,July,Checked-Through,4,Mid-Range,Relaxation & Wellness,1,Social Media,66.5,Medium,Indoor Micro-Experience,True,True,1,False,,,,,,,True,True,False,,Indoor Micro-Experience,,6.7,,False,False,4.0,Mid-Range,312.0,Medium,False,True,False,,No Spend,Package Viewed,Indoor/Moderate-Risk,False,Low,True,
PS00296,35-44,Family with kids,Transit-Visa-Required,7.0,Night,July,Checked-Through,2,Budget,Shopping,2,Social Media,62.4,Medium,Airport Lounge/Relaxation,True,True,3,False,,,,,,,True,True,False,,Airport Lounge/Relaxation,,7.0,,False,False,2.0,Budget,330.0,Medium,False,True,False,,No Spend,Package Viewed,Airside/Low-Risk,False,Medium,True,
PS00297,45-54,Couple,Visa-Free/On-Arrival,8.7,Evening,April,Needs Storage,3,Mid-Range,Shopping,4,Airport Signage,83.4,High,Culture & Shopping,True,Y,6,True,City/Culture/Shopping,566.0,24.7,True,4.0,,True,True,True,True,City/Culture/Shopping,City/Culture/Shopping,8.7,566.0,False,False,3.0,Mid-Range,432.0,High,True,True,True,0.0,Mid,Completed,Outdoor/Higher-Risk,False,High,True,1.0
PS00298,25-34,Couple,Transit-Visa-Required,9.9,Evening,July,Checked-Through,1,Mid-Range,Shopping,5,Social Media,91.5,High,City/Culture/Shopping,True,Y,4,False,,,,,,,True,True,False,,City/Culture/Shopping,,9.9,,False,False,1.0,Mid-Range,504.0,High,False,True,False,,No Spend,Package Viewed,Outdoor/Higher-Risk,False,Medium,True,
PS00299,35-44,Family with kids,Visa-Free/On-Arrival,2.0,Afternoon,May,Needs Storage,5,Premium,Shopping,2,Travel Agent,49.1,Medium,Indoor Micro-Experience,True,True,2,False,,,,,,,True,True,False,,Indoor Micro-Experience,,2.0,,False,False,5.0,Premium,30.0,Medium,False,True,False,,No Spend,Package Viewed,Indoor/Moderate-Risk,False,Low,False,
PS00300,18-24,Solo,Transit-Visa-Required,10.0,Afternoon,January,Checked-Through,1,Mid-Range,Shopping,2,Social Media,71.6,High,City/Culture/Shopping,True,True,2,False,,,,,,,True,True,False,,City/Culture/Shopping,,10.0,,False,False,1.0,Mid-Range,510.0,High,False,True,False,,No Spend,Package Viewed,Outdoor/Higher-Risk,False,Low,True,
PS00301,18-24,Friends/Group,Visa-Free/On-Arrival,7.2,Afternoon,October,Checked-Through,5,Mid-Range,Culture & Heritage,1,Airline Partner,70.2,High,City/Culture/Shopping,True,True,1,True,City/Culture/Shopping,424.0,43.1,True,4.0,4.0,True,True,True,True,City/Culture/Shopping,City/Culture/Shopping,7.2,424.0,False,False,5.0,Mid-Range,342.0,High,True,True,True,0.0,Mid,Completed,Outdoor/Higher-Risk,False,Low,True,1.0
PS00302,35-44,Couple,Visa-Free/On-Arrival,6.3,Evening,April,Checked-Through,3,Mid-Range,Shopping,5,Airline Partner,87.2,High,City/Culture/Shopping,True,True,2,True,City/Culture/Shopping,301.0,35.9,True,5.0,5.0,True,True,True,True,City/Culture/Shopping,City/Culture/Shopping,6.3,301.0,False,False,3.0,Mid-Range,288.0,High,True,True,True,0.0,Mid,Completed,Outdoor/Higher-Risk,False,Low,True,1.0
PS00303,35-44,Solo,Not-Eligible,2.3,Evening,July,Carry-On Only,3,Premium,Family/Indoor,4,Travel Agent,30.0,Low,Stay Airside,True,True,1,False,,,,,,,True,True,False,,Stay Airside,,2.3,,False,False,3.0,Premium,48.0,Low,False,True,False,,No Spend,Package Viewed,Airside/Low-Risk,False,Low,False,
PS00304,35-44,Family with kids,VISA-FREE/ON-ARRIVAL,16.1,Evening,February,Checked-Through,4,Mid-Range,Culture & Heritage,5,Word of Mouth/Referral,86.6,High,City/Culture/Shopping,True,True,3,True,City/Culture/Shopping,-388.0,8.4,True,4.0,,True,True,True,True,City/Culture/Shopping,City/Culture/Shopping,16.1,,False,False,4.0,Mid-Range,876.0000000000001,High,True,True,True,0.0,No Spend,Completed,Outdoor/Higher-Risk,False,Medium,False,1.0
PS00305,35-44,Family with kids,Transit-Visa-Required,5.7,Morning,February,Checked-Through,2,Mid-Range,Shopping,5,Word of Mouth/Referral,73.7,High,City/Culture/Shopping,True,True,2,True,City/Culture/Shopping,359.0,43.8,True,3.0,2.0,True,True,True,True,City/Culture/Shopping,City/Culture/Shopping,5.7,359.0,False,False,2.0,Mid-Range,252.0,High,True,True,True,0.0,Mid,Completed,Outdoor/Higher-Risk,False,Low,True,1.0
PS00306,55+,Solo,Visa-Free/On-Arrival,10.9,Afternoon,January,Needs Storage,3,,culture & heritage,3,Airport Signage,74.2,High,City/Culture/Shopping,True,True,1,False,,,,,,,True,True,False,,City/Culture/Shopping,,10.9,,False,True,3.0,Unknown,564.0,High,False,True,False,,No Spend,Package Viewed,Outdoor/Higher-Risk,False,Low,True,
PS00307,35-44,Friends/Group,visa-free/on-arrival,4.4,Evening,February,Needs Storage,3,Premium,Shopping,2,Social Media,67.6,Medium,Indoor Micro-Experience,True,True,0,True,Indoor Micro-Experience,445.0,43.6,False,3.0,3.0,True,True,True,False,Indoor Micro-Experience,Indoor Micro-Experience,4.4,445.0,False,False,3.0,Premium,174.0,Medium,True,False,True,0.0,Mid,Completed,Indoor/Moderate-Risk,False,None,False,1.0
PS00308,25-34,Friends/Group,Visa-Free/On-Arrival,9.0,Afternoon,October,Checked-Through,1,Budget,Relaxation & Wellness,3,Airline Partner,86.8,High,City / Culture / Shopping,True,True,3,True,City/Culture/Shopping,,25.8,True,3.0,4.0,True,True,True,True,City/Culture/Shopping,City/Culture/Shopping,9.0,,False,False,1.0,Budget,450.0,High,True,True,True,0.0,No Spend,Completed,Outdoor/Higher-Risk,False,Medium,True,1.0
PS00309,45-54,Solo,Transit-Visa-Required,6.4,Afternoon,August,Checked-Through,4,Budget,Culture & Heritage,1,Organic App Search,61.5,Medium,Airport Lounge/Relaxation,True,True,2,True,Premium Fast-Track/Chauffeur,1399.0,44.5,True,3.0,3.0,True,True,True,True,Airport Lounge/Relaxation,Premium Fast-Track/Chauffeur,6.4,1399.0,False,False,4.0,Budget,294.0,Medium,True,True,True,0.0,High,Completed,Airside/Low-Risk,False,Low,True,0.0
PS00310,25-34,Friends/Group,Visa-Free/On-Arrival,10.7,Evening,November,Carry-On Only,1,Mid-Range,Shopping,2,Airport Signage,85.8,High,City/Culture/Shopping,True,True,1,False,,,,,,,True,True,False,,City/Culture/Shopping,,10.7,,False,False,1.0,Mid-Range,552.0,High,False,True,False,,No Spend,Package Viewed,Outdoor/Higher-Risk,False,Low,True,
PS00311,25-34,Solo,Visa-Free/On-Arrival,6.3,Evening,August,Carry-On Only,4,Premium,Culture & Heritage,2,Airport Signage,71.8,High,Premium Fast-Track/Chauffeur,True,True,1,True,Indoor Micro-Experience,345.0,40.8,True,3.0,3.0,True,True,True,True,Premium Fast-Track/Chauffeur,Indoor Micro-Experience,6.3,345.0,False,False,4.0,Premium,288.0,High,True,True,True,0.0,Mid,Completed,Outdoor/Higher-Risk,False,Low,True,0.0
PS00312,18-24,Solo,Visa-Free/On-Arrival,4.2,Afternoon,August,Checked-Through,3,Mid-Range,Shopping,4,Travel Agent,73.0,High,City/Culture/Shopping,1,True,1,True,City/Culture/Shopping,317.0,52.8,True,,3.0,True,True,True,True,City/Culture/Shopping,City/Culture/Shopping,4.2,317.0,False,False,3.0,Mid-Range,162.0,High,True,True,True,0.0,Mid,Booked,Outdoor/Higher-Risk,False,Low,False,1.0
PS00313,18-24,Solo,Visa-Free/On-Arrival,7.4,Night,January,Needs Storage,2,Mid-Range,relaxation & wellness,3,Word of Mouth/Referral,83.9,High,City/Culture/Shopping,True,True,2,True,City/Culture/Shopping,394.0,37.6,True,5.0,5.0,True,True,True,True,City/Culture/Shopping,City/Culture/Shopping,7.4,394.0,False,False,2.0,Mid-Range,354.0,High,True,True,True,0.0,Mid,Completed,Outdoor/Higher-Risk,False,Low,True,1.0
PS00314,55+,Friends/Group,NOT-ELIGIBLE,7.2,Morning,January,Checked-Through,4,Premium,Active/City,3,Airline Partner,30.0,Low,Stay Airside,True,True,1,False,,,,,,,True,True,False,,Stay Airside,,7.2,,False,False,4.0,Premium,342.0,Low,False,True,False,,No Spend,Package Viewed,Airside/Low-Risk,False,Low,False,
PS00315,45-54,Family with kids,Not-Eligible,8.6,Night,December,Carry-On Only,3,Mid-Range,Shopping,3,Airport Signage,30.0,Low,Stay Airside,True,TRUE,4,True,City/Culture/Shopping,AED 542.0,33.7,True,3.0,3.0,True,True,True,True,Stay Airside,City/Culture/Shopping,8.6,542.0,False,False,3.0,Mid-Range,426.0,Low,True,True,True,0.0,Mid,Completed,Airside/Low-Risk,False,Medium,False,0.0
PS00316,35-44,Solo,Visa-Free/On-Arrival,12.5,Morning,October,Checked-Through,3,Mid-Range,Relaxation & Wellness,2,Social Media,81.2,High,City/Culture/Shopping,True,True,1,True,City/Culture/Shopping,426.0,13.1,True,5.0,5.0,True,True,True,True,City/Culture/Shopping,City/Culture/Shopping,12.5,426.0,False,False,3.0,Mid-Range,660.0,High,True,True,True,0.0,Mid,Completed,Outdoor/Higher-Risk,False,Low,True,1.0
PS00317,25-34,Couple,Transit-Visa-Required,3.6,Morning,April,Carry-On Only,3,Mid-Range,Culture & Heritage,4,Social Media,60.4,Medium,Indoor Micro-Experience,True,True,2,True,Indoor Micro-Experience,300.0,61.3,True,4.0,5.0,True,True,True,True,Indoor Micro-Experience,Indoor Micro-Experience,3.6,300.0,False,False,3.0,Mid-Range,126.0,Medium,True,True,True,1.0,Mid,Completed,Indoor/Moderate-Risk,False,Low,False,1.0
PS00318,18-24,Couple,Visa-Free/On-Arrival,12.2,Night,June,Checked-Through,2,Premium,Shopping,4,Airline Partner,92.9,High,Fast Track Premium,True,True,1,True,Premium Fast-Track/Chauffeur,1002.0,11.9,True,3.0,2.0,True,True,True,True,Premium Fast-Track/Chauffeur,Premium Fast-Track/Chauffeur,12.2,1002.0,False,False,2.0,Premium,642.0,High,True,True,True,0.0,High,Completed,Outdoor/Higher-Risk,False,Low,True,1.0
PS00319,18-24,Solo,Transit-Visa-Required,3.2,Morning,August,Carry-On Only,5,Mid-Range,Shopping,2,Travel Agent,46.8,Medium,Indoor Micro-Experience,True,True,2,False,,,,,,,True,True,False,,Indoor Micro-Experience,,3.2,,False,False,5.0,Mid-Range,102.0,Medium,False,True,False,,No Spend,Package Viewed,Indoor/Moderate-Risk,False,Low,False,
PS00320,25-34,Friends/Group,Transit-Visa-Required,10.5,Evening,February,Needs Storage,3,Premium,Active/City,4,Social Media,78.8,High,Premium Fast-Track/Chauffeur,True,True,1,True,Premium Fast-Track/Chauffeur,1972.0,11.7,Y,4.0,4.0,True,True,True,True,Premium Fast-Track/Chauffeur,Premium Fast-Track/Chauffeur,10.5,1972.0,False,False,3.0,Premium,540.0,High,True,True,True,0.0,High,Completed,Outdoor/Higher-Risk,False,Low,True,1.0
PS00321,35-44,Family with kids,Not-Eligible,10.7,Evening,March,Checked-Through,2,Budget,Culture & Heritage,3,Word of Mouth/Referral,30.0,Low,Stay Airside,True,True,2,False,,,,,,,True,True,False,,Stay Airside,,10.7,,False,False,2.0,Budget,552.0,Low,False,True,False,,No Spend,Package Viewed,Airside/Low-Risk,False,Low,False,
PS00322,35-44,Couple,Visa-Free/On-Arrival,5.5,Night,June,Checked-Through,4,Budget,Active/City,1,Airline Partner,62.4,Medium,Airport Lounge/Relaxation,True,True,1,Y,Airport Lounge/Relaxation,215.0,36.2,True,4.0,3.0,True,True,True,True,Airport Lounge/Relaxation,Airport Lounge/Relaxation,5.5,215.0,False,False,4.0,Budget,240.0,Medium,True,True,True,0.0,Low,Completed,Airside/Low-Risk,False,Low,True,1.0
PS00323,35-44,Friends/Group,Transit-Visa-Required,4.5,Night,October,Checked-Through,1,Budget,Culture & Heritage,2,Airline Partner,63.5,Medium,Airport Lounge/Relaxation,True,True,3,True,Airport Lounge/Relaxation,152.0,41.2,False,3.0,3.0,True,True,True,False,Airport Lounge/Relaxation,Airport Lounge/Relaxation,4.5,152.0,False,False,1.0,Budget,180.0,Medium,True,True,True,0.0,Low,Completed,Airside/Low-Risk,False,Medium,True,1.0
PS00324,25-34,Couple,Visa-Free/On-Arrival,4.4,Afternoon,April,Needs Storage,2,Mid-Range,Shopping,5,Word of Mouth/Referral,75.0,High,City/Culture/Shopping,True,True,2,1,City/Culture/Shopping,461.0,53.1,True,5.0,5.0,True,True,True,True,City/Culture/Shopping,City/Culture/Shopping,4.4,461.0,False,False,2.0,Mid-Range,174.0,High,True,True,True,0.0,Mid,Completed,Outdoor/Higher-Risk,False,Low,False,1.0
PS00325,55+,Friends/Group,Not-Eligible,7.8,Evening,December,Needs Storage,3,Premium,Relaxation & Wellness,1,Travel Agent,30.0,Low,Stay Airside,True,True,1,True,stay airside,0.0,22.3,True,3.0,3.0,True,True,True,True,Stay Airside,Stay Airside,7.8,0.0,False,False,3.0,Premium,378.0,Low,True,True,True,0.0,Low,Completed,Airside/Low-Risk,False,Low,False,1.0
PS00326,35-44,Family with kids,Visa-Free/On-Arrival,11.1,Morning,February,Carry-On Only,5,Budget,Active/City,3,Word of Mouth/Referral,72.6,High,City/Culture/Shopping,True,True,0,True,City/Culture/Shopping,362.0,15.2,True,5.0,5.0,True,True,True,True,City/Culture/Shopping,City/Culture/Shopping,11.1,362.0,False,False,5.0,Budget,576.0,High,True,False,True,0.0,Mid,Completed,Outdoor/Higher-Risk,False,None,True,1.0
PS00327,35-44,Couple,Transit-Visa-Required,6.8,Afternoon,July,Checked-Through,5,Budget,Relaxation & Wellness,4,Word of Mouth/Referral,61.1,Medium,Airport Lounge/Relaxation,True,True,1,False,,,,,,,True,True,False,,Airport Lounge/Relaxation,,6.8,,False,False,5.0,Budget,318.0,Medium,False,True,False,,No Spend,Package Viewed,Airside/Low-Risk,False,Low,True,
PS00328,35-44,Solo,Transit-Visa-Required,2.0,Night,April,Needs Storage,4,Budget,Relaxation & Wellness,3,Airline Partner,43.0,Medium,Airport Lounge/Relaxation,True,True,2,True,Fast Track Premium,1697.0,64.7,True,3.0,3.0,True,True,True,True,Airport Lounge/Relaxation,Premium Fast-Track/Chauffeur,2.0,1697.0,False,False,4.0,Budget,30.0,Medium,True,True,True,1.0,High,Completed,Airside/Low-Risk,False,Low,False,0.0
PS00329,25-34,Friends/Group,Transit-Visa-Required,5.3,Afternoon,August,Checked-Through,3,Mid-Range,Culture & Heritage,2,Airport Signage,61.2,Medium,Indoor Micro-Experience,True,True,2,False,,,,,,,True,True,False,,Indoor Micro-Experience,,5.3,,False,False,3.0,Mid-Range,228.0,Medium,False,True,False,,No Spend,Package Viewed,Indoor/Moderate-Risk,False,Low,True,
PS00330,25-34,Couple,Visa-Free/On-Arrival,5.2,Evening,August,Checked-Through,4,Budget,Shopping,5,Airport Signage,70.9,High,Indoor Micro-Experience,True,Yes,2,True,Indoor Micro-Experience,359.0,46.7,True,4.0,4.0,True,True,True,True,Indoor Micro-Experience,Indoor Micro-Experience,5.2,359.0,False,False,4.0,Budget,222.0,High,True,True,True,0.0,Mid,Completed,Indoor/Moderate-Risk,False,Low,True,1.0
PS00331,25-34,Solo,Not-Eligible,9.9,Afternoon,July,Checked-Through,3,Budget,Shopping,3,Organic App Search,30.0,Low,Stay Airside,True,True,1,False,,,,,,,True,True,False,,Stay Airside,,9.9,,False,False,3.0,Budget,504.0,Low,False,True,False,,No Spend,Package Viewed,Airside/Low-Risk,False,Low,False,
PS00332,45-54,Solo,Visa-Free/On-Arrival,10.2,Evening,October,Checked-Through,2,Premium,Culture & Heritage,4,Social Media,88.5,High,Premium Fast-Track/Chauffeur,True,True,2,True,Premium Fast-Track/Chauffeur,1586.0,19.5,True,3.0,3.0,True,True,True,True,Premium Fast-Track/Chauffeur,Premium Fast-Track/Chauffeur,10.2,1586.0,False,False,2.0,Premium,522.0,High,True,True,True,0.0,High,Completed,Outdoor/Higher-Risk,True,Low,True,1.0
PS00333,18-24,Couple,Transit-Visa-Required,8.2,Night,September,Carry-On Only,5,Budget,Active/City,4,Airline Partner,66.4,Medium,Airport Lounge/Relaxation,True,False,2,False,,,,,,,True,False,False,,Airport Lounge/Relaxation,,8.2,,False,False,5.0,Budget,401.99999999999994,Medium,False,True,False,,No Spend,Package Viewed,Airside/Low-Risk,False,Low,True,
PS00334,18-24,Couple,Visa-Free/On-Arrival,12.2,Morning,April,Carry-On Only,2,,Relaxation & Wellness,4,Airport Signage,89.2,High,City/Culture/Shopping,True,True,3,False,,,,,,,True,True,False,,City/Culture/Shopping,,12.2,,False,True,2.0,Unknown,642.0,High,False,True,False,,No Spend,Package Viewed,Outdoor/Higher-Risk,False,Medium,True,
PS00335,18-24,Family with kids,Visa-Free/On-Arrival,12.7,Evening,July,Checked-Through,3,Mid-Range,Relaxation & Wellness,5,Word of Mouth/Referral,93.2,High,City/Culture/Shopping,True,True,1,False,,,,,,,True,True,False,,City/Culture/Shopping,,12.7,,False,False,3.0,Mid-Range,672.0,High,False,True,False,,No Spend,Package Viewed,Outdoor/Higher-Risk,False,Low,True,
PS00336,18-24,Friends/Group,Visa-Free/On-Arrival,5.5,Night,October,Checked-Through,5,Mid-Range,Culture & Heritage,4,Word of Mouth/Referral,78.8,High,City/Culture/Shopping,True,True,2,True,City/Culture/Shopping,571.0,42.1,True,4.0,4.0,True,True,True,True,City/Culture/Shopping,City/Culture/Shopping,5.5,571.0,False,False,5.0,Mid-Range,240.0,High,True,True,True,0.0,Mid,Completed,Outdoor/Higher-Risk,False,Low,True,1.0
PS00337,45-54,Solo,Visa-Free/On-Arrival,4.3,Afternoon,October,Checked-Through,4,Budget,Relaxation & Wellness,4,Organic App Search,62.2,Medium,Airport Lounge/Relaxation,TRUE,True,0,False,,,,,,,True,True,False,,Airport Lounge/Relaxation,,4.3,,False,False,4.0,Budget,168.0,Medium,False,False,False,,No Spend,Eligibility Checked,Airside/Low-Risk,False,None,False,
PS00338,35-44,Family with kids,Visa-Free/On-Arrival,7.1,Morning,December,Carry-On Only,1,Premium,Active/City,5,Airport Signage,91.8,High,Premium Fast-Track/Chauffeur,True,False,3,False,,,,,,,True,False,False,,Premium Fast-Track/Chauffeur,,7.1,,False,False,1.0,Premium,336.0,High,False,True,False,,No Spend,Package Viewed,Outdoor/Higher-Risk,True,Medium,True,
PS00339,25-34,Solo,Visa-Free/On-Arrival,8.2,Evening,January,Checked-Through,1,Mid-Range,Family/Indoor,5,Social Media,93.6,High,City/Culture/Shopping,True,True,4,True,City/Culture/Shopping,512.0,27.4,True,4.0,4.0,True,True,True,True,City/Culture/Shopping,City/Culture/Shopping,8.2,512.0,False,False,1.0,Mid-Range,401.99999999999994,High,True,True,True,0.0,Mid,Completed,Outdoor/Higher-Risk,False,Medium,True,1.0
PS00340,18-24,Friends/Group,Visa-Free/On-Arrival,5.3,Afternoon,April,Checked-Through,3,Budget,Culture & Heritage,5,Airport Signage,77.7,High,City/Culture/Shopping,True,True,1,False,,,,,,,True,True,False,,City/Culture/Shopping,,5.3,,False,False,3.0,Budget,228.0,High,False,True,False,,No Spend,Package Viewed,Outdoor/Higher-Risk,False,Low,True,
PS00341,25-34,Family with kids,Transit-Visa-Required,26.0,Morning,February,carry-on only,3,,Relaxation & Wellness,4,Airline Partner,75.6,High,City/Culture/Shopping,True,True,4,yes ,City/Culture/Shopping,264.0,9.1,True,3.0,2.0,True,True,True,True,City/Culture/Shopping,City/Culture/Shopping,26.0,264.0,False,True,3.0,Unknown,1470.0,High,True,True,True,0.0,Low,Completed,Outdoor/Higher-Risk,False,Medium,True,1.0
PS00342,25-34,Couple,Not-Eligible,15.6,Night,September,Needs Storage,3,Budget,Family/Indoor,2,Airline Partner,30.0,Low,Stay Airside,True,False,1,False,,,,,,,True,False,False,,Stay Airside,,15.6,,False,False,3.0,Budget,846.0,Low,False,True,False,,No Spend,Package Viewed,Airside/Low-Risk,False,Low,False,
PS00343,18-24,Family with kids,Visa-Free/On-Arrival,5.0,Afternoon,May,Needs Storage,3,Mid-Range,Active/City,4,Airline Partner,64.8,Medium,Indoor Micro-Experience,True,True,4,False,,,,,,,True,True,False,,Indoor Micro-Experience,,5.0,,False,False,3.0,Mid-Range,210.0,Medium,False,True,False,,No Spend,Package Viewed,Indoor/Moderate-Risk,False,Medium,True,
PS00344,25-34,Solo,Visa-Free/On-Arrival,3.7,Night,March,Needs Storage,5,Mid-Range,Culture & Heritage,1,Social Media,55.8,Medium,Indoor Micro-Experience,True,True,5,False,,,,,,,True,True,False,,Indoor Micro-Experience,,3.7,,False,False,5.0,Mid-Range,132.0,Medium,False,True,False,,No Spend,Package Viewed,Indoor/Moderate-Risk,False,High,False,
PS00345,25-34,Couple,Visa-Free/On-Arrival,4.8,Evening,April,Carry-On Only,,Budget,Shopping,3,Organic App Search,71.8,High,City/Culture/Shopping,True,True,3,True,City/Culture/Shopping,457.0,50.2,False,2.0,3.0,True,True,True,False,City/Culture/Shopping,City/Culture/Shopping,4.8,457.0,True,False,,Budget,198.0,High,True,True,True,0.0,Mid,Completed,Outdoor/Higher-Risk,False,Medium,True,1.0
PS00346,35-44,Family with kids,Visa-Free/On-Arrival,12.8,Evening,June,Checked-Through,3,Budget,Family/Indoor,2,Airline Partner,78.6,High,City/Culture/Shopping,TRUE,True,4,True,City/Culture/Shopping,381.0,10.8,False,4.0,4.0,True,True,True,False,City/Culture/Shopping,City/Culture/Shopping,12.8,381.0,False,False,3.0,Budget,678.0,High,True,True,True,0.0,Mid,Completed,Outdoor/Higher-Risk,False,Medium,True,1.0
PS00347,35-44,Couple,Transit-Visa-Required,13.0,Morning,October,Needs Storage,3,Premium,Shopping,5,Organic App Search,80.4,High,Premium Fast-Track/Chauffeur,True,True,1,True,Premium Fast-Track/Chauffeur,,8.0,True,4.0,4.0,True,True,True,True,Premium Fast-Track/Chauffeur,Premium Fast-Track/Chauffeur,13.0,,False,False,3.0,Premium,690.0,High,True,True,True,0.0,No Spend,Completed,Outdoor/Higher-Risk,False,Low,True,1.0
PS00348,18-24,Solo,Transit-Visa-Required,15.7,Afternoon,January,Checked-Through,2,Premium,Family/Indoor,3,Airport Signage,81.6,High,Premium Fast-Track/Chauffeur,True,yes ,3,True,stay airside,0.0,1.8,True,2.0,2.0,True,True,True,True,Premium Fast-Track/Chauffeur,Stay Airside,15.7,0.0,False,False,2.0,Premium,852.0,High,True,True,True,0.0,Low,Completed,Outdoor/Higher-Risk,True,Medium,True,0.0
PS00349,25-34,Couple,Visa-Free/On-Arrival,4.2,Morning,July,Carry-On Only,2,Mid-Range,Shopping,4,Airport Signage,67.8,Medium,Indoor Micro-Experience,True,True,1,False,,,,,,,True,True,False,,Indoor Micro-Experience,,4.2,,False,False,2.0,Mid-Range,162.0,Medium,False,True,False,,No Spend,Package Viewed,Indoor/Moderate-Risk,False,Low,False,
PS00350,35-44,Family with kids,Visa-Free/On-Arrival,9.9,Night,August,Checked-Through,5,Mid-Range,Active/City,3,Airport Signage,73.6,High,Indoor Micro-Experience,True,True,2,True,Indoor Micro-Experience,315.0,10.0,True,4.0,4.0,True,True,True,True,Indoor Micro-Experience,Indoor Micro-Experience,9.9,315.0,False,False,5.0,Mid-Range,504.0,High,True,True,True,0.0,Mid,Completed,Indoor/Moderate-Risk,False,Low,True,1.0
PS00351,35-44,Solo,Visa-Free/On-Arrival,4.5,Morning,July,Carry-On Only,5,Premium,Active/City,2,Airport Signage,66.4,Medium,Indoor Micro-Experience,True,True,2,True,Indoor Micro-Experience,442.0,44.2,N,4.0,3.0,True,True,True,False,Indoor Micro-Experience,Indoor Micro-Experience,4.5,442.0,False,False,5.0,Premium,180.0,Medium,True,True,True,0.0,Mid,Completed,Indoor/Moderate-Risk,False,Low,True,1.0
PS00352,45-54,Solo,Transit-Visa-Required,17.5,Afternoon,July,Checked-Through,2,Mid-Range,Shopping,3,Airport Signage,78.1,High,City/Culture/Shopping,True,True,2,True,City/Culture/Shopping,587.0,6.1,True,5.0,5.0,True,True,True,True,City/Culture/Shopping,City/Culture/Shopping,17.5,587.0,False,False,2.0,Mid-Range,960.0,High,True,True,True,0.0,Mid,Completed,Outdoor/Higher-Risk,False,Low,True,1.0
PS00353,35-44,Family with kids,Not-Eligible,4.3,Afternoon,September,Checked-Through,5,Mid-Range,Shopping,4,Travel Agent,30.0,Low,Stay Airside,True,True,1,False,,,,,,,True,True,False,,Stay Airside,,4.3,,False,False,5.0,Mid-Range,168.0,Low,False,True,False,,No Spend,Package Viewed,Airside/Low-Risk,False,Low,False,
PS00354,18-24,Family with kids,Visa-Free/On-Arrival,3.2,Morning,April,carry-on only,2,Budget,Family/Indoor,5,Word of Mouth/Referral,66.2,Medium,Airport Lounge/Relaxation,True,True,0,True,Premium Fast-Track/Chauffeur,1072.0,55.2,True,2.0,2.0,True,True,True,True,Airport Lounge/Relaxation,Premium Fast-Track/Chauffeur,3.2,1072.0,False,False,2.0,Budget,102.0,Medium,True,False,True,1.0,High,Completed,Airside/Low-Risk,False,None,False,0.0
PS00355,18-24,Solo,Visa-Free/On-Arrival,3.6,Morning,July,Checked-Through,4,Mid-Range,Relaxation & Wellness,1,Word of Mouth/Referral,66.4,Medium,Indoor Micro-Experience,Y,True,0,False,,,,,,,True,True,False,,Indoor Micro-Experience,,3.6,,False,False,4.0,Mid-Range,126.0,Medium,False,False,False,,No Spend,Eligibility Checked,Indoor/Moderate-Risk,False,None,False,
PS00356,35-44,Solo,TRANSIT-VISA-REQUIRED,7.4,Evening,September,Needs Storage,1,Budget,Shopping,2,Airport Signage,79.7,High,City/Culture/Shopping,True,True,0,True,City/Culture/Shopping,375.0,37.6,True,3.0,3.0,True,True,True,True,City/Culture/Shopping,City/Culture/Shopping,7.4,375.0,False,False,1.0,Budget,354.0,High,True,False,True,0.0,Mid,Completed,Outdoor/Higher-Risk,False,None,False,1.0
PS00357,18-24,Solo,Not-Eligible,11.0,Morning,May,Checked-Through,5,Budget,Shopping,4,Word of Mouth/Referral,30.0,Low,Stay Airside,True,False,1,False,,,,,,,True,False,False,,Stay Airside,,11.0,,False,False,5.0,Budget,570.0,Low,False,True,False,,No Spend,Package Viewed,Airside/Low-Risk,False,Low,False,
PS00358,35-44,SOLO,Visa-Free/On-Arrival,10.6,Morning,February,Carry-On Only,1,,Family/Indoor,1,Social Media,82.6,High,Premium Fast-Track/Chauffeur,True,True,6,True,Premium Fast-Track/Chauffeur,2495.0,10.9,True,5.0,5.0,True,True,True,True,Premium Fast-Track/Chauffeur,Premium Fast-Track/Chauffeur,10.6,2495.0,False,True,1.0,Unknown,546.0,High,True,True,True,0.0,High,Completed,Outdoor/Higher-Risk,False,High,True,1.0
PS00359,55+,Couple,Visa-Free/On-Arrival,3.7,Afternoon,May,Needs Storage,3,Mid-Range,Relaxation & Wellness,2,Organic App Search,65.9,Medium,Indoor Micro-Experience,True,True,3,True,stay airside,0.0,41.6,True,2.0,2.0,True,True,True,True,Indoor Micro-Experience,Stay Airside,3.7,0.0,False,False,3.0,Mid-Range,132.0,Medium,True,True,True,0.0,Low,Completed,Indoor/Moderate-Risk,False,Medium,False,0.0
PS00360,35-44,Family with kids,Visa-Free/On-Arrival,5.9,Evening,April,Carry-On Only,4,Premium,Shopping,2,Airport Signage,70.1,High,Premium Fast-Track/Chauffeur,True,True,1,True,Premium Fast-Track/Chauffeur,2370.0,41.0,True,4.0,4.0,True,True,True,True,Premium Fast-Track/Chauffeur,Premium Fast-Track/Chauffeur,5.9,2370.0,False,False,4.0,Premium,264.0,High,True,True,True,0.0,High,Completed,Outdoor/Higher-Risk,False,Low,True,1.0
PS00361,25-34,Family with kids,Transit-Visa-Required,5.4,Evening,August,Checked-Through,2,Mid-Range,Relaxation & Wellness,4,Organic App Search,72.5,High,Culture & Shopping,True,True,3,True,City/Culture/Shopping,552.0,51.8,True,5.0,5.0,True,True,True,True,City/Culture/Shopping,City/Culture/Shopping,5.4,552.0,False,False,2.0,Mid-Range,234.0,High,True,True,True,0.0,Mid,Completed,Outdoor/Higher-Risk,False,Medium,True,1.0
PS00362,35-44,Couple,Visa-Free/On-Arrival,3.3,Afternoon,May,Checked-Through,3,Premium,Active/City,2,Travel Agent,63.1,Medium,Indoor Micro-Experience,True,True,0,False,,,,,,,True,True,False,,Indoor Micro-Experience,,3.3,,False,False,3.0,Premium,108.0,Medium,False,False,False,,No Spend,Eligibility Checked,Indoor/Moderate-Risk,False,None,False,
PS00363,25-34,Solo,Visa-Free/On-Arrival,5.3,Evening,September,Checked-Through,1,Budget,Shopping,3,Word of Mouth/Referral,74.7,High,City/Culture/Shopping,True,True,0,False,,,,,,,True,True,False,,City/Culture/Shopping,,5.3,,False,False,1.0,Budget,228.0,High,False,False,False,,No Spend,Eligibility Checked,Outdoor/Higher-Risk,False,None,True,
PS00364,35-44,Family with kids,Transit-Visa-Required,15.3,Afternoon,September,Needs Storage,4,Mid-Range,Family/Indoor,5,Airline Partner,74.9,High,City/Culture/Shopping,yes ,True,1,True,Airport Lounge/Relaxation,228.0,0.0,Yes,3.0,3.0,True,True,True,True,City/Culture/Shopping,Airport Lounge/Relaxation,15.3,228.0,False,False,4.0,Mid-Range,828.0,High,True,True,True,0.0,Low,Completed,Outdoor/Higher-Risk,False,Low,True,0.0
PS00365,55+,Couple,Visa-Free/On-Arrival,3.0,Night,March,Carry-On Only,3,Budget,Shopping,4,Social Media,61.9,Medium,Airport Lounge/Relaxation,True,True,6,True,Airport Lounge/Relaxation,168.0,60.1,False,3.0,4.0,True,True,True,False,Airport Lounge/Relaxation,Airport Lounge/Relaxation,3.0,168.0,False,False,3.0,Budget,90.0,Medium,True,True,True,1.0,Low,Completed,Airside/Low-Risk,False,High,False,1.0
PS00366,25-34,Friends/Group,Transit-Visa-Required,8.5,Morning,October,Needs Storage,3,Budget,Shopping,3,Social Media,62.7,Medium,  Airport Lounge/Relaxation ,True,True,3,FALSE,,,,,,,True,True,False,,Airport Lounge/Relaxation,,8.5,,False,False,3.0,Budget,420.0,Medium,False,True,False,,No Spend,Package Viewed,Airside/Low-Risk,False,Medium,True,
PS00367,55+,Couple,Visa-Free/On-Arrival,15.5,Evening,June,Checked-Through,5,Budget,Shopping,3,Airline Partner,78.3,High,City/Culture/Shopping,True,True,2,True,City/Culture/Shopping,391.0,9.8,True,3.0,3.0,True,True,True,True,City/Culture/Shopping,City/Culture/Shopping,15.5,391.0,False,False,5.0,Budget,840.0,High,True,True,True,0.0,Mid,Completed,Outdoor/Higher-Risk,False,Low,True,1.0
PS00368,55+,Solo,Visa-Free/On-Arrival,15.1,Night,June,Checked-Through,3,Mid-Range,Culture & Heritage,2,Airport Signage,85.3,High,City/Culture/Shopping,True,True,2,True,City/Culture/Shopping,405.0,11.9,True,4.0,4.0,True,True,True,True,City/Culture/Shopping,City/Culture/Shopping,15.1,405.0,False,False,3.0,Mid-Range,816.0,High,True,True,True,0.0,Mid,Completed,Outdoor/Higher-Risk,False,Low,True,1.0
PS00369,25-34,Family with kids,Transit-Visa-Required,17.9,Evening,April,Checked-Through,1,Budget,Relaxation & Wellness,1,Organic App Search,74.5,High,City/Culture/Shopping,True,True,1,Y,City / Culture / Shopping,300.0,19.8,True,3.0,3.0,True,True,True,True,City/Culture/Shopping,City/Culture/Shopping,17.9,300.0,False,False,1.0,Budget,984.0,High,True,True,True,0.0,Mid,Completed,Outdoor/Higher-Risk,False,Low,True,1.0
PS00370,18-24,Solo,Visa-Free/On-Arrival,9.0,Morning,November,Carry-On Only,,Mid-Range,Family/Indoor,2,Airport Signage,75.4,High,City/Culture/Shopping,True,True,0,True,City/Culture/Shopping,466.0,31.9,True,4.0,4.0,True,True,True,True,City/Culture/Shopping,City/Culture/Shopping,9.0,466.0,True,False,,Mid-Range,450.0,High,True,False,True,0.0,Mid,Completed,Outdoor/Higher-Risk,False,None,True,1.0
PS00371,18-24,Family with kids,Not-Eligible,9.7,Afternoon,October,Checked-Through,4,Budget,Shopping,3,Airline Partner,30.0,Low,Stay Airside,True,True,2,False,,,,,,,True,True,False,,Stay Airside,,9.7,,False,False,4.0,Budget,492.0,Low,False,True,False,,No Spend,Package Viewed,Airside/Low-Risk,False,Low,False,
PS00372,18-24,Solo,Visa-Free/On-Arrival,5.4,Evening,March,Checked-Through,5,Budget,Shopping,3,Social Media,63.9,Medium,Airport Lounge/Relaxation,True,True,2,False,,,,,,,True,True,False,,Airport Lounge/Relaxation,,5.4,,False,False,5.0,Budget,234.0,Medium,False,True,False,,No Spend,Package Viewed,Airside/Low-Risk,False,Low,True,
PS00373,18-24,Solo,Visa-Free/On-Arrival,3.0,Morning,January,Carry-On Only,2,Mid-Range,Family/Indoor,5,Airline Partner,74.5,High,City/Culture/Shopping,True,True,6,True,Indoor Micro-Experience,260.0,56.3,True,1.0,1.0,True,True,True,True,City/Culture/Shopping,Indoor Micro-Experience,3.0,260.0,False,False,2.0,Mid-Range,90.0,High,True,True,True,1.0,Low,Completed,Outdoor/Higher-Risk,False,High,False,0.0
PS00374,35-44,Friends/Group,Transit-Visa-Required,6.8,Evening,December,Checked-Through,3,Premium,Shopping,5,Social Media,82.9,High,Premium Fast-Track/Chauffeur,1,True,5,True,Premium Fast-Track/Chauffeur,1035.0,40.1,True,3.0,3.0,True,True,True,True,Premium Fast-Track/Chauffeur,Premium Fast-Track/Chauffeur,6.8,1035.0,False,False,3.0,Premium,318.0,High,True,True,True,0.0,High,Completed,Outdoor/Higher-Risk,True,High,True,1.0
PS00375,18-24,Solo,Visa-Free/On-Arrival,13.7,Evening,July,Carry-On Only,4,Budget,Culture & Heritage,1,Social Media,71.4,High,Indoor Micro-Experience,True,True,6,False,,,,,,,True,True,False,,Indoor Micro-Experience,,13.7,,False,False,4.0,Budget,732.0,High,False,True,False,,No Spend,Package Viewed,Indoor/Moderate-Risk,False,High,True,
PS00376,25-34,Family with kids,Not-Eligible,2.0,Evening,May,Checked-Through,4,Mid-Range,Family/Indoor,4,Airport Signage,30.0,Low,Stay Airside,True,False,2,False,,,,,,,True,False,False,,Stay Airside,,2.0,,False,False,4.0,Mid-Range,30.0,Low,False,True,False,,No Spend,Package Viewed,Airside/Low-Risk,False,Low,False,
PS00377,45-54,Solo,Visa-Free/On-Arrival,5.6,Morning,October,Checked-Through,,Premium,Active/City,1,Word of Mouth/Referral,72.1,High,Premium Fast-Track/Chauffeur,True,True,5,True,Premium Fast-Track/Chauffeur,1092.0,39.1,True,4.0,4.0,True,True,True,True,Premium Fast-Track/Chauffeur,Premium Fast-Track/Chauffeur,5.6,1092.0,True,False,,Premium,246.0,High,True,True,True,0.0,High,Completed,Outdoor/Higher-Risk,True,High,True,1.0
PS00378,18-24,Couple,Visa-Free/On-Arrival,10.2,Evening,July,Checked-Through,2,Mid-Range,Shopping,4,Airline Partner,91.7,High,City/Culture/Shopping,True,True,5,True,City/Culture/Shopping,502.0,30.8,True,5.0,4.0,True,True,True,True,City/Culture/Shopping,City/Culture/Shopping,10.2,502.0,False,False,2.0,Mid-Range,522.0,High,True,True,True,0.0,Mid,Completed,Outdoor/Higher-Risk,False,High,True,1.0
PS00379,45-54,Family with kids,Visa-Free/On-Arrival,7.5,Evening,January,Needs Storage,2,Mid-Range,Relaxation & Wellness,2,Word of Mouth/Referral,83.1,High,City/Culture/Shopping,1,True,2,False,,,,,,,True,True,False,,City/Culture/Shopping,,7.5,,False,False,2.0,Mid-Range,360.0,High,False,True,False,,No Spend,Package Viewed,Outdoor/Higher-Risk,False,Low,True,
PS00380,25-34,Couple,Visa-Free/On-Arrival,14.6,Night,August,Checked-Through,2,Budget,Shopping,5,Organic App Search,88.0,High,City/Culture/Shopping,True,True,0,False,,,,,,,True,True,False,,City/Culture/Shopping,,14.6,,False,False,2.0,Budget,786.0,High,False,False,False,,No Spend,Eligibility Checked,Outdoor/Higher-Risk,False,None,True,
PS00381,18-24,Solo,Transit-Visa-Required,12.9,Morning,March,Checked-Through,5,Mid-Range,Family/Indoor,5,Airline Partner,79.6,High,Indoor Micro-Experience,True,True,5,True,Indoor Micro-Experience,331.0,0.0,True,4.0,4.0,True,True,True,True,Indoor Micro-Experience,Indoor Micro-Experience,12.9,331.0,False,False,5.0,Mid-Range,684.0,High,True,True,True,0.0,Mid,Completed,Indoor/Moderate-Risk,False,High,True,1.0
PS00382,35-44,Solo,Transit-Visa-Required,2.7,Morning,July,checked-through,2,Budget,Family/Indoor,1,Word of Mouth/Referral,47.0,Medium,Airport Lounge/Relaxation,True,True,1,False,,,,,,,True,True,False,,Airport Lounge/Relaxation,,2.7,,False,False,2.0,Budget,72.0,Medium,False,True,False,,No Spend,Package Viewed,Airside/Low-Risk,False,Low,False,
PS00383,35-44,Solo,Visa-Free/On-Arrival,7.9,Afternoon,December,Checked-Through,3,Mid-Range,Relaxation & Wellness,4,Social Media,84.4,High,City/Culture/Shopping,1,True,4,True,Stay Airside,0.0,22.6,Y,3.0,4.0,True,True,True,True,City/Culture/Shopping,Stay Airside,7.9,0.0,False,False,3.0,Mid-Range,384.0,High,True,True,True,0.0,Low,Completed,Outdoor/Higher-Risk,False,Medium,True,0.0
PS00384,45-54,Solo,Visa-Free/On-Arrival,4.6,Morning,March,Needs Storage,3,Premium,Family/Indoor,4,Social Media,71.7,High,PREMIUM FAST-TRACK/CHAUFFEUR,Y,True,3,True,Premium Fast-Track/Chauffeur,1968.0,57.0,True,4.0,4.0,True,True,True,True,Premium Fast-Track/Chauffeur,Premium Fast-Track/Chauffeur,4.6,1968.0,False,False,3.0,Premium,186.0,High,True,True,True,1.0,High,Completed,Outdoor/Higher-Risk,True,Medium,True,1.0
PS00385,35-44,Family with kids,Transit-Visa-Required,4.6,Evening,March,Checked-Through,3,Mid-Range,Culture & Heritage,3,Airline Partner,59.8,Medium,Indoor Micro-Experience,True,True,1,False,,,,,,,True,True,False,,Indoor Micro-Experience,,4.6,,False,False,3.0,Mid-Range,186.0,Medium,False,True,False,,No Spend,Package Viewed,Indoor/Moderate-Risk,False,Low,True,
PS00386,45-54,Friends/Group,Not-Eligible,2.9,Night,October,Needs Storage,3,Budget,Shopping,4,Airport Signage,30.0,Low,Stay Airside,True,False,2,True,Stay Airside,0.0,52.9,True,5.0,5.0,True,False,True,True,Stay Airside,Stay Airside,2.9,0.0,False,False,3.0,Budget,84.0,Low,True,True,True,0.0,Low,Completed,Airside/Low-Risk,False,Low,False,1.0
PS00387,25-34,FRIENDS/GROUP,visa-free/on-arrival,8.6,Afternoon,September,CHECKED-THROUGH,4,Premium,Shopping,4,Organic App Search,86.0,High,Premium Fast-Track/Chauffeur,True,True,1,False,,,,,,,True,True,False,,Premium Fast-Track/Chauffeur,,8.6,,False,False,4.0,Premium,426.0,High,False,True,False,,No Spend,Package Viewed,Outdoor/Higher-Risk,False,Low,False,
PS00388,18-24,Family with kids,Visa-Free/On-Arrival,14.8,Night,February,Needs Storage,3,Mid-Range,Family/Indoor,5,Airline Partner,88.9,High,  City/Culture/Shopping ,True,True,6,True,City/Culture/Shopping,403.0,13.7,True,3.0,4.0,True,True,True,True,City/Culture/Shopping,City/Culture/Shopping,14.8,403.0,False,False,3.0,Mid-Range,798.0,High,True,True,True,0.0,Mid,Completed,Outdoor/Higher-Risk,False,High,True,1.0
PS00389,45-54,Family with kids,Visa-Free/On-Arrival,9.1,Morning,April,Carry-On Only,,Premium,Active/City,4,Airline Partner,83.0,High,Fast Track Premium,True,True,3,False,,,,,,,True,True,False,,Premium Fast-Track/Chauffeur,,9.1,,True,False,,Premium,456.0,High,False,True,False,,No Spend,Package Viewed,Outdoor/Higher-Risk,True,Medium,True,
PS00390,45-54,Family with kids,Transit-Visa-Required,2.7,Morning,June,Carry-On Only,3,Mid-Range,Family/Indoor,3,Airline Partner,53.6,Medium,Indoor Micro-Experience,True,True,3,True,Indoor Micro-Experience,301.0,64.4,True,4.0,4.0,True,True,True,True,Indoor Micro-Experience,Indoor Micro-Experience,2.7,301.0,False,False,3.0,Mid-Range,72.0,Medium,True,True,True,1.0,Mid,Completed,Indoor/Moderate-Risk,False,Medium,False,1.0
PS00391,55+,Solo,Visa-Free/On-Arrival,7.2,Morning,March,carry-on only,4,Budget,Relaxation & Wellness,4,Social Media,77.5,High,City/Culture/Shopping,True,True,2,True,Premium Fast-Track/Chauffeur,,38.9,False,3.0,3.0,True,True,True,False,City/Culture/Shopping,Premium Fast-Track/Chauffeur,7.2,,False,False,4.0,Budget,342.0,High,True,True,True,0.0,No Spend,Completed,Outdoor/Higher-Risk,False,Low,True,0.0
PS00392,25-34,Friends/Group,Visa-Free/On-Arrival,10.0,Afternoon,December,Checked-Through,5,Mid-Range,Culture & Heritage,5,Organic App Search,82.5,High,City/Culture/Shopping,TRUE,True,5,True,City/Culture/Shopping,358.0,20.6,True,4.0,4.0,True,True,True,True,City/Culture/Shopping,City/Culture/Shopping,10.0,358.0,False,False,5.0,Mid-Range,510.0,High,True,True,True,0.0,Mid,Completed,Outdoor/Higher-Risk,False,High,True,1.0
PS00393,25-34,Family with kids,Transit-Visa-Required,6.9,Night,October,Carry-On Only,4,Mid-Range,Culture & Heritage,3,Social Media,65.4,Medium,Indoor Micro-Experience,True,True,1,True,Indoor Micro-Experience,386.0,41.3,True,5.0,5.0,True,True,True,True,Indoor Micro-Experience,Indoor Micro-Experience,6.9,386.0,False,False,4.0,Mid-Range,324.0,Medium,True,True,True,0.0,Mid,Completed,Indoor/Moderate-Risk,False,Low,True,1.0
PS00394,45-54,Couple,Visa-Free/On-Arrival,9.0,Morning,October,Checked-Through,4,Budget,Culture & Heritage,2,Airline Partner,74.6,High,Indoor Micro-Experience,True,True,2,True,  Indoor Micro-Experience ,230.0,17.3,True,3.0,3.0,True,True,True,True,Indoor Micro-Experience,Indoor Micro-Experience,9.0,230.0,False,False,4.0,Budget,450.0,High,True,True,True,0.0,Low,Completed,Indoor/Moderate-Risk,False,Low,True,1.0
PS00395,25-34,Solo,Visa-Free/On-Arrival,4.9,Evening,July,Checked-Through,3,Mid-Range,Shopping,4,Airport Signage,72.9,High,City/Culture/Shopping,True,True,2,True,City/Culture/Shopping,455.0,61.7,False,3.0,2.0,True,True,True,False,City/Culture/Shopping,City/Culture/Shopping,4.9,455.0,False,False,3.0,Mid-Range,204.0,High,True,True,True,1.0,Mid,Completed,Outdoor/Higher-Risk,False,Low,True,1.0
PS00396,55+,Couple,Visa-Free/On-Arrival,6.4,Afternoon,July,Carry-On Only,4,Mid-Range,Culture & Heritage,5,Airport Signage,85.0,High,Indoor Micro-Experience,True,True,0,True,Indoor Micro-Experience,345.0,39.6,yes ,4.0,4.0,True,True,True,True,Indoor Micro-Experience,Indoor Micro-Experience,6.4,345.0,False,False,4.0,Mid-Range,294.0,High,True,False,True,0.0,Mid,Completed,Indoor/Moderate-Risk,False,None,True,1.0
PS00397,45-54,Couple,Visa-Free/On-Arrival,6.2,Night,May,Checked-Through,5,Mid-Range,Relaxation & Wellness,2,Airline Partner,71.5,High,Indoor Micro-Experience,TRUE,True,1,False,,,,,,,True,True,False,,Indoor Micro-Experience,,6.2,,False,False,5.0,Mid-Range,282.0,High,False,True,False,,No Spend,Package Viewed,Indoor/Moderate-Risk,False,Low,True,
PS00398,25-34,Friends/Group,Visa-Free/On-Arrival,16.3,Morning,March,Carry-On Only,3,Budget,Culture & Heritage,3,Social Media,81.9,High,City/Culture/Shopping,True,True,4,True,City/Culture/Shopping,332.0,12.0,True,3.0,3.0,True,True,True,True,City/Culture/Shopping,City/Culture/Shopping,16.3,332.0,False,False,3.0,Budget,888.0,High,True,True,True,0.0,Mid,Completed,Outdoor/Higher-Risk,False,Medium,True,1.0
PS00399,45-54,Couple,Visa-Free/On-Arrival,3.7,Morning,February,Checked-Through,1,Mid-Range,Relaxation & Wellness,1,Airline Partner,62.9,Medium,Indoor Micro-Experience,True,True,1,False,,,,,,,True,True,False,,Indoor Micro-Experience,,3.7,,False,False,1.0,Mid-Range,132.0,Medium,False,True,False,,No Spend,Package Viewed,Indoor/Moderate-Risk,False,Low,False,
PS00400,45-54,Solo,Visa-Free/On-Arrival,2.0,Morning,April,Checked-Through,5,Budget,Relaxation & Wellness,4,Word of Mouth/Referral,57.7,Medium,Airport Lounge/Relaxation,True,yes ,2,True,Airport Lounge/Relaxation,141.0,55.9,True,3.0,3.0,True,True,True,True,Airport Lounge/Relaxation,Airport Lounge/Relaxation,2.0,141.0,False,False,5.0,Budget,30.0,Medium,True,True,True,1.0,Low,Completed,Airside/Low-Risk,False,Low,False,1.0
PS00401,18-24,Friends/Group,Transit-Visa-Required,15.7,Afternoon,April,Needs Storage,,Mid-Range,Culture & Heritage,5,Social Media,77.9,High,Indoor Micro-Experience,True,True,2,False,,,,,,,True,True,False,,Indoor Micro-Experience,,15.7,,True,False,,Mid-Range,852.0,High,False,True,False,,No Spend,Package Viewed,Indoor/Moderate-Risk,False,Low,True,
PS00402,55+,Solo,Transit-Visa-Required,8.0,Morning,November,Carry-On Only,3,Budget,Relaxation & Wellness,3,Word of Mouth/Referral,70.3,High,City/Culture/Shopping,True,True,3,True,City/Culture/Shopping,434.0,35.8,True,4.0,4.0,True,True,True,True,City/Culture/Shopping,City/Culture/Shopping,8.0,434.0,False,False,3.0,Budget,390.0,High,True,True,True,0.0,Mid,Completed,Outdoor/Higher-Risk,False,Medium,True,1.0
PS00403,35-44,Couple,Transit-Visa-Required,3.2,Night,August,Carry-On Only,5,Budget,Culture & Heritage,3,Organic App Search,46.5,Medium,Airport Lounge/Relaxation,True,True,2,False,,,,,,,True,True,False,,Airport Lounge/Relaxation,,3.2,,False,False,5.0,Budget,102.0,Medium,False,True,False,,No Spend,Package Viewed,Airside/Low-Risk,False,Low,False,
PS00404,45-54,Solo,Visa-Free/On-Arrival,12.3,Evening,August,Carry-On Only,3,Budget,Culture & Heritage,5,Organic App Search,82.1,High,City/Culture/Shopping,True,True,0,False,,,,,,,True,True,False,,City/Culture/Shopping,,12.3,,False,False,3.0,Budget,648.0,High,False,False,False,,No Spend,Eligibility Checked,Outdoor/Higher-Risk,False,None,True,
PS00405,25-34,Family with kids,Visa-Free/On-Arrival,10.4,Evening,May,Needs Storage,3,Budget,Shopping,2,Airline Partner,73.1,High,City/Culture/Shopping,True,True,2,True,City/Culture/Shopping,400.0,17.5,True,5.0,5.0,True,True,True,True,City/Culture/Shopping,City/Culture/Shopping,10.4,400.0,False,False,3.0,Budget,534.0,High,True,True,True,0.0,Mid,Completed,Outdoor/Higher-Risk,False,Low,True,1.0
PS00406,45-54,Friends/Group,Visa-Free/On-Arrival,17.7,Afternoon,June,Checked-Through,4,Mid-Range,Shopping,5,Organic App Search,87.7,High,City/Culture/Shopping,True,True,6,True,City/Culture/Shopping,543.0,14.5,True,4.0,4.0,True,True,True,True,City/Culture/Shopping,City/Culture/Shopping,17.7,543.0,False,False,4.0,Mid-Range,972.0,High,True,True,True,0.0,Mid,Completed,Outdoor/Higher-Risk,False,High,True,1.0
PS00407,25-34,Solo,Visa-Free/On-Arrival,8.4,Morning,August,Carry-On Only,2,Premium,Relaxation & Wellness,3,Word of Mouth/Referral,86.5,High,Premium Fast-Track/Chauffeur,True,True,3,True,Fast Track Premium,1440.0,32.4,True,4.0,5.0,True,True,True,True,Premium Fast-Track/Chauffeur,Premium Fast-Track/Chauffeur,8.4,1440.0,False,False,2.0,Premium,414.0,High,True,True,True,0.0,High,Completed,Outdoor/Higher-Risk,True,Medium,True,1.0
PS00408,18-24,Friends/Group,Visa-Free/On-Arrival,24.6,Afternoon,January,Checked-Through,4,Mid-Range,Active/City,3,Word of Mouth/Referral,79.9,High,Indoor Micro-Experience,True,False,3,False,,,,,,,True,False,False,,Indoor Micro-Experience,,24.6,,False,False,4.0,Mid-Range,1386.0,High,False,True,False,,No Spend,Package Viewed,Indoor/Moderate-Risk,False,Medium,True,
PS00409,55+,Solo,Transit-Visa-Required,7.0,Night,May,Checked-Through,2,Mid-Range,Shopping,3,Airline Partner,83.6,High,City/Culture/Shopping,True,True,2,True,City/Culture/Shopping,537.0,45.4,no ,3.0,2.0,True,True,True,False,City/Culture/Shopping,City/Culture/Shopping,7.0,537.0,False,False,2.0,Mid-Range,330.0,High,True,True,True,0.0,Mid,Completed,Outdoor/Higher-Risk,False,Low,True,1.0
PS00410,18-24,Friends/Group,Visa-Free/On-Arrival,10.4,Night,April,Checked-Through,2,Premium,Shopping,4,Airline Partner,89.1,High,Premium Fast-Track/Chauffeur,True,True,1,True,City/Culture/Shopping,465.0,27.5,False,1.0,1.0,True,True,True,False,Premium Fast-Track/Chauffeur,City/Culture/Shopping,10.4,465.0,False,False,2.0,Premium,534.0,High,True,True,True,0.0,Mid,Completed,Outdoor/Higher-Risk,False,Low,True,0.0
PS00411,25-34,Family with kids,Visa-Free/On-Arrival,11.2,Night,April,Checked-Through,3,Premium,Culture & Heritage,5,Organic App Search,93.5,High,Premium Fast-Track/Chauffeur,True,True,1,False,,,,,,,True,True,False,,Premium Fast-Track/Chauffeur,,11.2,,False,False,3.0,Premium,582.0,High,False,True,False,,No Spend,Package Viewed,Outdoor/Higher-Risk,False,Low,True,
PS00412,55+,FAMILY WITH KIDS,Visa-Free/On-Arrival,26.0,Night,November,Carry-On Only,3,Premium,Relaxation & Wellness,5,Airline Partner,88.4,High,Premium Fast-Track/Chauffeur,True,True,2,1,City/Culture/Shopping,,8.9,True,2.0,2.0,True,True,True,True,Premium Fast-Track/Chauffeur,City/Culture/Shopping,26.0,,False,False,3.0,Premium,1470.0,High,True,True,True,0.0,No Spend,Completed,Outdoor/Higher-Risk,True,Low,True,0.0
PS00413,55+,Solo,Transit-Visa-Required,5.7,Morning,February,Needs Storage,2,Budget,Culture & Heritage,4,Airline Partner,63.5,Medium,Airport Lounge/Relaxation,True,True,1,True,Airport Lounge/Relaxation,145.0,40.0,True,4.0,4.0,True,True,True,True,Airport Lounge/Relaxation,Airport Lounge/Relaxation,5.7,145.0,False,False,2.0,Budget,252.0,Medium,True,True,True,0.0,Low,Completed,Airside/Low-Risk,False,Low,True,1.0
PS00414,35-44,Friends/Group,Visa-Free/On-Arrival,5.6,Morning,October,Carry-On Only,5,Mid-Range,Family/Indoor,2,Airport Signage,66.5,Medium,Indoor Micro-Experience,True,True,4,True,Indoor Micro-Experience,294.0,34.3,True,4.0,4.0,True,True,True,True,Indoor Micro-Experience,Indoor Micro-Experience,5.6,294.0,False,False,5.0,Mid-Range,246.0,Medium,True,True,True,0.0,Low,Completed,Indoor/Moderate-Risk,False,Medium,True,1.0
PS00415,35-44,Family with kids,Transit-Visa-Required,11.3,Morning,January,Carry-On Only,3,Premium,Relaxation & Wellness,3,Organic App Search,76.3,High,Premium Fast-Track/Chauffeur,True,False,1,No,,,,,,,True,False,False,,Premium Fast-Track/Chauffeur,,11.3,,False,False,3.0,Premium,588.0,High,False,True,False,,No Spend,Package Viewed,Outdoor/Higher-Risk,False,Low,True,
PS00416,25-34,Solo,visa-free/on-arrival,3.0,Afternoon,June,Checked-Through,2,Premium,Culture & Heritage,3,Social Media,75.5,High,Premium Fast-Track/Chauffeur,True,Y,3,True,Premium Fast-Track/Chauffeur,2352.0,61.0,True,4.0,4.0,True,True,True,True,Premium Fast-Track/Chauffeur,Premium Fast-Track/Chauffeur,3.0,2352.0,False,False,2.0,Premium,90.0,High,True,True,True,1.0,High,Completed,Outdoor/Higher-Risk,True,Medium,False,1.0
PS00417,25-34,Family with kids,Not-Eligible,4.6,Morning,July,Checked-Through,3,Mid-Range,Active/City,5,Organic App Search,30.0,Low,Stay Airside,True,True,0,0,,,,,,,True,True,False,,Stay Airside,,4.6,,False,False,3.0,Mid-Range,186.0,Low,False,False,False,,No Spend,Eligibility Checked,Airside/Low-Risk,False,None,False,
PS00418,25-34,Solo,Not-Eligible,6.8,Afternoon,May,Checked-Through,4,Budget,Culture & Heritage,3,Airport Signage,30.0,Low,Stay Airside,True,True,0,False,,,,,,,True,True,False,,Stay Airside,,6.8,,False,False,4.0,Budget,318.0,Low,False,False,False,,No Spend,Eligibility Checked,Airside/Low-Risk,False,None,False,
PS00419,35-44,Friends/Group,Visa-Free/On-Arrival,17.4,Evening,August,Carry-On Only,3,Premium,Active/City,5,Airline Partner,87.7,High,Premium Fast-Track/Chauffeur,True,True,3,False,,,,,,,True,True,False,,Premium Fast-Track/Chauffeur,,17.4,,False,False,3.0,Premium,954.0,High,False,True,False,,No Spend,Package Viewed,Outdoor/Higher-Risk,True,Medium,True,
PS00420,45-54,Solo,Visa-Free/On-Arrival,11.3,Night,September,Checked-Through,2,Mid-Range,Shopping,5,Social Media,94.2,High,City/Culture/Shopping,True,1,6,True,City/Culture/Shopping,373.0,7.4,True,4.0,4.0,True,True,True,True,City/Culture/Shopping,City/Culture/Shopping,11.3,373.0,False,False,2.0,Mid-Range,588.0,High,True,True,True,0.0,Mid,Completed,Outdoor/Higher-Risk,False,High,True,1.0
PS00421,45-54,Family with kids,Visa-Free/On-Arrival,7.8,Evening,November,Checked-Through,2,Budget,Shopping,3,Social Media,79.8,High,City/Culture/Shopping,True,True,2,True,City/Culture/Shopping,409.0,46.8,True,4.0,5.0,True,True,True,True,City/Culture/Shopping,City/Culture/Shopping,7.8,409.0,False,False,2.0,Budget,378.0,High,True,True,True,0.0,Mid,Completed,Outdoor/Higher-Risk,False,Low,True,1.0
PS00422,45-54,Couple,Visa-Free/On-Arrival,5.4,Night,November,Needs Storage,3,Budget,Relaxation & Wellness,5,Airport Signage,72.0,High,City/Culture/Shopping,True,True,4,TRUE,City/Culture/Shopping,320.0,57.1,True,2.0,2.0,True,True,True,True,City/Culture/Shopping,City/Culture/Shopping,5.4,320.0,False,False,3.0,Budget,234.0,High,True,True,True,1.0,Mid,Completed,Outdoor/Higher-Risk,False,Medium,True,1.0
PS00423,18-24,Solo,Transit-Visa-Required,21.2,Morning,February,Carry-On Only,3,Mid-Range,Relaxation & Wellness,5,Airport Signage,75.3,High,City/Culture/Shopping,True,True,4,True,City/Culture/Shopping,410.0,6.3,True,4.0,3.0,True,True,True,True,City/Culture/Shopping,City/Culture/Shopping,21.2,410.0,False,False,3.0,Mid-Range,1182.0,High,True,True,True,0.0,Mid,Completed,Outdoor/Higher-Risk,False,Medium,True,1.0
PS00424,25-34,Solo,Transit-Visa-Required,7.2,Morning,November,Carry-On Only,4,Budget,Relaxation & Wellness,4,Airline Partner,72.1,High,City/Culture/Shopping,True,True,0,False,,,,,,,True,True,False,,City/Culture/Shopping,,7.2,,False,False,4.0,Budget,342.0,High,False,False,False,,No Spend,Eligibility Checked,Outdoor/Higher-Risk,False,None,True,
PS00425,18-24,Solo,Transit-Visa-Required,4.6,Evening,April,Carry-On Only,5,Budget,Culture & Heritage,4,Airport Signage,53.5,Medium,Airport Lounge/Relaxation,True,True,5,N,,,,,,,True,True,False,,Airport Lounge/Relaxation,,4.6,,False,False,5.0,Budget,186.0,Medium,False,True,False,,No Spend,Package Viewed,Airside/Low-Risk,False,High,True,
PS00426,35-44,Couple,Transit-Visa-Required,23.5,Afternoon,November,Checked-Through,2,Premium,Active/City,4,Travel Agent,84.9,High,Premium Fast-Track/Chauffeur,True,True,4,True,Premium Fast-Track/Chauffeur,2775.0,6.9,True,4.0,5.0,True,True,True,True,Premium Fast-Track/Chauffeur,Premium Fast-Track/Chauffeur,23.5,2775.0,False,False,2.0,Premium,1320.0,High,True,True,True,0.0,High,Completed,Outdoor/Higher-Risk,True,Medium,True,1.0
PS00427,25-34,Solo,Visa-Free/On-Arrival,3.1,Morning,September,checked-through,5,Budget,Shopping,1,Airport Signage,45.8,Medium,airport lounge/relaxation,True,True,1,True,Indoor Micro-Experience,298.0,60.0,True,2.0,2.0,True,True,True,True,Airport Lounge/Relaxation,Indoor Micro-Experience,3.1,298.0,False,False,5.0,Budget,96.0,Medium,True,True,True,1.0,Low,Completed,Airside/Low-Risk,False,Low,False,0.0
PS00428,45-54,Couple,Visa-Free/On-Arrival,15.0,Afternoon,May,Carry-On Only,5,Mid-Range,SHOPPING,4,Airline Partner,73.6,High,Indoor Micro-Experience,True,True,4,True,Indoor Micro-Experience,370.0,7.2,True,4.0,4.0,True,True,True,True,Indoor Micro-Experience,Indoor Micro-Experience,15.0,370.0,False,False,5.0,Mid-Range,810.0,High,True,True,True,0.0,Mid,Completed,Indoor/Moderate-Risk,False,Medium,True,1.0
PS00429,25-34,Solo,Transit-Visa-Required,7.5,Morning,March,Carry-On Only,5,Premium,Culture & Heritage,2,Airline Partner,70.2,High,Premium Fast-Track/Chauffeur,True,True,4,True,Premium Fast-Track/Chauffeur,1346.0,34.1,False,3.0,3.0,True,True,True,False,Premium Fast-Track/Chauffeur,Premium Fast-Track/Chauffeur,7.5,1346.0,False,False,5.0,Premium,360.0,High,True,True,True,0.0,High,Completed,Outdoor/Higher-Risk,True,Medium,True,1.0
PS00430,18-24,Solo,Visa-Free/On-Arrival,11.3,Afternoon,June,Carry-On Only,5,Mid-Range,Relaxation & Wellness,2,Airport Signage,73.0,High,Indoor Micro-Experience,True,True,4,True,Indoor Micro-Experience,276.0,8.5,True,3.0,3.0,True,True,True,True,Indoor Micro-Experience,Indoor Micro-Experience,11.3,276.0,False,False,5.0,Mid-Range,588.0,High,True,True,True,0.0,Low,Completed,Indoor/Moderate-Risk,False,Medium,True,1.0
PS00431,18-24,Family with kids,Transit-Visa-Required,10.2,Afternoon,March,Checked-Through,4,Budget,Relaxation & Wellness,5,Organic App Search,74.0,High,Indoor Micro-Experience,True,True,2,True,Indoor Micro-Experience,283.0,18.1,True,3.0,3.0,True,True,True,True,Indoor Micro-Experience,Indoor Micro-Experience,10.2,283.0,False,False,4.0,Budget,522.0,High,True,True,True,0.0,Low,Completed,Indoor/Moderate-Risk,False,Low,True,1.0
PS00432,45-54,Solo,Visa-Free/On-Arrival,11.2,Afternoon,May,Carry-On Only,3,Mid-Range,Culture & Heritage,4,Airport Signage,83.5,High,City/Culture/Shopping,True,False,4,True,City/Culture/Shopping,557.0,25.8,True,3.0,2.0,True,False,True,True,City/Culture/Shopping,City/Culture/Shopping,11.2,557.0,False,False,3.0,Mid-Range,582.0,High,True,True,True,0.0,Mid,Completed,Outdoor/Higher-Risk,False,Medium,True,1.0
PS00433,35-44,Friends/Group,Visa-Free/On-Arrival,24.6,Evening,March,CHECKED-THROUGH,3,Budget,Culture & Heritage,2,Airline Partner,76.1,High,City/Culture/Shopping,True,False,1,N,,,,,,,True,False,False,,City/Culture/Shopping,,24.6,,False,False,3.0,Budget,1386.0,High,False,True,False,,No Spend,Package Viewed,Outdoor/Higher-Risk,False,Low,True,
PS00434,18-24,Friends/Group,Not-Eligible,22.6,Afternoon,June,Checked-Through,3,Budget,Shopping,3,Airport Signage,30.0,Low,Stay Airside,True,False,0,0,,,,,,,True,False,False,,Stay Airside,,22.6,,False,False,3.0,Budget,1266.0,Low,False,False,False,,No Spend,App Viewed,Airside/Low-Risk,False,None,False,
PS00435,18-24,Family with kids,Visa-Free/On-Arrival,4.7,Morning,December,Checked-Through,5,Mid-Range,Culture & Heritage,5,Travel Agent,72.6,High,City/Culture/Shopping,True,True,3,True,City/Culture/Shopping,372.0,49.1,False,4.0,,True,True,True,False,City/Culture/Shopping,City/Culture/Shopping,4.7,372.0,False,False,5.0,Mid-Range,192.0,High,True,True,True,0.0,Mid,Completed,Outdoor/Higher-Risk,False,Medium,True,1.0
PS00436,35-44,Couple,Not-Eligible,10.0,Morning,October,Checked-Through,3,Premium,Family/Indoor,5,Social Media,30.0,Low,STAY AIRSIDE,True,True,0,False,,,,,,,True,True,False,,Stay Airside,,10.0,,False,False,3.0,Premium,510.0,Low,False,False,False,,No Spend,Eligibility Checked,Airside/Low-Risk,False,None,False,
PS00437,18-24,Friends/Group,Not-Eligible,2.1,Afternoon,May,Checked-Through,2,Mid-Range,Relaxation & Wellness,1,Airport Signage,30.0,Low,Stay Airside,True,False,1,False,,,,,,,True,False,False,,Stay Airside,,2.1,,False,False,2.0,Mid-Range,36.0,Low,False,True,False,,No Spend,Package Viewed,Airside/Low-Risk,False,Low,False,
PS00438,45-54,Solo,Transit-Visa-Required,11.9,Evening,September,Checked-Through,2,Budget,Family/Indoor,5,Travel Agent,82.9,High,City/Culture/Shopping,True,True,1,False,,,,,,,True,True,False,,City/Culture/Shopping,,11.9,,False,False,2.0,Budget,624.0,High,False,True,False,,No Spend,Package Viewed,Outdoor/Higher-Risk,False,Low,True,
PS00439,35-44,Solo,Transit-Visa-Required,13.5,Evening,March,Carry-On Only,,Mid-Range,Active/City,3,Social Media,66.8,Medium,Indoor Micro-Experience,True,True,2,False,,,,,,,True,True,False,,Indoor Micro-Experience,,13.5,,True,False,,Mid-Range,720.0,Medium,False,True,False,,No Spend,Package Viewed,Indoor/Moderate-Risk,False,Low,True,
PS00440,18-24,Solo,Transit-Visa-Required,2.0,Evening,June,Carry-On Only,4,Budget,Shopping,4,Airline Partner,49.1,Medium,Airport Lounge/Relaxation,True,True,2,False,,,,,,,True,True,False,,Airport Lounge/Relaxation,,2.0,,False,False,4.0,Budget,30.0,Medium,False,True,False,,No Spend,Package Viewed,Airside/Low-Risk,False,Low,False,
PS00441,18-24,Family with kids,Transit-Visa-Required,7.4,Morning,August,Checked-Through,3,Mid-Range,Culture & Heritage,4,Airline Partner,79.7,High,City/Culture/Shopping,True,TRUE,3,True,City/Culture/Shopping,487.0,37.6,True,4.0,4.0,True,True,True,True,City/Culture/Shopping,City/Culture/Shopping,7.4,487.0,False,False,3.0,Mid-Range,354.0,High,True,True,True,0.0,Mid,Completed,Outdoor/Higher-Risk,False,Medium,True,1.0
PS00442,55+,Solo,VISA-FREE/ON-ARRIVAL,11.3,Evening,July,Checked-Through,2,Budget,Family/Indoor,5,Social Media,91.6,High,City/Culture/Shopping,True,True,1,True,City/Culture/Shopping,477.0,6.2,True,4.0,3.0,True,True,True,True,City/Culture/Shopping,City/Culture/Shopping,11.3,477.0,False,False,2.0,Budget,588.0,High,True,True,True,0.0,Mid,Completed,Outdoor/Higher-Risk,False,Low,False,1.0
PS00443,25-34,Couple,Visa-Free/On-Arrival,9.2,Evening,June,Needs Storage,4,Premium,Relaxation & Wellness,5,Travel Agent,81.1,High,Indoor Micro-Experience,True,True,3,True,Indoor Micro-Experience,524.0,19.5,True,4.0,4.0,True,True,True,True,Indoor Micro-Experience,Indoor Micro-Experience,9.2,524.0,False,False,4.0,Premium,462.0,High,True,True,True,0.0,Mid,Completed,Indoor/Moderate-Risk,True,Medium,True,1.0
PS00444,25-34,Friends/Group,Transit-Visa-Required,3.2,Afternoon,February,Checked-Through,1,Budget,Family/Indoor,2,Organic App Search,60.0,Medium,Airport Lounge/Relaxation,True,True,1,1,Airport Lounge/Relaxation,254.0,62.0,False,4.0,5.0,True,True,True,False,Airport Lounge/Relaxation,Airport Lounge/Relaxation,3.2,254.0,False,False,1.0,Budget,102.0,Medium,True,True,True,1.0,Low,Completed,Airside/Low-Risk,False,Low,False,1.0
PS00445,45-54,Friends/Group,Visa-Free/On-Arrival,3.4,Afternoon,July,Checked-Through,3,Budget,Active/City,4,Airport Signage,66.8,Medium,Airport Lounge/Relaxation,True,True,4,True,Airport Lounge/Relaxation,225.0,55.0,1,4.0,4.0,True,True,True,True,Airport Lounge/Relaxation,Airport Lounge/Relaxation,3.4,225.0,False,False,3.0,Budget,114.0,Medium,True,True,True,0.0,Low,Completed,Airside/Low-Risk,False,Medium,False,1.0
PS00446,55+,Couple,Visa-Free/On-Arrival,6.9,Afternoon,August,Carry-On Only,3,Mid-Range,Family/Indoor,3,Word of Mouth/Referral,76.2,High,City/Culture/Shopping,True,True,0,True,Airport Lounge/Relaxation,161.0,35.5,False,2.0,2.0,True,True,True,False,City/Culture/Shopping,Airport Lounge/Relaxation,6.9,161.0,False,False,3.0,Mid-Range,324.0,High,True,False,True,0.0,Low,Completed,Outdoor/Higher-Risk,False,None,True,0.0
PS00447,55+,Solo,Visa-Free/On-Arrival,5.7,Evening,January,Checked-Through,5,Budget,Shopping,3,Airline Partner,60.0,Medium,Airport Lounge/Relaxation,True,True,5,Yes,Airport Lounge/Relaxation,239.0,39.7,Y,4.0,4.0,True,True,True,True,Airport Lounge/Relaxation,Airport Lounge/Relaxation,5.7,239.0,False,False,5.0,Budget,252.0,Medium,True,True,True,0.0,Low,Completed,Airside/Low-Risk,False,High,True,1.0
PS00448,45-54,Family with kids,Transit-Visa-Required,6.0,Evening,September,Carry-On Only,3,Mid-Range,Shopping,3,Word of Mouth/Referral,66.0,Medium,Indoor Micro-Experience,True,False,0,False,,,,,,,True,False,False,,Indoor Micro-Experience,,6.0,,False,False,3.0,Mid-Range,270.0,Medium,False,False,False,,No Spend,App Viewed,Indoor/Moderate-Risk,False,None,True,
PS00449,25-34,Couple,Transit-Visa-Required,2.9,Morning,April,Carry-On Only,3,Premium,relaxation & wellness,3,Social Media,58.9,Medium,Indoor Micro-Experience,True,False,1,False,,,,,,,True,False,False,,Indoor Micro-Experience,,2.9,,False,False,3.0,Premium,84.0,Medium,False,True,False,,No Spend,Package Viewed,Indoor/Moderate-Risk,False,Low,False,
PS00450,18-24,Solo,Visa-Free/On-Arrival,7.6 hrs,Evening,August,Needs Storage,4,Budget,Relaxation & Wellness,3,Social Media,70.4,High,city/culture/shopping,True,True,6,True,Airport Lounge/Relaxation,240.0,23.8,True,3.0,4.0,True,True,True,True,City/Culture/Shopping,Airport Lounge/Relaxation,7.6,240.0,False,False,4.0,Budget,366.0,High,True,True,True,0.0,Low,Completed,Outdoor/Higher-Risk,False,High,True,0.0
PS00451,45-54,Solo,Not-Eligible,17.5,Morning,October,Needs Storage,3,Budget,Shopping,2,Airline Partner,30.0,Low,  Stay Airside ,True,False,4,False,,,,,,,True,False,False,,Stay Airside,,17.5,,False,False,3.0,Budget,960.0,Low,False,True,False,,No Spend,Package Viewed,Airside/Low-Risk,False,Medium,False,
PS00452,35-44,Friends/Group,Transit-Visa-Required,3.3,Morning,July,Needs Storage,2,Premium,Shopping,4,Airline Partner,59.7,Medium,Indoor Micro-Experience,True,True,2,FALSE,,,,,,,True,True,False,,Indoor Micro-Experience,,3.3,,False,False,2.0,Premium,108.0,Medium,False,True,False,,No Spend,Package Viewed,Indoor/Moderate-Risk,False,Low,False,
PS00453,25-34,Family with kids,Transit-Visa-Required,6.5,Night,October,Checked-Through,3,Mid-Range,Family/Indoor,4,Travel Agent,72.0,High,City/Culture/Shopping,True,True,2,FALSE,,,,,,,True,True,False,,City/Culture/Shopping,,6.5,,False,False,3.0,Mid-Range,300.0,High,False,True,False,,No Spend,Package Viewed,Outdoor/Higher-Risk,False,Low,True,
PS00454,55+,Family with kids,Transit-Visa-Required,10.6,Night,July,Needs Storage,5,Premium,Family/Indoor,3,Airline Partner,65.2,Medium,Indoor Micro-Experience,True,1,4,True,Indoor Micro-Experience,434.0,3.7,True,3.0,3.0,True,True,True,True,Indoor Micro-Experience,Indoor Micro-Experience,10.6,434.0,False,False,5.0,Premium,546.0,Medium,True,True,True,0.0,Mid,Completed,Indoor/Moderate-Risk,False,Medium,True,1.0
PS00455,18-24,Friends/Group,Transit-Visa-Required,2.4,Morning,February,Checked-Through,3,Budget,Shopping,5,Airline Partner,63.3,Medium,Airport Lounge/Relaxation,True,True,3,True,Airport Lounge/Relaxation,136.0,65.9,True,4.0,4.0,True,True,True,True,Airport Lounge/Relaxation,Airport Lounge/Relaxation,2.4,136.0,False,False,3.0,Budget,54.0,Medium,True,True,True,1.0,Low,Completed,Airside/Low-Risk,False,Medium,False,1.0
PS00456,25-34,Couple,Visa-Free/On-Arrival,7.7,Afternoon,January,Carry-On Only,4,Budget,Family/Indoor,1,Airline Partner,71.6,High,Indoor Micro-Experience,True,True,3,True,Indoor Micro-Experience,294.0,26.6,True,4.0,4.0,True,True,True,True,Indoor Micro-Experience,Indoor Micro-Experience,7.7,294.0,False,False,4.0,Budget,372.0,High,True,True,True,0.0,Low,Completed,Indoor/Moderate-Risk,False,Medium,True,1.0
PS00457,18-24,Couple,Transit-Visa-Required,13.3,Morning,April,Carry-On Only,5,Budget,Culture & Heritage,3,Airline Partner,61.7,Medium,Airport Lounge/Relaxation,True,True,5,True,Airport Lounge/Relaxation,154.0,3.1,True,4.0,4.0,True,True,True,True,Airport Lounge/Relaxation,Airport Lounge/Relaxation,13.3,154.0,False,False,5.0,Budget,708.0,Medium,True,True,True,0.0,Low,Completed,Airside/Low-Risk,False,High,True,1.0
PS00458,25-34,Couple,Visa-Free/On-Arrival,3.8,Afternoon,December,Checked-Through,4,Budget,Active/City,3,Social Media,58.5,Medium,Airport Lounge/Relaxation,True,True,3,N,,,,,,,True,True,False,,Airport Lounge/Relaxation,,3.8,,False,False,4.0,Budget,138.0,Medium,False,True,False,,No Spend,Package Viewed,Airside/Low-Risk,False,Medium,False,
PS00459,18-24,Solo,not-eligible,8.1,Night,February,Carry-On Only,4,Mid-Range,Shopping,1,Airport Signage,30.0,Low,Stay Airside,True,True,0,False,,,,,,,True,True,False,,Stay Airside,,8.1,,False,False,4.0,Mid-Range,396.0,Low,False,False,False,,No Spend,Eligibility Checked,Airside/Low-Risk,False,None,False,
PS00460,18-24,Couple,Not-Eligible,12.7,Night,August,Checked-Through,4,Budget,Relaxation & Wellness,2,Airport Signage,30.0,Low,Stay Airside,True,True,1,False,,,,,,,True,True,False,,Stay Airside,,12.7,,False,False,4.0,Budget,672.0,Low,False,True,False,,No Spend,Package Viewed,Airside/Low-Risk,False,Low,False,
PS00461,18-24,Family with kids,Visa-Free/On-Arrival,23.9,Evening,October,Checked-Through,,Mid-Range,Family/Indoor,5,Airport Signage,87.8,High,City/Culture/Shopping,True,True,2,True,City/Culture/Shopping,433.0,4.2,True,4.0,4.0,True,True,True,True,City/Culture/Shopping,City/Culture/Shopping,23.9,433.0,True,False,,Mid-Range,1344.0,High,True,True,True,0.0,Mid,Completed,Outdoor/Higher-Risk,False,Low,True,1.0
PS00462,35-44,Couple,Visa-Free/On-Arrival,7.9,Afternoon,July,Needs Storage,5,Budget,Shopping,3,Word of Mouth/Referral,74.6,High,Indoor Micro-Experience,True,True,3,yes ,City/Culture/Shopping,440.0,32.4,True,3.0,2.0,True,True,True,True,Indoor Micro-Experience,City/Culture/Shopping,7.9,440.0,False,False,5.0,Budget,384.0,High,True,True,True,0.0,Mid,Completed,Indoor/Moderate-Risk,False,Medium,True,0.0
PS00463,35-44,Friends/Group,Transit-Visa-Required,4.7,Evening,August,Checked-Through,5,Premium,Family/Indoor,3,Organic App Search,60.4,Medium,Indoor Micro-Experience,True,TRUE,2,False,,,,,,,True,True,False,,Indoor Micro-Experience,,4.7,,False,False,5.0,Premium,192.0,Medium,False,True,False,,No Spend,Package Viewed,Indoor/Moderate-Risk,False,Low,True,
PS00464,35-44,Couple,Visa-Free/On-Arrival,2.0,Afternoon,November,Checked-Through,4,Budget,Shopping,3,Social Media,53.2,Medium,Airport Lounge/Relaxation,True,True,2,False,,,,,,,True,True,False,,Airport Lounge/Relaxation,,2.0,,False,False,4.0,Budget,30.0,Medium,False,True,False,,No Spend,Package Viewed,Airside/Low-Risk,False,Low,False,
PS00465,55+,Couple,Transit-Visa-Required,4.7,Night,June,Checked-Through,3,Budget,Relaxation & Wellness,5,Social Media,69.0,Medium,Airport Lounge/Relaxation,1,yes ,0,False,,,,,,,True,True,False,,Airport Lounge/Relaxation,,4.7,,False,False,3.0,Budget,192.0,Medium,False,False,False,,No Spend,Eligibility Checked,Airside/Low-Risk,False,None,True,
PS00466,25-34,Couple,Visa-Free/On-Arrival,2.7,Night,January,Needs Storage,2,Mid-Range,Family/Indoor,3,Airport Signage,63.3,Medium,Indoor Micro-Experience,True,True,4,True,Indoor Micro-Experience,384.0,59.5,True,5.0,4.0,True,True,True,True,Indoor Micro-Experience,Indoor Micro-Experience,2.7,384.0,False,False,2.0,Mid-Range,72.0,Medium,True,True,True,1.0,Mid,Completed,Indoor/Moderate-Risk,False,Medium,False,1.0
PS00467,25-34,Couple,Visa-Free/On-Arrival,18.3,Evening,December,Checked-Through,3,Budget,Shopping,5,Social Media,87.3,High,City/Culture/Shopping,True,True,1,True,Indoor Micro-Experience,345.0,7.7,True,3.0,3.0,True,True,True,True,City/Culture/Shopping,Indoor Micro-Experience,18.3,345.0,False,False,3.0,Budget,1008.0,High,True,True,True,0.0,Mid,Completed,Outdoor/Higher-Risk,False,Low,True,0.0
PS00468,45-54,Family with kids,Not-Eligible,12.3,Afternoon,September,Checked-Through,,Mid-Range,Shopping,3,Travel Agent,30.0,Low,Stay Airside,True,False,1,False,,,,,,,True,False,False,,Stay Airside,,12.3,,True,False,,Mid-Range,648.0,Low,False,True,False,,No Spend,Package Viewed,Airside/Low-Risk,False,Low,False,
PS00469,25-34,Solo,Transit-Visa-Required,3.4,Afternoon,June,Needs Storage,5,Mid-Range,Relaxation & Wellness,3,Social Media,51.3,Medium,Indoor Micro-Experience,True,False,2,False,,,,,,,True,False,False,,Indoor Micro-Experience,,3.4,,False,False,5.0,Mid-Range,114.0,Medium,False,True,False,,No Spend,Package Viewed,Indoor/Moderate-Risk,False,Low,False,
PS00470,55+,COUPLE,Transit-Visa-Required,4.5,Morning,December,Checked-Through,3,Premium,Culture & Heritage,2,Airport Signage,58.7,Medium,Indoor Micro-Experience,True,True,1,False,,,,,,,True,True,False,,Indoor Micro-Experience,,4.5,,False,False,3.0,Premium,180.0,Medium,False,True,False,,No Spend,Package Viewed,Indoor/Moderate-Risk,False,Low,True,
PS00471,18-24,Solo,Visa-Free/On-Arrival,7.8,Evening,October,Checked-Through,3,Mid-Range,Family/Indoor,4,Social Media,85.1,High,City/Culture/Shopping,True,True,4,True,City/Culture/Shopping,443.0,44.2,True,4.0,4.0,True,True,True,True,City/Culture/Shopping,City/Culture/Shopping,7.8,443.0,False,False,3.0,Mid-Range,378.0,High,True,True,True,0.0,Mid,Completed,Outdoor/Higher-Risk,False,Medium,True,1.0
PS00472,55+,Solo,Transit-Visa-Required,13.2,Afternoon,January,Carry-On Only,3,Mid-Range,Culture & Heritage,4,Organic App Search,77.7,High,City/Culture/Shopping,True,True,1,False,,,,,,,True,True,False,,City/Culture/Shopping,,13.2,,False,False,3.0,Mid-Range,702.0,High,False,True,False,,No Spend,Package Viewed,Outdoor/Higher-Risk,False,Low,True,
PS00473,18-24,Couple,Transit-Visa-Required,10.0,Afternoon,January,Checked-Through,3,Premium,Active/City,3,Word of Mouth/Referral,76.5,High,PREMIUM FAST-TRACK/CHAUFFEUR,True,True,2,True,Airport Lounge/Relaxation,272.0,11.7,True,2.0,2.0,True,True,True,True,Premium Fast-Track/Chauffeur,Airport Lounge/Relaxation,10.0,272.0,False,False,3.0,Premium,510.0,High,True,True,True,0.0,Low,Completed,Outdoor/Higher-Risk,True,Low,True,0.0
PS00474,45-54,Family with kids,Transit-Visa-Required,9.5,Afternoon,August,Carry-On Only,4,Premium,Family/Indoor,1,Word of Mouth/Referral,63.3,Medium,INDOOR MICRO-EXPERIENCE,True,False,2,False,,,,,,,True,False,False,,Indoor Micro-Experience,,9.5,,False,False,4.0,Premium,480.0,Medium,False,True,False,,No Spend,Package Viewed,Indoor/Moderate-Risk,False,Low,True,
PS00475,35-44,Friends/Group,Transit-Visa-Required,8.4,Evening,June,Checked-Through,3,Mid-Range,Relaxation & Wellness,3,Airport Signage,76.0,High,City / Culture / Shopping,True,True,4,True,Premium Fast-Track/Chauffeur,2391.0,28.1,True,3.0,3.0,True,True,True,True,City/Culture/Shopping,Premium Fast-Track/Chauffeur,8.4,2391.0,False,False,3.0,Mid-Range,414.0,High,True,True,True,0.0,High,Completed,Outdoor/Higher-Risk,False,Medium,True,0.0
PS00476,55+,Couple,Transit-Visa-Required,3.6,Morning,August,Needs Storage,2,Mid-Range,Shopping,2,Airline Partner,68.2,Medium,Indoor Micro-Experience,True,True,4,True,Airport Lounge/Relaxation,245.0,59.0,True,2.0,1.0,True,True,True,True,Indoor Micro-Experience,Airport Lounge/Relaxation,3.6,245.0,False,False,2.0,Mid-Range,126.0,Medium,True,True,True,1.0,Low,Completed,Indoor/Moderate-Risk,False,Medium,False,0.0
PS00477,18-24,Family with kids,Visa-Free/On-Arrival,7.8,Night,August,Needs Storage,3,,Shopping,3,Word of Mouth/Referral,77.5,High,City/Culture/Shopping,True,True,2,True,City/Culture/Shopping,524.0,42.1,True,3.0,3.0,True,True,True,True,City/Culture/Shopping,City/Culture/Shopping,7.8,524.0,False,True,3.0,Unknown,378.0,High,True,True,True,0.0,Mid,Completed,Outdoor/Higher-Risk,False,Low,True,1.0
PS00478,35-44,Couple,Visa-Free/On-Arrival,7.3,Night,November,Checked-Through,2,Budget,Culture & Heritage,5,Airline Partner,88.2,High,City/Culture/Shopping,Yes,True,2,True,AIRPORT LOUNGE/RELAXATION,212.0,22.2,True,2.0,2.0,True,True,True,True,City/Culture/Shopping,Airport Lounge/Relaxation,7.3,212.0,False,False,2.0,Budget,348.0,High,True,True,True,0.0,Low,Completed,Outdoor/Higher-Risk,False,Low,True,0.0
PS00479,55+,Couple,Transit-Visa-Required,2.7,Night,August,Checked-Through,5,Premium,Culture & Heritage,4,Social Media,59.3,Medium,Indoor Micro-Experience,True,Yes,6,False,,,,,,,True,True,False,,Indoor Micro-Experience,,2.7,,False,False,5.0,Premium,72.0,Medium,False,True,False,,No Spend,Package Viewed,Indoor/Moderate-Risk,False,High,False,
PS00480,35-44,Solo,Visa-Free/On-Arrival,18.0,Afternoon,October,Needs Storage,3,Mid-Range,Relaxation & Wellness,2,Airport Signage,83.3,High,City/Culture/Shopping,True,1,2,False,,,,,,,True,True,False,,City/Culture/Shopping,,18.0,,False,False,3.0,Mid-Range,990.0,High,False,True,False,,No Spend,Package Viewed,Outdoor/Higher-Risk,False,Low,True,
PS00481,35-44,Solo,Transit-Visa-Required,5.1,Morning,July,Checked-Through,5,Budget,Family/Indoor,5,Social Media,59.8,Medium,Airport Lounge/Relaxation,True,True,3,False,,,,,,,True,True,False,,Airport Lounge/Relaxation,,5.1,,False,False,5.0,Budget,216.0,Medium,False,True,False,,No Spend,Package Viewed,Airside/Low-Risk,False,Medium,True,
PS00482,35-44,Solo,Visa-Free/On-Arrival,2.8,Afternoon,July,Carry-On Only,2,Budget,Culture & Heritage,5,Social Media,71.3,High,City/Culture/Shopping,True,True,2,True,City/Culture/Shopping,AED 418.0,73.4,True,4.0,3.0,True,True,True,True,City/Culture/Shopping,City/Culture/Shopping,2.8,418.0,False,False,2.0,Budget,78.0,High,True,True,True,1.0,Mid,Completed,Outdoor/Higher-Risk,False,Low,False,1.0
PS00483,25-34,Couple,Transit-Visa-Required,5.6,Afternoon,October,Carry-On Only,2,Budget,Relaxation & Wellness,3,Word of Mouth/Referral,69.0,Medium,Airport Lounge/Relaxation,True,True,2,False,,,,,,,True,True,False,,Airport Lounge/Relaxation,,5.6,,False,False,2.0,Budget,246.0,Medium,False,True,False,,No Spend,Package Viewed,Airside/Low-Risk,False,Low,True,
PS00484,35-44,Solo,Transit-Visa-Required,6.3,Morning,April,Carry-On Only,4,Budget,Shopping,3,Airline Partner,61.0,Medium,Airport Lounge/Relaxation,True,True,2,False,,,,,,,True,True,False,,Airport Lounge/Relaxation,,6.3,,False,False,4.0,Budget,288.0,Medium,False,True,False,,No Spend,Package Viewed,Airside/Low-Risk,False,Low,True,
PS00485,35-44,Solo,Visa-Free/On-Arrival,7.2,Evening,September,Carry-On Only,4,Budget,Shopping,5,Word of Mouth/Referral,82.1,High,Indoor Micro-Experience,True,True,1,True,Indoor Micro-Experience,368.0,23.8,True,5.0,5.0,True,True,True,True,Indoor Micro-Experience,Indoor Micro-Experience,7.2,368.0,False,False,4.0,Budget,342.0,High,True,True,True,0.0,Mid,Completed,Indoor/Moderate-Risk,False,Low,True,1.0
PS00486,55+,Solo,Visa-Free/On-Arrival,6.3,Afternoon,December,Checked-Through,3,Mid-Range,Active/City,4,Word of Mouth/Referral,80.3,High,City/Culture/Shopping,TRUE,Yes,5,True,city/culture/shopping,407.0,47.6,True,5.0,5.0,True,True,True,True,City/Culture/Shopping,City/Culture/Shopping,6.3,407.0,False,False,3.0,Mid-Range,288.0,High,True,True,True,0.0,Mid,Completed,Outdoor/Higher-Risk,False,High,True,1.0
PS00487,18-24,Friends/Group,Visa-Free/On-Arrival,7.4,Night,February,checked-through,2,Budget,Family/Indoor,3,Organic App Search,80.2,High,City/Culture/Shopping,True,True,2,False,,,,,,,True,True,False,,City/Culture/Shopping,,7.4,,False,False,2.0,Budget,354.0,High,False,True,False,,No Spend,Package Viewed,Outdoor/Higher-Risk,False,Low,True,
PS00488,25-34,Solo,Transit-Visa-Required,8.2,Morning,November,Needs Storage,1,Mid-Range,Family/Indoor,4,Social Media,85.7,High,City/Culture/Shopping,True,Yes,2,True,City/Culture/Shopping,428.0,37.6,1,4.0,4.0,True,True,True,True,City/Culture/Shopping,City/Culture/Shopping,8.2,428.0,False,False,1.0,Mid-Range,401.99999999999994,High,True,True,True,0.0,Mid,Completed,Outdoor/Higher-Risk,False,Low,True,1.0
PS00489,55+,Couple,Transit-Visa-Required,7.9,Evening,September,Carry-On Only,4,Budget,Culture & Heritage,2,Social Media,66.9,Medium,Airport Lounge/Relaxation,True,True,3,False,,,,,,,True,True,False,,Airport Lounge/Relaxation,,7.9,,False,False,4.0,Budget,384.0,Medium,False,True,False,,No Spend,Package Viewed,Airside/Low-Risk,False,Medium,True,
PS00490,45-54,Solo,Visa-Free/On-Arrival,9.4 hrs,Evening,October,Carry-On Only,2,Budget,Culture & Heritage,5,Organic App Search,83.0,High,City/Culture/Shopping,Yes,True,3,False,,,,,,,True,True,False,,City/Culture/Shopping,,9.4,,False,False,2.0,Budget,474.0,High,False,True,False,,No Spend,Package Viewed,Outdoor/Higher-Risk,False,Medium,True,
PS00491,25-34,Couple,Transit-Visa-Required,9.7,Evening,March,Needs Storage,3,Mid-Range,Shopping,3,Social Media,71.6,High,City/Culture/Shopping,True,Yes,3,True,Premium Fast-Track/Chauffeur,1446.0,21.7,True,3.0,2.0,True,True,True,True,City/Culture/Shopping,Premium Fast-Track/Chauffeur,9.7,1446.0,False,False,3.0,Mid-Range,492.0,High,True,True,True,0.0,High,Completed,Outdoor/Higher-Risk,False,Medium,True,0.0
PS00492,35-44,Solo,Visa-Free/On-Arrival,9.9,Night,February,Carry-On Only,4,Premium,Active/City,4,Social Media,82.7,High,indoor micro-experience,True,True,2,True,Indoor Micro-Experience,484.0,13.7,True,4.0,4.0,True,True,True,True,Indoor Micro-Experience,Indoor Micro-Experience,9.9,484.0,False,False,4.0,Premium,504.0,High,True,True,True,0.0,Mid,Completed,Indoor/Moderate-Risk,True,Low,True,1.0
PS00493,25-34,Solo,Visa-Free/On-Arrival,11.3,Evening,April,Checked-Through,1,Mid-Range,Family/Indoor,1,Airport Signage,81.9,High,City/Culture/Shopping,True,True,1,N,,,,,,,True,True,False,,City/Culture/Shopping,,11.3,,False,False,1.0,Mid-Range,588.0,High,False,True,False,,No Spend,Package Viewed,Outdoor/Higher-Risk,False,Low,True,
PS00494,25-34,Couple,not-eligible,4.7,Night,May,Carry-On Only,2,Mid-Range,Shopping,3,Airline Partner,30.0,Low,Stay Airside,True,True,2,False,,,,,,,True,True,False,,Stay Airside,,4.7,,False,False,2.0,Mid-Range,192.0,Low,False,True,False,,No Spend,Package Viewed,Airside/Low-Risk,False,Low,False,
PS00495,25-34,Solo,Visa-Free/On-Arrival,4.8,Afternoon,February,Checked-Through,1,Mid-Range,Relaxation & Wellness,3,Airport Signage,79.6,High,Culture & Shopping,Yes,True,1,False,,,,,,,True,True,False,,City/Culture/Shopping,,4.8,,False,False,1.0,Mid-Range,198.0,High,False,True,False,,No Spend,Package Viewed,Outdoor/Higher-Risk,False,Low,True,
PS00496,25-34,Solo,Visa-Free/On-Arrival,13.3,Afternoon,January,Checked-Through,5,Budget,Culture & Heritage,3,Travel Agent,78.8,High,City/Culture/Shopping,True,TRUE,3,True,City/Culture/Shopping,,11.8,False,4.0,4.0,True,True,True,False,City/Culture/Shopping,City/Culture/Shopping,13.3,,False,False,5.0,Budget,708.0,High,True,True,True,0.0,No Spend,Completed,Outdoor/Higher-Risk,False,Medium,True,1.0
PS00497,35-44,Solo,Visa-Free/On-Arrival,5.8,Morning,October,Checked-Through,3,Budget,Relaxation & Wellness,4,Travel Agent,80.6,High,City/Culture/Shopping,True,True,3,1,City/Culture/Shopping,346.0,35.8,True,4.0,4.0,True,True,True,True,City/Culture/Shopping,City/Culture/Shopping,5.8,346.0,False,False,3.0,Budget,258.0,High,True,True,True,0.0,Mid,Completed,Outdoor/Higher-Risk,False,Medium,True,1.0
PS00498,18-24,Solo,Visa-Free/On-Arrival,6.9,Morning,November,Carry-On Only,5,Budget,Shopping,2,Airline Partner,63.4,Medium,Airport Lounge/Relaxation,True,True,1,True,Airport Lounge/Relaxation,146.0,32.4,FALSE,4.0,4.0,True,True,True,False,Airport Lounge/Relaxation,Airport Lounge/Relaxation,6.9,146.0,False,False,5.0,Budget,324.0,Medium,True,True,True,0.0,Low,Completed,Airside/Low-Risk,False,Low,True,1.0
PS00499,55+,Solo,Visa-Free/On-Arrival,6.5,Morning,May,Needs Storage,2,Mid-Range,Shopping,2,Word of Mouth/Referral,75.5,High,City/Culture/Shopping,True,True,2,True,City/Culture/Shopping,448.0,44.2,False,4.0,4.0,True,True,True,False,City/Culture/Shopping,City/Culture/Shopping,6.5,448.0,False,False,2.0,Mid-Range,300.0,High,True,True,True,0.0,Mid,Completed,Outdoor/Higher-Risk,False,Low,True,1.0
PS00500,55+,Solo,VISA-FREE/ON-ARRIVAL,23.5,Morning,September,Checked-Through,4,Mid-Range,Shopping,3,Social Media,74.2,High,City/Culture/Shopping,True,True,1,True,City/Culture/Shopping,595.0,21.5,True,4.0,4.0,True,True,True,True,City/Culture/Shopping,City/Culture/Shopping,23.5,595.0,False,False,4.0,Mid-Range,1320.0,High,True,True,True,0.0,Mid,Completed,Outdoor/Higher-Risk,False,Low,False,1.0
PS00501,35-44,Family with kids,Transit-Visa-Required,4.2,Morning,December,checked-through,2,,Shopping,4,Social Media,64.3,Medium,Indoor Micro-Experience,True,True,1,False,,,,,,,True,True,False,,Indoor Micro-Experience,,4.2,,False,True,2.0,Unknown,162.0,Medium,False,True,False,,No Spend,Package Viewed,Indoor/Moderate-Risk,False,Low,False,
PS00502,35-44,Couple,Visa-Free/On-Arrival,4.2,Morning,December,Carry-On Only,3,Budget,Relaxation & Wellness,2,Organic App Search,56.5,Medium,Airport Lounge/Relaxation,True,True,2,False,,,,,,,True,True,False,,Airport Lounge/Relaxation,,4.2,,False,False,3.0,Budget,162.0,Medium,False,True,False,,No Spend,Package Viewed,Airside/Low-Risk,False,Low,False,
PS00503,25-34,Couple,Visa-Free/On-Arrival,7.4,Morning,May,Carry-On Only,4,,Relaxation & Wellness,1,Airport Signage,68.4,Medium,Indoor Micro-Experience,Yes,True,2,True,Indoor Micro-Experience,291.0,29.2,Yes,4.0,5.0,True,True,True,True,Indoor Micro-Experience,Indoor Micro-Experience,7.4,291.0,False,True,4.0,Unknown,354.0,Medium,True,True,True,0.0,Low,Completed,Indoor/Moderate-Risk,False,Low,True,1.0
PS00504,45-54,SOLO,Visa-Free/On-Arrival,6.7,Night,December,Carry-On Only,4,Budget,Family/Indoor,5,Word of Mouth/Referral,81.9,High,Indoor Micro-Experience,True,yes ,2,False,,,,,,,True,True,False,,Indoor Micro-Experience,,6.7,,False,False,4.0,Budget,312.0,High,False,True,False,,No Spend,Package Viewed,Indoor/Moderate-Risk,False,Low,True,
PS00505,35-44,Friends/Group,Visa-Free/On-Arrival,3.4,Morning,November,Carry-On Only,4,Budget,Active/City,1,Social Media,54.5,Medium,Airport Lounge/Relaxation,True,True,2,True,Airport Lounge/Relaxation,185.0,50.0,True,3.0,3.0,True,True,True,True,Airport Lounge/Relaxation,Airport Lounge/Relaxation,3.4,185.0,False,False,4.0,Budget,114.0,Medium,True,True,True,0.0,Low,Completed,Airside/Low-Risk,False,Low,False,1.0
PS00506,18-24,Solo,Transit-Visa-Required,7.1,Evening,October,Carry-On Only,4,Budget,Shopping,5,Travel Agent,73.7,High,Indoor Micro-Experience,True,True,0,False,,,,,,,True,True,False,,Indoor Micro-Experience,,7.1,,False,False,4.0,Budget,336.0,High,False,False,False,,No Spend,Eligibility Checked,Indoor/Moderate-Risk,False,None,True,
PS00507,55+,Solo,Not-Eligible,7.5,Morning,September,Checked-Through,2,Mid-Range,Active/City,3,Airport Signage,30.0,Low,Stay Airside,True,True,0,False,,,,,,,True,True,False,,Stay Airside,,7.5,,False,False,2.0,Mid-Range,360.0,Low,False,False,False,,No Spend,Eligibility Checked,Airside/Low-Risk,False,None,False,
PS00508,45-54,Couple,Visa-Free/On-Arrival,5.4,Night,December,Checked-Through,3,Budget,Active/City,4,Airport Signage,75.9,High,City/Culture/Shopping,True,True,1,True,City/Culture/Shopping,324.0,48.0,True,4.0,4.0,True,True,True,True,City/Culture/Shopping,City/Culture/Shopping,5.4,324.0,False,False,3.0,Budget,234.0,High,True,True,True,0.0,Mid,Completed,Outdoor/Higher-Risk,False,Low,True,1.0
PS00509,55+,Solo,Not-Eligible,6.8,Night,October,Checked-Through,3,Mid-Range,Culture & Heritage,2,Social Media,30.0,Low,Stay Airside,True,True,0,False,,,,,,,True,True,False,,Stay Airside,,6.8,,False,False,3.0,Mid-Range,318.0,Low,False,False,False,,No Spend,Eligibility Checked,Airside/Low-Risk,False,None,False,
PS00510,35-44,Solo,Transit-Visa-Required,4.5,Evening,June,Needs Storage,5,Premium,Shopping,4,Airport Signage,57.7,Medium,Indoor Micro-Experience,True,Yes,1,False,,,,,,,True,True,False,,Indoor Micro-Experience,,4.5,,False,False,5.0,Premium,180.0,Medium,False,True,False,,No Spend,Package Viewed,Indoor/Moderate-Risk,False,Low,True,
PS00511,35-44,Couple,Transit-Visa-Required,3.4,Evening,March,Checked-Through,2,Budget,Relaxation & Wellness,2,Airline Partner,61.0,Medium,Airport Lounge/Relaxation,True,True,2,False,,,,,,,True,True,False,,Airport Lounge/Relaxation,,3.4,,False,False,2.0,Budget,114.0,Medium,False,True,False,,No Spend,Package Viewed,Airside/Low-Risk,False,Low,False,
PS00512,25-34,Friends/Group,Visa-Free/On-Arrival,5.7,Morning,April,Carry-On Only,5,Mid-Range,Culture & Heritage,3,Word of Mouth/Referral,72.4,High,city/culture/shopping,True,True,0,TRUE,City/Culture/Shopping,577.0,44.6,True,4.0,4.0,True,True,True,True,City/Culture/Shopping,City/Culture/Shopping,5.7,577.0,False,False,5.0,Mid-Range,252.0,High,True,False,True,0.0,Mid,Completed,Outdoor/Higher-Risk,False,None,True,1.0
PS00513,55+,Couple,Visa-Free/On-Arrival,3.8,Night,April,Checked-Through,3,Budget,Relaxation & Wellness,2,Social Media,61.9,Medium,Airport Lounge/Relaxation,True,True,2,False,,,,,,,True,True,False,,Airport Lounge/Relaxation,,3.8,,False,False,3.0,Budget,138.0,Medium,False,True,False,,No Spend,Package Viewed,Airside/Low-Risk,False,Low,False,
PS00514,45-54,Family with kids,Visa-Free/On-Arrival,3.0,Night,January,Checked-Through,4,Budget,Shopping,4,Word of Mouth/Referral,63.5,Medium,Airport Lounge/Relaxation,True,True,3,False,,,,,,,True,True,False,,Airport Lounge/Relaxation,,3.0,,False,False,4.0,Budget,90.0,Medium,False,True,False,,No Spend,Package Viewed,Airside/Low-Risk,False,Medium,False,
PS00515,18-24,Friends/Group,Transit-Visa-Required,2.0,Night,March,Checked-Through,2,Budget,Family/Indoor,5,Social Media,49.2,Medium,airport lounge/relaxation,True,False,2,False,,,,,,,True,False,False,,Airport Lounge/Relaxation,,2.0,,False,False,2.0,Budget,30.0,Medium,False,True,False,,No Spend,Package Viewed,Airside/Low-Risk,False,Low,False,
PS00516,18-24,Solo,Visa-Free/On-Arrival,8.5,Evening,March,Checked-Through,3,Premium,Family/Indoor,3,Social Media,87.9,High,Premium Fast-Track/Chauffeur,TRUE,True,5,True,Premium Fast-Track/Chauffeur,2084.0,25.7,True,4.0,5.0,True,True,True,True,Premium Fast-Track/Chauffeur,Premium Fast-Track/Chauffeur,8.5,2084.0,False,False,3.0,Premium,420.0,High,True,True,True,0.0,High,Completed,Outdoor/Higher-Risk,True,High,True,1.0
PS00517,25-34,Solo,Not-Eligible,5.6,Afternoon,January,Checked-Through,4,Mid-Range,Shopping,3,Organic App Search,30.0,Low,  Stay Airside ,True,False,0,False,,,,,,,True,False,False,,Stay Airside,,5.6,,False,False,4.0,Mid-Range,246.0,Low,False,False,False,,No Spend,App Viewed,Airside/Low-Risk,False,None,False,
PS00518,45-54,Solo,Visa-Free/On-Arrival,13.3,Night,September,Carry-On Only,3,Mid-Range,Culture & Heritage,4,Organic App Search,93.1,High,City/Culture/Shopping,True,True,1,False,,,,,,,True,True,False,,City/Culture/Shopping,,13.3,,False,False,3.0,Mid-Range,708.0,High,False,True,False,,No Spend,Package Viewed,Outdoor/Higher-Risk,False,Low,True,
PS00519,55+,Couple,Visa-Free/On-Arrival,5.9,Afternoon,November,Checked-Through,5,Budget,Shopping,5,Airport Signage,76.8,High,City/Culture/Shopping,True,True,1,False,,,,,,,True,True,False,,City/Culture/Shopping,,5.9,,False,False,5.0,Budget,264.0,High,False,True,False,,No Spend,Package Viewed,Outdoor/Higher-Risk,False,Low,True,
PS00520,18-24,Couple,Transit-Visa-Required,8.5,Evening,January,Carry-On Only,4,Premium,Family/Indoor,4,Word of Mouth/Referral,70.1,High,Indoor Micro-Experience,True,True,3,True,Indoor Micro-Experience,439.0,18.8,True,4.0,4.0,True,True,True,True,Indoor Micro-Experience,Indoor Micro-Experience,8.5,439.0,False,False,4.0,Premium,420.0,High,True,True,True,0.0,Mid,Completed,Indoor/Moderate-Risk,True,Medium,True,1.0
PS00521,35-44,Friends/Group,Visa-Free/On-Arrival,4.9,Morning,September,Checked-Through,3,Premium,Relaxation & Wellness,5,Airport Signage,80.0,High,Premium Fast-Track/Chauffeur,TRUE,True,3,True,Premium Fast-Track/Chauffeur,977.0,52.7,False,,3.0,True,True,True,False,Premium Fast-Track/Chauffeur,Premium Fast-Track/Chauffeur,4.9,977.0,False,False,3.0,Premium,204.0,High,True,True,True,0.0,High,Booked,Outdoor/Higher-Risk,True,Medium,True,1.0
PS00522,25-34,Family with kids,Visa-Free/On-Arrival,7.3,Night,January,Checked-Through,,Mid-Range,Culture & Heritage,3,Airline Partner,76.8,High,Indoor Micro-Experience,True,True,2,True,Indoor Micro-Experience,381.0,33.2,True,3.0,3.0,True,True,True,True,Indoor Micro-Experience,Indoor Micro-Experience,7.3,381.0,True,False,,Mid-Range,348.0,High,True,True,True,0.0,Mid,Completed,Indoor/Moderate-Risk,False,Low,True,1.0
PS00523,55+,Couple,TRANSIT-VISA-REQUIRED,2.0,Morning,February,Checked-Through,4,,Relaxation & Wellness,2,Social Media,50.0,Medium,Indoor Micro-Experience,True,True,1,True,Indoor Micro-Experience,374.0,55.7,True,3.0,3.0,True,True,True,True,Indoor Micro-Experience,Indoor Micro-Experience,2.0,374.0,False,True,4.0,Unknown,30.0,Medium,True,True,True,1.0,Mid,Completed,Indoor/Moderate-Risk,False,Low,False,1.0
PS00524,45-54,Solo,Not-Eligible,5.7,Morning,February,Needs Storage,4,Budget,Shopping,2,Organic App Search,30.0,Low,Stay Airside,TRUE,True,0,False,,,,,,,True,True,False,,Stay Airside,,5.7,,False,False,4.0,Budget,252.0,Low,False,False,False,,No Spend,Eligibility Checked,Airside/Low-Risk,False,None,False,
PS00525,45-54,FAMILY WITH KIDS,Transit-Visa-Required,4.2,Evening,June,Checked-Through,,Mid-Range,Relaxation & Wellness,4,Organic App Search,71.2,High,City/Culture/Shopping,True,True,1,True,Indoor Micro-Experience,353.0,50.3,True,2.0,2.0,True,True,True,True,City/Culture/Shopping,Indoor Micro-Experience,4.2,353.0,True,False,,Mid-Range,162.0,High,True,True,True,0.0,Mid,Completed,Outdoor/Higher-Risk,False,Low,False,0.0
PS00526,25-34,Friends/Group,Transit-Visa-Required,12.5,Evening,July,Checked-Through,3,Mid-Range,Active/City,3,Airline Partner,73.2,High,City/Culture/Shopping,1,True,2,True,City/Culture/Shopping,459.0,19.6,True,3.0,2.0,True,True,True,True,City/Culture/Shopping,City/Culture/Shopping,12.5,459.0,False,False,3.0,Mid-Range,660.0,High,True,True,True,0.0,Mid,Completed,Outdoor/Higher-Risk,False,Low,True,1.0
PS00527,25-34,Family with kids,Transit-Visa-Required,8.2,Evening,November,Needs Storage,4,Mid-Range,Culture & Heritage,2,Word of Mouth/Referral,66.3,Medium,Indoor Micro-Experience,True,TRUE,4,False,,,,,,,True,True,False,,Indoor Micro-Experience,,8.2,,False,False,4.0,Mid-Range,401.99999999999994,Medium,False,True,False,,No Spend,Package Viewed,Indoor/Moderate-Risk,False,Medium,True,
PS00528,25-34,Solo,Not-Eligible,11.6,Morning,January,Checked-Through,5,Premium,Active/City,2,Word of Mouth/Referral,30.0,Low,Stay Airside,True,True,1,no ,,,,,,,True,True,False,,Stay Airside,,11.6,,False,False,5.0,Premium,606.0,Low,False,True,False,,No Spend,Package Viewed,Airside/Low-Risk,False,Low,False,
PS00529,18-24,Couple,Visa-Free/On-Arrival,14.1,Morning,March,Carry-On Only,3,Budget,Family/Indoor,3,Airport Signage,82.6,High,City/Culture/Shopping,True,False,3,False,,,,,,,True,False,False,,City/Culture/Shopping,,14.1,,False,False,3.0,Budget,756.0,High,False,True,False,,No Spend,Package Viewed,Outdoor/Higher-Risk,False,Medium,True,
PS00530,45-54,Solo,Visa-Free/On-Arrival,5.4,Evening,February,Checked-Through,2,Budget,Culture & Heritage,2,Travel Agent,74.7,High,City/Culture/Shopping,True,True,1,True,City / Culture / Shopping,406.0,55.9,False,5.0,5.0,True,True,True,False,City/Culture/Shopping,City/Culture/Shopping,5.4,406.0,False,False,2.0,Budget,234.0,High,True,True,True,1.0,Mid,Completed,Outdoor/Higher-Risk,False,Low,True,1.0
PS00531,45-54,Solo,Visa-Free/On-Arrival,8.0,Night,August,Carry-On Only,3,Budget,active/city,1,Social Media,71.3,High,City/Culture/Shopping,True,True,0,TRUE,City / Culture / Shopping,465.0,29.8,False,2.0,2.0,True,True,True,False,City/Culture/Shopping,City/Culture/Shopping,8.0,465.0,False,False,3.0,Budget,390.0,High,True,False,True,0.0,Mid,Completed,Outdoor/Higher-Risk,False,None,True,1.0
PS00532,55+,Solo,Visa-Free/On-Arrival,3.5,Evening,September,Checked-Through,1,Premium,Shopping,5,Airline Partner,79.2,High,Premium Fast-Track/Chauffeur,TRUE,True,1,False,,,,,,,True,True,False,,Premium Fast-Track/Chauffeur,,3.5,,False,False,1.0,Premium,120.0,High,False,True,False,,No Spend,Package Viewed,Outdoor/Higher-Risk,False,Low,False,
PS00533,55+,Couple,Transit-Visa-Required,9.2,Afternoon,February,Needs Storage,4,Premium,Shopping,3,Word of Mouth/Referral,71.9,High,Indoor Micro-Experience,True,N,3,False,,,,,,,True,False,False,,Indoor Micro-Experience,,9.2,,False,False,4.0,Premium,462.0,High,False,True,False,,No Spend,Package Viewed,Indoor/Moderate-Risk,True,Medium,True,
PS00534,35-44,Family with kids,Transit-Visa-Required,10.0,Night,February,Carry-On Only,4,Mid-Range,Family/Indoor,2,Airport Signage,67.1,Medium,Indoor Micro-Experience,True,True,2,False,,,,,,,True,True,False,,Indoor Micro-Experience,,10.0,,False,False,4.0,Mid-Range,510.0,Medium,False,True,False,,No Spend,Package Viewed,Indoor/Moderate-Risk,False,Low,True,
PS00535,45-54,Solo,Transit-Visa-Required,8.9,Afternoon,October,Checked-Through,3,Mid-Range,Relaxation & Wellness,4,Airport Signage,78.9,High,City/Culture/Shopping,True,True,4,False,,,,,,,True,True,False,,City/Culture/Shopping,,8.9,,False,False,3.0,Mid-Range,444.0,High,False,True,False,,No Spend,Package Viewed,Outdoor/Higher-Risk,False,Medium,True,
PS00536,55+,Solo,Visa-Free/On-Arrival,5.4,Afternoon,September,Checked-Through,5,Mid-Range,Relaxation & Wellness,5,Airline Partner,76.9,High,Indoor Micro-Experience,True,True,6,True,Premium Fast-Track/Chauffeur,1308.0,53.3,True,3.0,3.0,True,True,True,True,Indoor Micro-Experience,Premium Fast-Track/Chauffeur,5.4,1308.0,False,False,5.0,Mid-Range,234.0,High,True,True,True,0.0,High,Completed,Indoor/Moderate-Risk,False,High,True,0.0
PS00537,45-54,Couple,Transit-Visa-Required,19.0,Afternoon,April,Checked-Through,3,Mid-Range,Shopping,4,Travel Agent,79.1,High,City/Culture/Shopping,True,True,1,False,,,,,,,True,True,False,,City/Culture/Shopping,,19.0,,False,False,3.0,Mid-Range,1050.0,High,False,True,False,,No Spend,Package Viewed,Outdoor/Higher-Risk,False,Low,True,
PS00538,25-34,Solo,Visa-Free/On-Arrival,7.5,Afternoon,May,Carry-On Only,4,Budget,Active/City,2,Social Media,73.3,High,City/Culture/Shopping,True,True,2,TRUE,City/Culture/Shopping,,35.4,True,5.0,5.0,True,True,True,True,City/Culture/Shopping,City/Culture/Shopping,7.5,,False,False,4.0,Budget,360.0,High,True,True,True,0.0,No Spend,Completed,Outdoor/Higher-Risk,False,Low,True,1.0
PS00539,25-34,Solo,Transit-Visa-Required,26.0,Evening,November,Checked-Through,2,,Relaxation & Wellness,5,Airport Signage,83.6,High,City/Culture/Shopping,yes ,True,4,True,City/Culture/Shopping,539.0,14.1,True,4.0,4.0,True,True,True,True,City/Culture/Shopping,City/Culture/Shopping,26.0,539.0,False,True,2.0,Unknown,1470.0,High,True,True,True,0.0,Mid,Completed,Outdoor/Higher-Risk,False,Medium,True,1.0
PS00540,18-24,Couple,Transit-Visa-Required,3.6,Afternoon,September,Checked-Through,3,Mid-Range,Active/City,3,Social Media,55.0,Medium,INDOOR MICRO-EXPERIENCE,True,True,1,True,Indoor Micro-Experience,394.0,51.6,True,4.0,4.0,True,True,True,True,Indoor Micro-Experience,Indoor Micro-Experience,3.6,394.0,False,False,3.0,Mid-Range,126.0,Medium,True,True,True,0.0,Mid,Completed,Indoor/Moderate-Risk,False,Low,False,1.0
PS00541,55+,Family with kids,Visa-Free/On-Arrival,10.6,Afternoon,June,Carry-On Only,5,Mid-Range,Culture & Heritage,3,Airline Partner,78.1,High,City/Culture/Shopping,True,True,1,False,,,,,,,True,True,False,,City/Culture/Shopping,,10.6,,False,False,5.0,Mid-Range,546.0,High,False,True,False,,No Spend,Package Viewed,Outdoor/Higher-Risk,False,Low,True,
PS00542,35-44,Solo,visa-free/on-arrival,12.8,Morning,October,Checked-Through,2,Budget,Relaxation & Wellness,4,Word of Mouth/Referral,87.2,High,City/Culture/Shopping,True,True,3,True,City/Culture/Shopping,313.0,8.0,True,4.0,4.0,True,True,True,True,City/Culture/Shopping,City/Culture/Shopping,12.8,313.0,False,False,2.0,Budget,678.0,High,True,True,True,0.0,Mid,Completed,Outdoor/Higher-Risk,False,Medium,False,1.0
PS00543,25-34,Solo,Visa-Free/On-Arrival,3.6,Morning,December,Checked-Through,3,Mid-Range,Active/City,4,Social Media,70.8,High,City/Culture/Shopping,True,True,2,True,City/Culture/Shopping,300.0,57.5,Y,4.0,4.0,True,True,True,True,City/Culture/Shopping,City/Culture/Shopping,3.6,300.0,False,False,3.0,Mid-Range,126.0,High,True,True,True,1.0,Mid,Completed,Outdoor/Higher-Risk,False,Low,False,1.0
PS00544,35-44,Solo,Transit-Visa-Required,6.4,Evening,September,Checked-Through,3,Premium,Culture & Heritage,3,Airport Signage,75.2,High,Premium Fast-Track/Chauffeur,True,Yes,5,True,Premium Fast-Track/Chauffeur,2319.0,46.8,False,2.0,2.0,True,True,True,False,Premium Fast-Track/Chauffeur,Premium Fast-Track/Chauffeur,6.4,2319.0,False,False,3.0,Premium,294.0,High,True,True,True,0.0,High,Completed,Outdoor/Higher-Risk,True,High,True,1.0
PS00545,35-44,Friends/Group,not-eligible,2.7,Morning,September,Carry-On Only,2,Mid-Range,Active/City,5,Airline Partner,30.0,Low,Stay Airside,True,False,1,False,,,,,,,True,False,False,,Stay Airside,,2.7,,False,False,2.0,Mid-Range,72.0,Low,False,True,False,,No Spend,Package Viewed,Airside/Low-Risk,False,Low,False,
PS00546,25-34,Family with kids,Transit-Visa-Required,14.4,Morning,July,Needs Storage,2,Mid-Range,Culture & Heritage,4,Airline Partner,83.7,High,City/Culture/Shopping,True,True,2,True,City/Culture/Shopping,347.0,20.4,False,4.0,,True,True,True,False,City/Culture/Shopping,City/Culture/Shopping,14.4,347.0,False,False,2.0,Mid-Range,774.0,High,True,True,True,0.0,Mid,Completed,Outdoor/Higher-Risk,False,Low,True,1.0
PS00547,18-24,Family with kids,Visa-Free/On-Arrival,7.0,Evening,December,Checked-Through,2,Mid-Range,Culture & Heritage,5,Organic App Search,88.7,High,City/Culture/Shopping,True,True,2,True,City/Culture/Shopping,,44.4,True,5.0,5.0,True,True,True,True,City/Culture/Shopping,City/Culture/Shopping,7.0,,False,False,2.0,Mid-Range,330.0,High,True,True,True,0.0,No Spend,Completed,Outdoor/Higher-Risk,False,Low,True,1.0
PS00548,35-44,Solo,Visa-Free/On-Arrival,4.2,Evening,October,Carry-On Only,5,Mid-Range,Active/City,3,Social Media,65.7,Medium,Indoor Micro-Experience,1,False,0,False,,,,,,,True,False,False,,Indoor Micro-Experience,,4.2,,False,False,5.0,Mid-Range,162.0,Medium,False,False,False,,No Spend,App Viewed,Indoor/Moderate-Risk,False,None,False,
PS00549,35-44,Couple,Transit-Visa-Required,12.9,Evening,September,Checked-Through,4,Budget,Active/City,3,Travel Agent,70.1,High,Indoor Micro-Experience,TRUE,True,2,no ,,,,,,,True,True,False,,Indoor Micro-Experience,,12.9,,False,False,4.0,Budget,684.0,High,False,True,False,,No Spend,Package Viewed,Indoor/Moderate-Risk,False,Low,True,
PS00550,45-54,Solo,Transit-Visa-Required,7.4,Afternoon,May,Checked-Through,3,Mid-Range,Culture & Heritage,3,Airline Partner,71.8,High,City/Culture/Shopping,True,True,2,True,City/Culture/Shopping,481.0,37.5,True,5.0,4.0,True,True,True,True,City/Culture/Shopping,City/Culture/Shopping,7.4,481.0,False,False,3.0,Mid-Range,354.0,High,True,True,True,0.0,Mid,Completed,Outdoor/Higher-Risk,False,Low,True,1.0
PS00551,35-44,Couple,Visa-Free/On-Arrival,11.9,Night,May,Checked-Through,4,Mid-Range,Shopping,1,Social Media,71.9,High,City/Culture/Shopping,yes ,True,1,False,,,,,,,True,True,False,,City/Culture/Shopping,,11.9,,False,False,4.0,Mid-Range,624.0,High,False,True,False,,No Spend,Package Viewed,Outdoor/Higher-Risk,False,Low,True,
PS00552,45-54,Friends/Group,Visa-Free/On-Arrival,9.6,Night,December,checked-through,1,Mid-Range,Relaxation & Wellness,2,Organic App Search,84.9,High,City/Culture/Shopping,True,False,3,False,,,,,,,True,False,False,,City/Culture/Shopping,,9.6,,False,False,1.0,Mid-Range,486.0,High,False,True,False,,No Spend,Package Viewed,Outdoor/Higher-Risk,False,Medium,True,
PS00553,35-44,Couple,Transit-Visa-Required,3.9,Evening,August,Checked-Through,3,Mid-Range,Active/City,4,Airport Signage,60.9,Medium,Indoor Micro-Experience,True,True,2,True,Indoor Micro-Experience,420.0,60.6,False,2.0,2.0,True,True,True,False,Indoor Micro-Experience,Indoor Micro-Experience,3.9,420.0,False,False,3.0,Mid-Range,144.0,Medium,True,True,True,1.0,Mid,Completed,Indoor/Moderate-Risk,False,Low,False,1.0
PS00554,35-44,Friends/Group,Visa-Free/On-Arrival,5.3,Evening,October,Needs Storage,2,Mid-Range,Family/Indoor,4,Social Media,71.0,High,City/Culture/Shopping,yes ,True,3,True,Airport Lounge/Relaxation,,46.1,True,3.0,2.0,True,True,True,True,City/Culture/Shopping,Airport Lounge/Relaxation,5.3,,False,False,2.0,Mid-Range,228.0,High,True,True,True,0.0,No Spend,Completed,Outdoor/Higher-Risk,False,Medium,True,0.0
PS00555,45-54,Family with kids,Visa-Free/On-Arrival,4.3,Afternoon,April,Needs Storage,2,Mid-Range,Family/Indoor,2,Organic App Search,63.8,Medium,Indoor Micro-Experience,Y,Yes,0,False,,,,,,,True,True,False,,Indoor Micro-Experience,,4.3,,False,False,2.0,Mid-Range,168.0,Medium,False,False,False,,No Spend,Eligibility Checked,Indoor/Moderate-Risk,False,None,False,
PS00556,25-34,Solo,Visa-Free/On-Arrival,3.4,Night,September,Checked-Through,5,Mid-Range,Relaxation & Wellness,3,Travel Agent,63.8,Medium,Indoor Micro-Experience,True,True,4,True,City/Culture/Shopping,467.0,62.0,False,2.0,2.0,True,True,True,False,Indoor Micro-Experience,City/Culture/Shopping,3.4,467.0,False,False,5.0,Mid-Range,114.0,Medium,True,True,True,1.0,Mid,Completed,Indoor/Moderate-Risk,False,Medium,False,0.0
PS00557,18-24,Friends/Group,Visa-Free/On-Arrival,2.2,Morning,July,Checked-Through,2,Premium,Shopping,2,Airline Partner,67.1,Medium,Indoor Micro-Experience,True,True,1,0,,,,,,,True,True,False,,Indoor Micro-Experience,,2.2,,False,False,2.0,Premium,42.0,Medium,False,True,False,,No Spend,Package Viewed,Indoor/Moderate-Risk,False,Low,False,
PS00558,18-24,Solo,Transit-Visa-Required,21.1,Morning,July,Needs Storage,4,Mid-Range,Active/City,5,Airport Signage,72.8,High,City/Culture/Shopping,True,True,1,True,City/Culture/Shopping,432.0,4.2,TRUE,4.0,4.0,True,True,True,True,City/Culture/Shopping,City/Culture/Shopping,21.1,432.0,False,False,4.0,Mid-Range,1176.0,High,True,True,True,0.0,Mid,Completed,Outdoor/Higher-Risk,False,Low,True,1.0
PS00559,45-54,Couple,Not-Eligible,8.8,Afternoon,March,Checked-Through,3,Premium,Culture & Heritage,2,Airline Partner,30.0,Low,Stay Airside,True,True,1,True,Premium Fast-Track/Chauffeur,1973.0,30.5,TRUE,2.0,2.0,True,True,True,True,Stay Airside,Premium Fast-Track/Chauffeur,8.8,1973.0,False,False,3.0,Premium,438.0,Low,True,True,True,0.0,High,Completed,Airside/Low-Risk,False,Low,False,0.0
PS00560,35-44,SOLO,Transit-Visa-Required,9.5,Morning,April,Carry-On Only,1,Mid-Range,Family/Indoor,4,Word of Mouth/Referral,83.9,High,City/Culture/Shopping,True,True,2,True,City/Culture/Shopping,541.0,32.2,False,4.0,3.0,True,True,True,False,City/Culture/Shopping,City/Culture/Shopping,9.5,541.0,False,False,1.0,Mid-Range,480.0,High,True,True,True,0.0,Mid,Completed,Outdoor/Higher-Risk,False,Low,True,1.0
PS00561,35-44,Solo,Visa-Free/On-Arrival,13.7,Night,July,Checked-Through,4,Budget,Family/Indoor,4,Social Media,76.3,High,City/Culture/Shopping,True,True,1,N,,,,,,,True,True,False,,City/Culture/Shopping,,13.7,,False,False,4.0,Budget,732.0,High,False,True,False,,No Spend,Package Viewed,Outdoor/Higher-Risk,False,Low,True,
PS00562,25-34,Couple,Visa-Free/On-Arrival,5.2,Evening,November,Checked-Through,3,Premium,Family/Indoor,3,Organic App Search,72.9,High,Premium Fast-Track/Chauffeur,True,True,3,True,Premium Fast-Track/Chauffeur,2267.0,49.9,True,5.0,5.0,True,True,True,True,Premium Fast-Track/Chauffeur,Premium Fast-Track/Chauffeur,5.2,2267.0,False,False,3.0,Premium,222.0,High,True,True,True,0.0,High,Completed,Outdoor/Higher-Risk,True,Medium,True,1.0
PS00563,18-24,Solo,Visa-Free/On-Arrival,2.9,Evening,November,Checked-Through,,Mid-Range,Relaxation & Wellness,2,Airline Partner,61.0,Medium,Indoor Micro-Experience,True,True,1,True,Indoor Micro-Experience,291.0,48.0,True,4.0,3.0,True,True,True,True,Indoor Micro-Experience,Indoor Micro-Experience,2.9,291.0,True,False,,Mid-Range,84.0,Medium,True,True,True,0.0,Low,Completed,Indoor/Moderate-Risk,False,Low,False,1.0
PS00564,18-24,Couple,Visa-Free/On-Arrival,11.3,Evening,May,Needs Storage,2,Premium,Active/City,3,Airport Signage,84.7,High,Premium Fast-Track/Chauffeur,True,True,2,True,Premium Fast-Track/Chauffeur,2203.0,12.2,True,4.0,5.0,True,True,True,True,Premium Fast-Track/Chauffeur,Premium Fast-Track/Chauffeur,11.3,2203.0,False,False,2.0,Premium,588.0,High,True,True,True,0.0,High,Completed,Outdoor/Higher-Risk,True,Low,True,1.0
PS00565,25-34,Couple,Transit-Visa-Required,3.2,Afternoon,December,Needs Storage,1,,Relaxation & Wellness,4,Airline Partner,61.7,Medium,Indoor Micro-Experience,True,True,3,True,Indoor Micro-Experience,331.0,66.7,True,4.0,4.0,True,True,True,True,Indoor Micro-Experience,Indoor Micro-Experience,3.2,331.0,False,True,1.0,Unknown,102.0,Medium,True,True,True,1.0,Mid,Completed,Indoor/Moderate-Risk,False,Medium,False,1.0
PS00566,35-44,Solo,Visa-Free/On-Arrival,11.1,Morning,March,Checked-Through,5,Budget,Relaxation & Wellness,4,Airport Signage,75.9,High,Indoor Micro-Experience,True,True,3,False,,,,,,,True,True,False,,Indoor Micro-Experience,,11.1,,False,False,5.0,Budget,576.0,High,False,True,False,,No Spend,Package Viewed,Indoor/Moderate-Risk,False,Medium,True,
PS00567,25-34,Solo,Visa-Free/On-Arrival,2.6,Evening,January,Carry-On Only,3,Budget,Shopping,4,Airline Partner,59.6,Medium,Airport Lounge/Relaxation,Y,True,1,True,Airport Lounge/Relaxation,135.0,56.6,True,4.0,4.0,True,True,True,True,Airport Lounge/Relaxation,Airport Lounge/Relaxation,2.6,135.0,False,False,3.0,Budget,66.0,Medium,True,True,True,1.0,Low,Completed,Airside/Low-Risk,False,Low,False,1.0
PS00568,25-34,Couple,Visa-Free/On-Arrival,3.1,Evening,July,Checked-Through,1,Mid-Range,Relaxation & Wellness,4,Airport Signage,72.5,High,City / Culture / Shopping,True,True,3,Y,Premium Fast-Track/Chauffeur,1448.0,70.2,True,2.0,2.0,True,True,True,True,City/Culture/Shopping,Premium Fast-Track/Chauffeur,3.1,1448.0,False,False,1.0,Mid-Range,96.0,High,True,True,True,1.0,High,Completed,Outdoor/Higher-Risk,False,Medium,False,0.0
PS00569,55+,SOLO,Visa-Free/On-Arrival,4.9,Afternoon,June,Checked-Through,5,Premium,Culture & Heritage,2,Word of Mouth/Referral,64.7,Medium,Indoor Micro-Experience,True,True,2,True,indoor micro-experience,355.0,49.1,False,4.0,4.0,True,True,True,False,Indoor Micro-Experience,Indoor Micro-Experience,4.9,355.0,False,False,5.0,Premium,204.0,Medium,True,True,True,0.0,Mid,Completed,Indoor/Moderate-Risk,False,Low,True,1.0
PS00570,25-34,Family with kids,Visa-Free/On-Arrival,10.9,Evening,October,Carry-On Only,2,Mid-Range,Shopping,1,Airline Partner,77.6,High,City/Culture/Shopping,True,True,2,True,City/Culture/Shopping,552.0,17.8,True,4.0,5.0,True,True,True,True,City/Culture/Shopping,City/Culture/Shopping,10.9,552.0,False,False,2.0,Mid-Range,564.0,High,True,True,True,0.0,Mid,Completed,Outdoor/Higher-Risk,False,Low,True,1.0
PS00571,35-44,Family with kids,Visa-Free/On-Arrival,17.6,Morning,July,Carry-On Only,2,Budget,Shopping,5,Social Media,88.6,High,City/Culture/Shopping,True,False,4,True,Stay Airside,0.0,7.0,True,3.0,3.0,True,False,True,True,City/Culture/Shopping,Stay Airside,17.6,0.0,False,False,2.0,Budget,966.0,High,True,True,True,0.0,Low,Completed,Outdoor/Higher-Risk,False,Medium,True,0.0
PS00572,45-54,Family with kids,not-eligible,9.5,Morning,February,Checked-Through,2,Mid-Range,Relaxation & Wellness,4,Organic App Search,30.0,Low,Stay Airside,True,True,2,False,,,,,,,True,True,False,,Stay Airside,,9.5,,False,False,2.0,Mid-Range,480.0,Low,False,True,False,,No Spend,Package Viewed,Airside/Low-Risk,False,Low,False,
PS00573,25-34,Family with kids,Visa-Free/On-Arrival,5.0,Morning,December,Checked-Through,3,Mid-Range,Active/City,4,Organic App Search,73.8,High,City/Culture/Shopping,True,Yes,3,True,City/Culture/Shopping,331.0,50.0,True,4.0,4.0,True,True,True,True,City/Culture/Shopping,City/Culture/Shopping,5.0,331.0,False,False,3.0,Mid-Range,210.0,High,True,True,True,0.0,Mid,Completed,Outdoor/Higher-Risk,False,Medium,True,1.0
PS00574,35-44,Couple,Visa-Free/On-Arrival,12.5,Afternoon,April,Needs Storage,1,Budget,Relaxation & Wellness,4,Airport Signage,86.0,High,Culture & Shopping,True,True,4,True,City/Culture/Shopping,347.0,7.8,True,3.0,3.0,True,True,True,True,City/Culture/Shopping,City/Culture/Shopping,12.5,347.0,False,False,1.0,Budget,660.0,High,True,True,True,0.0,Mid,Completed,Outdoor/Higher-Risk,False,Medium,True,1.0
PS00575,45-54,Family with kids,Transit-Visa-Required,2.5,Night,February,Needs Storage,3,Budget,Culture & Heritage,3,Organic App Search,52.7,Medium,Airport Lounge/Relaxation,True,True,2,False,,,,,,,True,True,False,,Airport Lounge/Relaxation,,2.5,,False,False,3.0,Budget,60.0,Medium,False,True,False,,No Spend,Package Viewed,Airside/Low-Risk,False,Low,False,
PS00576,55+,Solo,Not-Eligible,4.0,Night,August,Carry-On Only,5,Budget,Shopping,2,Airport Signage,30.0,Low,Stay Airside,True,True,2,Yes,Stay Airside,0.0,38.9,True,3.0,4.0,True,True,True,True,Stay Airside,Stay Airside,4.0,0.0,False,False,5.0,Budget,150.0,Low,True,True,True,0.0,Low,Completed,Airside/Low-Risk,False,Low,False,1.0
PS00577,18-24,Solo,Transit-Visa-Required,7.8,Afternoon,July,Checked-Through,2,Budget,Family/Indoor,4,Airport Signage,79.1,High,City/Culture/Shopping,True,Yes,3,Y,City/Culture/Shopping,432.0,37.2,True,5.0,5.0,True,True,True,True,City/Culture/Shopping,City/Culture/Shopping,7.8,432.0,False,False,2.0,Budget,378.0,High,True,True,True,0.0,Mid,Completed,Outdoor/Higher-Risk,False,Medium,True,1.0
PS00578,55+,Family with kids,Transit-Visa-Required,11.5,Evening,January,Carry-On Only,3,Budget,Shopping,5,Word of Mouth/Referral,71.2,High,City/Culture/Shopping,True,True,2,True,City/Culture/Shopping,484.0,16.2,False,4.0,3.0,True,True,True,False,City/Culture/Shopping,City/Culture/Shopping,11.5,484.0,False,False,3.0,Budget,600.0,High,True,True,True,0.0,Mid,Completed,Outdoor/Higher-Risk,False,Low,True,1.0
PS00579,25-34,Couple,Visa-Free/On-Arrival,6.6,Evening,February,Checked-Through,3,Budget,Culture & Heritage,3,Word of Mouth/Referral,77.1,High,City/Culture/Shopping,1,True,2,Y,City/Culture/Shopping,341.0,40.0,True,4.0,4.0,True,True,True,True,City/Culture/Shopping,City/Culture/Shopping,6.6,341.0,False,False,3.0,Budget,306.0,High,True,True,True,0.0,Mid,Completed,Outdoor/Higher-Risk,False,Low,True,1.0
PS00580,25-34,Family with kids,Visa-Free/On-Arrival,6.1,Morning,February,Needs Storage,3,Premium,Relaxation & Wellness,3,Word of Mouth/Referral,76.1,High,Premium Fast-Track/Chauffeur,True,True,2,True,Premium Fast-Track/Chauffeur,2197.0,48.5,True,4.0,4.0,True,True,True,True,Premium Fast-Track/Chauffeur,Premium Fast-Track/Chauffeur,6.1,2197.0,False,False,3.0,Premium,276.0,High,True,True,True,0.0,High,Completed,Outdoor/Higher-Risk,True,Low,True,1.0
PS00581,25-34,Family with kids,Visa-Free/On-Arrival,6.4,Morning,April,CHECKED-THROUGH,5,,Active/City,2,Word of Mouth/Referral,63.3,Medium,Airport Lounge/Relaxation,True,True,2,True,Airport Lounge/Relaxation,175.0,35.0,True,3.0,3.0,True,True,True,True,Airport Lounge/Relaxation,Airport Lounge/Relaxation,6.4,175.0,False,True,5.0,Unknown,294.0,Medium,True,True,True,0.0,Low,Completed,Airside/Low-Risk,False,Low,True,1.0
PS00582,55+,Friends/Group,Transit-Visa-Required,13.6,Night,March,Checked-Through,3,Budget,Culture & Heritage,1,Airline Partner,65.4,Medium,Airport Lounge/Relaxation,True,True,3,True,Airport Lounge/Relaxation,153.0,8.1,1,5.0,5.0,True,True,True,True,Airport Lounge/Relaxation,Airport Lounge/Relaxation,13.6,153.0,False,False,3.0,Budget,726.0,Medium,True,True,True,0.0,Low,Completed,Airside/Low-Risk,False,Medium,True,1.0
PS00583,25-34,Friends/Group,Transit-Visa-Required,4.5,Evening,January,CHECKED-THROUGH,1,Budget,Shopping,3,Social Media,68.6,Medium,AIRPORT LOUNGE/RELAXATION,True,True,2,True,Airport Lounge/Relaxation,169.0,42.6,True,3.0,2.0,True,True,True,True,Airport Lounge/Relaxation,Airport Lounge/Relaxation,4.5,169.0,False,False,1.0,Budget,180.0,Medium,True,True,True,0.0,Low,Completed,Airside/Low-Risk,False,Low,True,1.0
PS00584,25-34,Couple,Visa-Free/On-Arrival,3.8,Night,December,Carry-On Only,3,Mid-Range,Relaxation & Wellness,5,Airport Signage,75.7,High,  City/Culture/Shopping ,True,True,5,True,City/Culture/Shopping,491.0,59.3,True,4.0,4.0,True,True,True,True,City/Culture/Shopping,City/Culture/Shopping,3.8,491.0,False,False,3.0,Mid-Range,138.0,High,True,True,True,1.0,Mid,Completed,Outdoor/Higher-Risk,False,High,False,1.0
PS00585,35-44,Solo,Visa-Free/On-Arrival,6.3,Afternoon,February,Carry-On Only,2,Mid-Range,Relaxation & Wellness,4,Social Media,81.6,High,City/Culture/Shopping,True,True,1,Yes,City/Culture/Shopping,515.0,36.4,True,4.0,3.0,True,True,True,True,City/Culture/Shopping,City/Culture/Shopping,6.3,515.0,False,False,2.0,Mid-Range,288.0,High,True,True,True,0.0,Mid,Completed,Outdoor/Higher-Risk,False,Low,True,1.0
PS00586,25-34,Couple,Transit-Visa-Required,14.6,Evening,November,Checked-Through,4,Budget,Active/City,5,Airline Partner,75.1,High,City/Culture/Shopping,True,True,2,True,City/Culture/Shopping,350.0,12.6,False,3.0,3.0,True,True,True,False,City/Culture/Shopping,City/Culture/Shopping,14.6,350.0,False,False,4.0,Budget,786.0,High,True,True,True,0.0,Mid,Completed,Outdoor/Higher-Risk,False,Low,True,1.0
PS00587,18-24,Solo,Visa-Free/On-Arrival,4.8,Morning,September,Carry-On Only,1,,Shopping,4,Airport Signage,78.0,High,City/Culture/Shopping,True,True,4,True,City/Culture/Shopping,346.0,55.3,True,4.0,3.0,True,True,True,True,City/Culture/Shopping,City/Culture/Shopping,4.8,346.0,False,True,1.0,Unknown,198.0,High,True,True,True,1.0,Mid,Completed,Outdoor/Higher-Risk,False,Medium,True,1.0
PS00588,18-24,Couple,Transit-Visa-Required,6.3,Morning,January,Carry-On Only,2,Mid-Range,Culture & Heritage,3,Word of Mouth/Referral,71.3,High,City/Culture/Shopping,True,True,4,True,City/Culture/Shopping,342.0,42.4,True,5.0,4.0,True,True,True,True,City/Culture/Shopping,City/Culture/Shopping,6.3,342.0,False,False,2.0,Mid-Range,288.0,High,True,True,True,0.0,Mid,Completed,Outdoor/Higher-Risk,False,Medium,True,1.0
PS00589,18-24,Family with kids,Transit-Visa-Required,2.5,Afternoon,September,Checked-Through,3,Budget,Active/City,5,Word of Mouth/Referral,60.0,Medium,Airport Lounge/Relaxation,True,True,1,True,Airport Lounge/Relaxation,231.0,57.7,True,4.0,4.0,True,True,True,True,Airport Lounge/Relaxation,Airport Lounge/Relaxation,2.5,231.0,False,False,3.0,Budget,60.0,Medium,True,True,True,1.0,Low,Completed,Airside/Low-Risk,False,Low,False,1.0
PS00590,18-24,Family with kids,Transit-Visa-Required,6.5,Afternoon,July,Carry-On Only,2,Mid-Range,Shopping,3,Social Media,72.1,High,City/Culture/Shopping,True,False,5,True,City/Culture/Shopping,496.0,45.2,False,2.0,3.0,True,False,True,False,City/Culture/Shopping,City/Culture/Shopping,6.5,496.0,False,False,2.0,Mid-Range,300.0,High,True,True,True,0.0,Mid,Completed,Outdoor/Higher-Risk,False,High,True,1.0
PS00591,18-24,Solo,Transit-Visa-Required,8.5,Morning,February,Needs Storage,3,Mid-Range,Relaxation & Wellness,5,Social Media,73.7,High,City/Culture/Shopping,True,True,1,True,City/Culture/Shopping,518.0,29.3,True,3.0,3.0,True,True,True,True,City/Culture/Shopping,City/Culture/Shopping,8.5,518.0,False,False,3.0,Mid-Range,420.0,High,True,True,True,0.0,Mid,Completed,Outdoor/Higher-Risk,False,Low,True,1.0
PS00592,35-44,Solo,Transit-Visa-Required,3.2,Morning,February,Checked-Through,2,Budget,Shopping,4,Travel Agent,60.5,Medium,Airport Lounge/Relaxation,True,True,5,True,Airport Lounge/Relaxation,190.0,52.5,True,4.0,4.0,True,True,True,True,Airport Lounge/Relaxation,Airport Lounge/Relaxation,3.2,190.0,False,False,2.0,Budget,102.0,Medium,True,True,True,0.0,Low,Completed,Airside/Low-Risk,False,High,False,1.0
PS00593,25-34,Couple,Visa-Free/On-Arrival,13.6,Morning,May,Checked-Through,5,Mid-Range,Family/Indoor,3,Social Media,81.9,High,city/culture/shopping,True,False,1,False,,,,,,,True,False,False,,City/Culture/Shopping,,13.6,,False,False,5.0,Mid-Range,726.0,High,False,True,False,,No Spend,Package Viewed,Outdoor/Higher-Risk,False,Low,True,
PS00594,25-34,Solo,Transit-Visa-Required,8.5,Evening,May,Checked-Through,2,Premium,Relaxation & Wellness,3,Organic App Search,79.9,High,Premium Fast-Track/Chauffeur,True,True,5,True,Premium Fast-Track/Chauffeur,1893.0,24.3,True,,4.0,True,True,True,True,Premium Fast-Track/Chauffeur,Premium Fast-Track/Chauffeur,8.5,1893.0,False,False,2.0,Premium,420.0,High,True,True,True,0.0,High,Booked,Outdoor/Higher-Risk,True,High,True,1.0
PS00595,45-54,FRIENDS/GROUP,Transit-Visa-Required,5.3,Afternoon,April,Checked-Through,5,Mid-Range,Family/Indoor,3,Airline Partner,64.0,Medium,Indoor Micro-Experience,True,True,1,False,,,,,,,True,True,False,,Indoor Micro-Experience,,5.3,,False,False,5.0,Mid-Range,228.0,Medium,False,True,False,,No Spend,Package Viewed,Indoor/Moderate-Risk,False,Low,True,
PS00596,25-34,Solo,Visa-Free/On-Arrival,8.5,Morning,December,Checked-Through,3,Budget,Relaxation & Wellness,2,Airport Signage,79.9,High,City/Culture/Shopping,True,True,6,True,City/Culture/Shopping,309.0,27.3,yes ,4.0,4.0,True,True,True,True,City/Culture/Shopping,City/Culture/Shopping,8.5,309.0,False,False,3.0,Budget,420.0,High,True,True,True,0.0,Mid,Completed,Outdoor/Higher-Risk,False,High,True,1.0
PS00597,35-44,Solo,Visa-Free/On-Arrival,9.9,Morning,October,Carry-On Only,4,Premium,Culture & Heritage,3,Organic App Search,85.5,High,Indoor Micro-Experience,Y,True,2,False,,,,,,,True,True,False,,Indoor Micro-Experience,,9.9,,False,False,4.0,Premium,504.0,High,False,True,False,,No Spend,Package Viewed,Indoor/Moderate-Risk,True,Low,True,
PS00598,18-24,Solo,visa-free/on-arrival,2.0,Morning,October,Carry-On Only,2,Mid-Range,Active/City,5,Organic App Search,70.0,High,City/Culture/Shopping,yes ,True,0,True,Stay Airside,0.0,63.1,True,3.0,3.0,True,True,True,True,City/Culture/Shopping,Stay Airside,2.0,0.0,False,False,2.0,Mid-Range,30.0,High,True,False,True,1.0,Low,Completed,Outdoor/Higher-Risk,False,None,False,0.0
PS00599,25-34,couple,Visa-Free/On-Arrival,8.7,Evening,December,Checked-Through,4,Budget,Culture & Heritage,4,Social Media,81.0,High,City/Culture/Shopping,True,True,4,True,City / Culture / Shopping,298.0,23.6,yes ,5.0,5.0,True,True,True,True,City/Culture/Shopping,City/Culture/Shopping,8.7,298.0,False,False,4.0,Budget,432.0,High,True,True,True,0.0,Low,Completed,Outdoor/Higher-Risk,False,Medium,True,1.0
PS00600,18-24,Couple,Transit-Visa-Required,14.4,Morning,March,Carry-On Only,3,Mid-Range,Shopping,2,Airline Partner,68.7,Medium,Indoor Micro-Experience,True,True,3,False,,,,,,,True,True,False,,Indoor Micro-Experience,,14.4,,False,False,3.0,Mid-Range,774.0,Medium,False,True,False,,No Spend,Package Viewed,Indoor/Moderate-Risk,False,Medium,True,
PS00601,18-24,Solo,Transit-Visa-Required,4.5,Evening,April,Carry-On Only,3,Mid-Range,Culture & Heritage,3,Word of Mouth/Referral,62.0,Medium,Indoor Micro-Experience,True,True,3,False,,,,,,,True,True,False,,Indoor Micro-Experience,,4.5,,False,False,3.0,Mid-Range,180.0,Medium,False,True,False,,No Spend,Package Viewed,Indoor/Moderate-Risk,False,Medium,True,
PS00602,25-34,Solo,Visa-Free/On-Arrival,5.4,Morning,October,Needs Storage,4,Premium,Relaxation & Wellness,4,Social Media,75.9,High,Premium Fast-Track/Chauffeur,True,True,3,True,  Premium Fast-Track/Chauffeur ,1274.0,50.9,True,5.0,4.0,True,True,True,True,Premium Fast-Track/Chauffeur,Premium Fast-Track/Chauffeur,5.4,1274.0,False,False,4.0,Premium,234.0,High,True,True,True,0.0,High,Completed,Outdoor/Higher-Risk,True,Medium,True,1.0
PS00603,18-24,Couple,Visa-Free/On-Arrival,6.0,Morning,April,Checked-Through,3,Budget,Relaxation & Wellness,3,Word of Mouth/Referral,77.7,High,City/Culture/Shopping,True,False,3,False,,,,,,,True,False,False,,City/Culture/Shopping,,6.0,,False,False,3.0,Budget,270.0,High,False,True,False,,No Spend,Package Viewed,Outdoor/Higher-Risk,False,Medium,True,
PS00604,18-24,Solo,Not-Eligible,11.6,Night,February,Carry-On Only,3,Budget,Family/Indoor,3,Social Media,30.0,Low,Stay Airside,True,True,2,False,,,,,,,True,True,False,,Stay Airside,,11.6,,False,False,3.0,Budget,606.0,Low,False,True,False,,No Spend,Package Viewed,Airside/Low-Risk,False,Low,False,
PS00605,18-24,Family with kids,Visa-Free/On-Arrival,3.6,Evening,May,Needs Storage,1,Mid-Range,Family/Indoor,4,Airline Partner,68.0,Medium,Indoor Micro-Experience,True,1,1,False,,,,,,,True,True,False,,Indoor Micro-Experience,,3.6,,False,False,1.0,Mid-Range,126.0,Medium,False,True,False,,No Spend,Package Viewed,Indoor/Moderate-Risk,False,Low,False,
PS00606,25-34,Couple,Visa-Free/On-Arrival,9.6,Morning,May,Checked-Through,2,Premium,Relaxation & Wellness,3,Airline Partner,90.7,High,Premium Fast-Track/Chauffeur,True,True,3,True,Premium Fast-Track/Chauffeur,2983.0,14.6,True,4.0,5.0,True,True,True,True,Premium Fast-Track/Chauffeur,Premium Fast-Track/Chauffeur,9.6,2983.0,False,False,2.0,Premium,486.0,High,True,True,True,0.0,High,Completed,Outdoor/Higher-Risk,True,Medium,True,1.0
PS00607,25-34,Solo,Transit-Visa-Required,6.1,Night,May,Checked-Through,3,Budget,Relaxation & Wellness,2,Social Media,65.2,Medium,Airport Lounge/Relaxation,True,True,1,True,Airport Lounge/Relaxation,232.0,44.0,False,4.0,4.0,True,True,True,False,Airport Lounge/Relaxation,Airport Lounge/Relaxation,6.1,232.0,False,False,3.0,Budget,276.0,Medium,True,True,True,0.0,Low,Completed,Airside/Low-Risk,False,Low,True,1.0
PS00608,25-34,Solo,Visa-Free/On-Arrival,18.0,Afternoon,November,Checked-Through,1,Premium,Relaxation & Wellness,3,Airline Partner,90.4,High,Premium Fast-Track/Chauffeur,True,True,4,True,Premium Fast-Track/Chauffeur,2237.0,12.9,True,4.0,4.0,True,True,True,True,Premium Fast-Track/Chauffeur,Premium Fast-Track/Chauffeur,18.0,2237.0,False,False,1.0,Premium,990.0,High,True,True,True,0.0,High,Completed,Outdoor/Higher-Risk,True,Medium,True,1.0
PS00609,35-44,Friends/Group,Visa-Free/On-Arrival,6.3,Night,November,Needs Storage,2,Mid-Range,Relaxation & Wellness,3,Airline Partner,80.1,High,City/Culture/Shopping,True,True,2,False,,,,,,,True,True,False,,City/Culture/Shopping,,6.3,,False,False,2.0,Mid-Range,288.0,High,False,True,False,,No Spend,Package Viewed,Outdoor/Higher-Risk,False,Low,True,
PS00610,35-44,Couple,Visa-Free/On-Arrival,2.0,Evening,October,Checked-Through,,Mid-Range,Family/Indoor,2,Airport Signage,61.6,Medium,Indoor Micro-Experience,1,True,2,False,,,,,,,True,True,False,,Indoor Micro-Experience,,2.0,,True,False,,Mid-Range,30.0,Medium,False,True,False,,No Spend,Package Viewed,Indoor/Moderate-Risk,False,Low,False,
PS00611,18-24,Family with kids,Visa-Free/On-Arrival,10.6,Evening,January,Needs Storage,2,Mid-Range,Shopping,3,Airport Signage,82.4,High,City/Culture/Shopping,True,True,0,True,City/Culture/Shopping,364.0,17.5,False,3.0,3.0,True,True,True,False,City/Culture/Shopping,City/Culture/Shopping,10.6,364.0,False,False,2.0,Mid-Range,546.0,High,True,False,True,0.0,Mid,Completed,Outdoor/Higher-Risk,False,None,True,1.0
PS00612,45-54,Solo,Transit-Visa-Required,9.3,Night,June,Carry-On Only,3,Budget,Shopping,3,Airport Signage,74.8,High,Culture & Shopping,True,True,4,True,Indoor Micro-Experience,270.0,23.9,False,2.0,2.0,True,True,True,False,City/Culture/Shopping,Indoor Micro-Experience,9.3,270.0,False,False,3.0,Budget,468.0,High,True,True,True,0.0,Low,Completed,Outdoor/Higher-Risk,False,Medium,True,0.0
PS00613,35-44,Couple,Visa-Free/On-Arrival,8.3,Morning,November,Checked-Through,,,Active/City,5,Airline Partner,93.6,High,City/Culture/Shopping,True,False,4,True,City/Culture/Shopping,405.0,38.6,True,4.0,4.0,True,False,True,True,City/Culture/Shopping,City/Culture/Shopping,8.3,405.0,True,True,,Unknown,408.00000000000006,High,True,True,True,0.0,Mid,Completed,Outdoor/Higher-Risk,False,Medium,True,1.0
PS00614,18-24,Solo,Visa-Free/On-Arrival,14.1,Evening,February,Carry-On Only,5,Premium,Shopping,4,Organic App Search,81.9,High,Indoor Micro-Experience,True,True,2,False,,,,,,,True,True,False,,Indoor Micro-Experience,,14.1,,False,False,5.0,Premium,756.0,High,False,True,False,,No Spend,Package Viewed,Indoor/Moderate-Risk,True,Low,True,
PS00615,45-54,Couple,Transit-Visa-Required,2.2,Afternoon,July,Checked-Through,3,Budget,culture & heritage,4,Airline Partner,55.9,Medium,Airport Lounge/Relaxation,True,False,1,False,,,,,,,True,False,False,,Airport Lounge/Relaxation,,2.2,,False,False,3.0,Budget,42.0,Medium,False,True,False,,No Spend,Package Viewed,Airside/Low-Risk,False,Low,False,
PS00616,55+,Friends/Group,Transit-Visa-Required,4.0,Morning,April,CHECKED-THROUGH,5,Mid-Range,active/city,3,Airport Signage,49.1,Medium,Indoor Micro-Experience,True,True,2,True,Airport Lounge/Relaxation,222.0,51.9,True,2.0,1.0,True,True,True,True,Indoor Micro-Experience,Airport Lounge/Relaxation,4.0,222.0,False,False,5.0,Mid-Range,150.0,Medium,True,True,True,0.0,Low,Completed,Indoor/Moderate-Risk,False,Low,False,0.0
PS00617,18-24,Solo,Visa-Free/On-Arrival,7.3,Morning,May,Carry-On Only,4,Budget,Shopping,1,Airport Signage,71.9,High,Indoor Micro-Experience,True,True,1,True,Premium Fast-Track/Chauffeur,1290.0,37.6,True,3.0,3.0,True,True,True,True,Indoor Micro-Experience,Premium Fast-Track/Chauffeur,7.3,1290.0,False,False,4.0,Budget,348.0,High,True,True,True,0.0,High,Completed,Indoor/Moderate-Risk,False,Low,True,0.0
PS00618,25-34,Solo,Visa-Free/On-Arrival,8.0,Morning,May,Carry-On Only,5,Budget,Relaxation & Wellness,3,Word of Mouth/Referral,77.9,High,City/Culture/Shopping,True,True,2,True,City/Culture/Shopping,493.0,36.1,True,4.0,4.0,True,True,True,True,City/Culture/Shopping,City/Culture/Shopping,8.0,493.0,False,False,5.0,Budget,390.0,High,True,True,True,0.0,Mid,Completed,Outdoor/Higher-Risk,False,Low,True,1.0
PS00619,45-54,Solo,Transit-Visa-Required,6.6,Evening,May,Checked-Through,4,Mid-Range,Relaxation & Wellness,4,Airport Signage,69.2,High,Indoor Micro-Experience,True,1,3,True,Indoor Micro-Experience,AED 394.0,42.5,1,4.0,3.0,True,True,True,True,Indoor Micro-Experience,Indoor Micro-Experience,6.6,394.0,False,False,4.0,Mid-Range,306.0,High,True,True,True,0.0,Mid,Completed,Indoor/Moderate-Risk,False,Medium,True,1.0
PS00620,35-44,Solo,Visa-Free/On-Arrival,2.5,Evening,February,Carry-On Only,4,Budget,Active/City,3,Airline Partner,56.3,Medium,Airport Lounge/Relaxation,True,True,0,True,  Airport Lounge/Relaxation ,138.0,57.9,True,4.0,4.0,True,True,True,True,Airport Lounge/Relaxation,Airport Lounge/Relaxation,2.5,138.0,False,False,4.0,Budget,60.0,Medium,True,False,True,1.0,Low,Completed,Airside/Low-Risk,False,None,False,1.0
PS00621,25-34,Solo,Visa-Free/On-Arrival,5.4,Evening,May,Checked-Through,3,Mid-Range,Culture & Heritage,3,Airline Partner,69.1,High,City/Culture/Shopping,TRUE,True,3,Y,Stay Airside,0.0,37.2,False,2.0,,True,True,True,False,City/Culture/Shopping,Stay Airside,5.4,0.0,False,False,3.0,Mid-Range,234.0,High,True,True,True,0.0,Low,Completed,Outdoor/Higher-Risk,False,Medium,True,0.0
PS00622,25-34,Solo,Transit-Visa-Required,17.3,Morning,March,Checked-Through,2,Mid-Range,Culture & Heritage,2,Travel Agent,73.1,High,City/Culture/Shopping,TRUE,True,2,False,,,,,,,True,True,False,,City/Culture/Shopping,,17.3,,False,False,2.0,Mid-Range,948.0,High,False,True,False,,No Spend,Package Viewed,Outdoor/Higher-Risk,False,Low,True,
PS00623,25-34,FAMILY WITH KIDS,Not-Eligible,3.5,Afternoon,April,Checked-Through,2,Premium,Active/City,5,Travel Agent,30.0,Low,Stay Airside,True,False,3,False,,,,,,,True,False,False,,Stay Airside,,3.5,,False,False,2.0,Premium,120.0,Low,False,True,False,,No Spend,Package Viewed,Airside/Low-Risk,False,Medium,False,
PS00624,25-34,Couple,Transit-Visa-Required,7.2,Night,February,Checked-Through,5,Budget,Shopping,5,Airport Signage,66.3,Medium,Airport Lounge/Relaxation,True,True,5,False,,,,,,,True,True,False,,Airport Lounge/Relaxation,,7.2,,False,False,5.0,Budget,342.0,Medium,False,True,False,,No Spend,Package Viewed,Airside/Low-Risk,False,High,True,
PS00625,35-44,Solo,Transit-Visa-Required,9.6,Afternoon,April,Needs Storage,5,Budget,Family/Indoor,2,Airline Partner,58.8,Medium,Airport Lounge/Relaxation,True,Yes,0,False,,,,,,,True,True,False,,Airport Lounge/Relaxation,,9.6,,False,False,5.0,Budget,486.0,Medium,False,False,False,,No Spend,Eligibility Checked,Airside/Low-Risk,False,None,True,
PS00626,25-34,Friends/Group,Transit-Visa-Required,11.4,Evening,September,Carry-On Only,4,Budget,Relaxation & Wellness,4,Airport Signage,70.6,High,City/Culture/Shopping,True,True,4,True,City/Culture/Shopping,347.0,18.9,True,5.0,4.0,True,True,True,True,City/Culture/Shopping,City/Culture/Shopping,11.4,347.0,False,False,4.0,Budget,594.0,High,True,True,True,0.0,Mid,Completed,Outdoor/Higher-Risk,False,Medium,True,1.0
PS00627,25-34,Solo,Visa-Free/On-Arrival,10.6,Evening,August,Checked-Through,5,Premium,Culture & Heritage,1,Social Media,76.4,High,Premium Fast Track,True,True,2,True,Premium Fast-Track/Chauffeur,1231.0,13.8,True,4.0,4.0,True,True,True,True,Premium Fast-Track/Chauffeur,Premium Fast-Track/Chauffeur,10.6,1231.0,False,False,5.0,Premium,546.0,High,True,True,True,0.0,High,Completed,Outdoor/Higher-Risk,True,Low,True,1.0
PS00628,35-44,Friends/Group,Transit-Visa-Required,5.2,Evening,November,Checked-Through,5,Mid-Range,Active/City,3,Travel Agent,54.7,Medium,Indoor Micro-Experience,True,True,1,True,Indoor Micro-Experience,306.0,49.3,False,4.0,3.0,True,True,True,False,Indoor Micro-Experience,Indoor Micro-Experience,5.2,306.0,False,False,5.0,Mid-Range,222.0,Medium,True,True,True,0.0,Mid,Completed,Indoor/Moderate-Risk,False,Low,True,1.0
PS00629,18-24,Solo,Visa-Free/On-Arrival,4.0,Afternoon,December,Checked-Through,3,,Relaxation & Wellness,2,Airline Partner,65.3,Medium,airport lounge/relaxation,True,True,2,False,,,,,,,True,True,False,,Airport Lounge/Relaxation,,4.0,,False,True,3.0,Unknown,150.0,Medium,False,True,False,,No Spend,Package Viewed,Airside/Low-Risk,False,Low,False,
PS00630,25-34,Friends/Group,Visa-Free/On-Arrival,18.1,Night,March,Checked-Through,4,Premium,Shopping,2,Social Media,77.6,High,Indoor Micro-Experience,True,True,2,False,,,,,,,True,True,False,,Indoor Micro-Experience,,18.1,,False,False,4.0,Premium,996.0,High,False,True,False,,No Spend,Package Viewed,Indoor/Moderate-Risk,True,Low,True,
PS00631,35-44,Couple,Transit-Visa-Required,12.0,Afternoon,January,Carry-On Only,3,Premium,Shopping,1,Airport Signage,66.7,Medium,Indoor Micro-Experience,True,True,2,True,INDOOR MICRO-EXPERIENCE,530.0,10.5,True,5.0,5.0,True,True,True,True,Indoor Micro-Experience,Indoor Micro-Experience,12.0,530.0,False,False,3.0,Premium,630.0,Medium,True,True,True,0.0,Mid,Completed,Indoor/Moderate-Risk,False,Low,True,1.0
PS00632,45-54,Family with kids,Transit-Visa-Required,7.6,Night,January,Needs Storage,3,Premium,Shopping,5,Social Media,80.4,High,Premium Fast-Track/Chauffeur,True,True,4,True,Premium Fast-Track/Chauffeur,2399.0,47.6,True,3.0,3.0,True,True,True,True,Premium Fast-Track/Chauffeur,Premium Fast-Track/Chauffeur,7.6,2399.0,False,False,3.0,Premium,366.0,High,True,True,True,0.0,High,Completed,Outdoor/Higher-Risk,True,Medium,True,1.0
PS00633,35-44,Friends/Group,Visa-Free/On-Arrival,15.5,Morning,June,Carry-On Only,1,Budget,Shopping,4,Social Media,89.8,High,City/Culture/Shopping,True,True,3,False,,,,,,,True,True,False,,City/Culture/Shopping,,15.5,,False,False,1.0,Budget,840.0,High,False,True,False,,No Spend,Package Viewed,Outdoor/Higher-Risk,False,Medium,True,
PS00634,35-44,Solo,Not-Eligible,2.5,Afternoon,March,Checked-Through,3,Budget,Relaxation & Wellness,1,Organic App Search,30.0,Low,Stay Airside,True,True,3,False,,,,,,,True,True,False,,Stay Airside,,2.5,,False,False,3.0,Budget,60.0,Low,False,True,False,,No Spend,Package Viewed,Airside/Low-Risk,False,Medium,False,
PS00635,18-24,Friends/Group,Visa-Free/On-Arrival,2.9,Morning,April,Checked-Through,4,Mid-Range,Shopping,3,Airport Signage,62.4,Medium,Indoor Micro-Experience,True,True,0,False,,,,,,,True,True,False,,Indoor Micro-Experience,,2.9,,False,False,4.0,Mid-Range,84.0,Medium,False,False,False,,No Spend,Eligibility Checked,Indoor/Moderate-Risk,False,None,False,
PS00636,25-34,Solo,Visa-Free/On-Arrival,2.0,Evening,January,Checked-Through,,Mid-Range,Culture & Heritage,2,Social Media,58.4,Medium,Indoor Micro-Experience,True,True,0,True,Indoor Micro-Experience,252.0,62.4,True,4.0,4.0,True,True,True,True,Indoor Micro-Experience,Indoor Micro-Experience,2.0,252.0,True,False,,Mid-Range,30.0,Medium,True,False,True,1.0,Low,Completed,Indoor/Moderate-Risk,False,None,False,1.0
PS00637,35-44,Solo,Visa-Free/On-Arrival,7.9,Afternoon,August,Checked-Through,5,Budget,Active/City,2,Airport Signage,80.2,High,City/Culture/Shopping,True,True,1,False,,,,,,,True,True,False,,City/Culture/Shopping,,7.9,,False,False,5.0,Budget,384.0,High,False,True,False,,No Spend,Package Viewed,Outdoor/Higher-Risk,False,Low,True,
PS00638,25-34,Solo,Transit-Visa-Required,8.2,Morning,January,Checked-Through,3,Budget,Family/Indoor,5,Airport Signage,76.6,High,City/Culture/Shopping,True,True,1,True,City/Culture/Shopping,339.0,36.8,True,4.0,4.0,True,True,True,True,City/Culture/Shopping,City/Culture/Shopping,8.2,339.0,False,False,3.0,Budget,401.99999999999994,High,True,True,True,0.0,Mid,Completed,Outdoor/Higher-Risk,False,Low,True,1.0
PS00639,25-34,Couple,Transit-Visa-Required,2.7,Morning,May,Checked-Through,2,Premium,Culture & Heritage,2,Airline Partner,58.0,Medium,Indoor Micro-Experience,True,True,0,False,,,,,,,True,True,False,,Indoor Micro-Experience,,2.7,,False,False,2.0,Premium,72.0,Medium,False,False,False,,No Spend,Eligibility Checked,Indoor/Moderate-Risk,False,None,False,
PS00640,25-34,Solo,Visa-Free/On-Arrival,11.8,Night,June,Checked-Through,4,Budget,Active/City,4,Airport Signage,83.1,High,Indoor Micro-Experience,True,True,2,True,Indoor Micro-Experience,287.0,8.3,True,5.0,5.0,True,True,True,True,Indoor Micro-Experience,Indoor Micro-Experience,11.8,287.0,False,False,4.0,Budget,618.0,High,True,True,True,0.0,Low,Completed,Indoor/Moderate-Risk,False,Low,True,1.0
PS00641,18-24,Couple,Transit-Visa-Required,2.0,Night,February,Carry-On Only,4,Mid-Range,Shopping,3,Airline Partner,47.4,Medium,Indoor Micro-Experience,True,True,3,Y,INDOOR MICRO-EXPERIENCE,371.0,67.1,True,5.0,5.0,True,True,True,True,Indoor Micro-Experience,Indoor Micro-Experience,2.0,371.0,False,False,4.0,Mid-Range,30.0,Medium,True,True,True,1.0,Mid,Completed,Indoor/Moderate-Risk,False,Medium,False,1.0
PS00642,25-34,Couple,Visa-Free/On-Arrival,9.0,Evening,July,Carry-On Only,2,Mid-Range,Active/City,2,Organic App Search,82.1,High,City/Culture/Shopping,True,True,2,True,Airport Lounge/Relaxation,225.0,18.6,True,2.0,3.0,True,True,True,True,City/Culture/Shopping,Airport Lounge/Relaxation,9.0,225.0,False,False,2.0,Mid-Range,450.0,High,True,True,True,0.0,Low,Completed,Outdoor/Higher-Risk,False,Low,True,0.0
PS00643,25-34,Family with kids,Transit-Visa-Required,10.2,Evening,July,Checked-Through,3,Mid-Range,Relaxation & Wellness,3,Social Media,70.7,High,city/culture/shopping,True,True,2,False,,,,,,,True,True,False,,City/Culture/Shopping,,10.2,,False,False,3.0,Mid-Range,522.0,High,False,True,False,,No Spend,Package Viewed,Outdoor/Higher-Risk,False,Low,True,
PS00644,25-34,Family with kids,Visa-Free/On-Arrival,7.9,Afternoon,January,Carry-On Only,3,Mid-Range,Relaxation & Wellness,5,Airline Partner,88.1,High,  City/Culture/Shopping ,True,True,2,no ,,,,,,,True,True,False,,City/Culture/Shopping,,7.9,,False,False,3.0,Mid-Range,384.0,High,False,True,False,,No Spend,Package Viewed,Outdoor/Higher-Risk,False,Low,True,
PS00645,18-24,Couple,Visa-Free/On-Arrival,2.4,Afternoon,April,Checked-Through,5,Mid-Range,Relaxation & Wellness,4,Airline Partner,57.6,Medium,Indoor Micro-Experience,True,True,2,False,,,,,,,True,True,False,,Indoor Micro-Experience,,2.4,,False,False,5.0,Mid-Range,54.0,Medium,False,True,False,,No Spend,Package Viewed,Indoor/Moderate-Risk,False,Low,False,
PS00646,45-54,Solo,Not-Eligible,14.1,Night,December,Checked-Through,4,Budget,FAMILY/INDOOR,2,Airport Signage,30.0,Low,  Stay Airside ,True,True,1,True,Stay Airside,0.0,2.3,True,3.0,3.0,True,True,True,True,Stay Airside,Stay Airside,14.1,0.0,False,False,4.0,Budget,756.0,Low,True,True,True,0.0,Low,Completed,Airside/Low-Risk,False,Low,False,1.0
PS00647,35-44,Solo,Visa-Free/On-Arrival,5.3,Morning,April,Carry-On Only,2,Mid-Range,Relaxation & Wellness,4,Airport Signage,80.1,High,City/Culture/Shopping,True,True,2,True,City/Culture/Shopping,321.0,51.9,True,5.0,5.0,True,True,True,True,City/Culture/Shopping,City/Culture/Shopping,5.3,321.0,False,False,2.0,Mid-Range,228.0,High,True,True,True,0.0,Mid,Completed,Outdoor/Higher-Risk,False,Low,True,1.0
PS00648,35-44,Solo,Visa-Free/On-Arrival,5.3,Afternoon,May,Checked-Through,3,Budget,Relaxation & Wellness,5,Airport Signage,77.7,High,City / Culture / Shopping,yes ,True,1,True,City/Culture/Shopping,386.0,55.5,False,3.0,3.0,True,True,True,False,City/Culture/Shopping,City/Culture/Shopping,5.3,386.0,False,False,3.0,Budget,228.0,High,True,True,True,1.0,Mid,Completed,Outdoor/Higher-Risk,False,Low,True,1.0
PS00649,45-54,Solo,Transit-Visa-Required,4.7,Afternoon,January,Needs Storage,5,Mid-Range,Culture & Heritage,2,Social Media,54.1,Medium,Indoor Micro-Experience,True,True,1,False,,,,,,,True,True,False,,Indoor Micro-Experience,,4.7,,False,False,5.0,Mid-Range,192.0,Medium,False,True,False,,No Spend,Package Viewed,Indoor/Moderate-Risk,False,Low,True,
PS00650,25-34,Solo,not-eligible,10.8,Afternoon,January,Checked-Through,4,Mid-Range,Culture & Heritage,3,Organic App Search,30.0,Low,Stay Airside,True,True,2,N,,,,,,,True,True,False,,Stay Airside,,10.8,,False,False,4.0,Mid-Range,558.0,Low,False,True,False,,No Spend,Package Viewed,Airside/Low-Risk,False,Low,False,
PS00651,18-24,Solo,Visa-Free/On-Arrival,5.2,Afternoon,July,Carry-On Only,4,Mid-Range,Active/City,2,Social Media,65.2,Medium,Indoor Micro-Experience,True,True,5,True,Indoor Micro-Experience,276.0,34.2,True,4.0,4.0,True,True,True,True,Indoor Micro-Experience,Indoor Micro-Experience,5.2,276.0,False,False,4.0,Mid-Range,222.0,Medium,True,True,True,0.0,Low,Completed,Indoor/Moderate-Risk,False,High,True,1.0
PS00652,35-44,Friends/Group,Visa-Free/On-Arrival,3.3,Afternoon,September,Carry-On Only,2,Budget,Family/Indoor,3,Social Media,64.4,Medium,Airport Lounge/Relaxation,True,True,1,False,,,,,,,True,True,False,,Airport Lounge/Relaxation,,3.3,,False,False,2.0,Budget,108.0,Medium,False,True,False,,No Spend,Package Viewed,Airside/Low-Risk,False,Low,False,
PS00653,35-44,Couple,Visa-Free/On-Arrival,12.6,Morning,January,Carry-On Only,5,Budget,Active/City,4,Word of Mouth/Referral,69.2,High,City/Culture/Shopping,True,True,3,True,City/Culture/Shopping,387.0,12.8,Y,4.0,4.0,True,True,True,True,City/Culture/Shopping,City/Culture/Shopping,12.6,387.0,False,False,5.0,Budget,666.0,High,True,True,True,0.0,Mid,Completed,Outdoor/Higher-Risk,False,Medium,True,1.0
PS00654,35-44,Solo,Visa-Free/On-Arrival,7.1,Afternoon,February,Carry-On Only,4,Mid-Range,FAMILY/INDOOR,2,Airline Partner,74.3,High,City/Culture/Shopping,True,True,4,True,City/Culture/Shopping,374.0,51.0,True,3.0,2.0,True,True,True,True,City/Culture/Shopping,City/Culture/Shopping,7.1,374.0,False,False,4.0,Mid-Range,336.0,High,True,True,True,0.0,Mid,Completed,Outdoor/Higher-Risk,False,Medium,True,1.0
PS00655,25-34,Couple,Visa-Free/On-Arrival,12.8,Morning,June,Carry-On Only,4,Budget,Family/Indoor,1,Airline Partner,72.2,High,Indoor Micro-Experience,True,True,4,True,Indoor Micro-Experience,237.0,13.7,True,5.0,5.0,True,True,True,True,Indoor Micro-Experience,Indoor Micro-Experience,12.8,237.0,False,False,4.0,Budget,678.0,High,True,True,True,0.0,Low,Completed,Indoor/Moderate-Risk,False,Medium,True,1.0
PS00656,18-24,Solo,Transit-Visa-Required,7.4,Morning,June,CARRY-ON ONLY,3,Premium,Shopping,3,Social Media,73.4,High,Premium Fast-Track/Chauffeur,True,yes ,2,True,Airport Lounge/Relaxation,232.0,30.1,True,2.0,1.0,True,True,True,True,Premium Fast-Track/Chauffeur,Airport Lounge/Relaxation,7.4,232.0,False,False,3.0,Premium,354.0,High,True,True,True,0.0,Low,Completed,Outdoor/Higher-Risk,True,Low,True,0.0
PS00657,25-34,Couple,Not-Eligible,4.5,Morning,February,Checked-Through,,Premium,Culture & Heritage,3,Travel Agent,30.0,Low,Stay Airside,True,True,1,True,Stay Airside,0.0,45.0,True,4.0,4.0,True,True,True,True,Stay Airside,Stay Airside,4.5,0.0,True,False,,Premium,180.0,Low,True,True,True,0.0,Low,Completed,Airside/Low-Risk,False,Low,False,1.0
PS00658,25-34,Couple,Visa-Free/On-Arrival,2.0,Evening,September,Checked-Through,4,Budget,Family/Indoor,3,Social Media,52.2,Medium,Airport Lounge/Relaxation,True,True,2,False,,,,,,,True,True,False,,Airport Lounge/Relaxation,,2.0,,False,False,4.0,Budget,30.0,Medium,False,True,False,,No Spend,Package Viewed,Airside/Low-Risk,False,Low,False,
PS00659,35-44,Couple,Visa-Free/On-Arrival,8.0,Afternoon,April,Carry-On Only,5,Budget,Family/Indoor,4,Airline Partner,73.3,High,Indoor Micro-Experience,True,True,0,False,,,,,,,True,True,False,,Indoor Micro-Experience,,8.0,,False,False,5.0,Budget,390.0,High,False,False,False,,No Spend,Eligibility Checked,Indoor/Moderate-Risk,False,None,True,
PS00660,35-44,Couple,Visa-Free/On-Arrival,6.0,Evening,July,Carry-On Only,,Mid-Range,Family/Indoor,1,Organic App Search,73.0,High,City/Culture/Shopping,True,True,3,True,City/Culture/Shopping,330.0,49.6,True,3.0,4.0,True,True,True,True,City/Culture/Shopping,City/Culture/Shopping,6.0,330.0,True,False,,Mid-Range,270.0,High,True,True,True,0.0,Mid,Completed,Outdoor/Higher-Risk,False,Medium,True,1.0
PS00661,25-34,Friends/Group,Visa-Free/On-Arrival,11.1,Evening,June,Needs Storage,2,Premium,Relaxation & Wellness,3,Airport Signage,86.9,High,Premium Fast-Track/Chauffeur,True,Yes,3,True,Stay Airside,0.0,5.6,True,2.0,2.0,True,True,True,True,Premium Fast-Track/Chauffeur,Stay Airside,11.1,0.0,False,False,2.0,Premium,576.0,High,True,True,True,0.0,Low,Completed,Outdoor/Higher-Risk,True,Medium,True,0.0
PS00662,55+,Friends/Group,Not-Eligible,5.0,Evening,November,Checked-Through,3,Mid-Range,Relaxation & Wellness,2,Word of Mouth/Referral,30.0,Low,Stay Airside,True,True,1,False,,,,,,,True,True,False,,Stay Airside,,5.0,,False,False,3.0,Mid-Range,210.0,Low,False,True,False,,No Spend,Package Viewed,Airside/Low-Risk,False,Low,False,
PS00663,35-44,Couple,Visa-Free/On-Arrival,9.1,Afternoon,November,Checked-Through,,Budget,Relaxation & Wellness,5,Word of Mouth/Referral,81.1,High,City/Culture/Shopping,True,True,3,True,CITY/CULTURE/SHOPPING,327.0,24.0,True,4.0,4.0,True,True,True,True,City/Culture/Shopping,City/Culture/Shopping,9.1,327.0,True,False,,Budget,456.0,High,True,True,True,0.0,Mid,Completed,Outdoor/Higher-Risk,False,Medium,True,1.0
PS00664,25-34,Couple,Visa-Free/On-Arrival,7.2,Afternoon,March,Carry-On Only,3,Mid-Range,Culture & Heritage,3,Airport Signage,78.9,High,City/Culture/Shopping,True,True,1,True,Stay Airside,0.0,22.5,True,2.0,2.0,True,True,True,True,City/Culture/Shopping,Stay Airside,7.2,0.0,False,False,3.0,Mid-Range,342.0,High,True,True,True,0.0,Low,Completed,Outdoor/Higher-Risk,False,Low,True,0.0
PS00665,18-24,Couple,Transit-Visa-Required,4.2,Afternoon,August,Needs Storage,3,Budget,Family/Indoor,2,Word of Mouth/Referral,53.9,Medium,Airport Lounge/Relaxation,True,True,2,True,  City/Culture/Shopping ,476.0,54.5,False,3.0,3.0,True,True,True,False,Airport Lounge/Relaxation,City/Culture/Shopping,4.2,476.0,False,False,3.0,Budget,162.0,Medium,True,True,True,0.0,Mid,Completed,Airside/Low-Risk,False,Low,False,0.0
PS00666,18-24,Solo,Visa-Free/On-Arrival,5.3,Evening,July,Needs Storage,3,Budget,Shopping,1,Travel Agent,62.2,Medium,Airport Lounge/Relaxation,True,True,4,True,Airport Lounge/Relaxation,167.0,39.0,Y,4.0,4.0,True,True,True,True,Airport Lounge/Relaxation,Airport Lounge/Relaxation,5.3,167.0,False,False,3.0,Budget,228.0,Medium,True,True,True,0.0,Low,Completed,Airside/Low-Risk,False,Medium,True,1.0
PS00667,25-34,Solo,Transit-Visa-Required,2.8,Afternoon,September,Checked-Through,4,Budget,Family/Indoor,2,Organic App Search,45.4,Medium,Airport Lounge/Relaxation,True,True,3,True,Airport Lounge/Relaxation,187.0,64.1,True,4.0,4.0,True,True,True,True,Airport Lounge/Relaxation,Airport Lounge/Relaxation,2.8,187.0,False,False,4.0,Budget,78.0,Medium,True,True,True,1.0,Low,Completed,Airside/Low-Risk,False,Medium,False,1.0
PS00668,18-24,Solo,Visa-Free/On-Arrival,18.8,Night,March,Checked-Through,2,Mid-Range,Culture & Heritage,2,Airport Signage,85.3,High,City/Culture/Shopping,True,True,2,False,,,,,,,True,True,False,,City/Culture/Shopping,,18.8,,False,False,2.0,Mid-Range,1038.0,High,False,True,False,,No Spend,Package Viewed,Outdoor/Higher-Risk,False,Low,True,
PS00669,25-34,Couple,Transit-Visa-Required,9.0,Night,January,Checked-Through,,Budget,Culture & Heritage,4,Organic App Search,73.0,High,Culture & Shopping,True,True,3,True,City/Culture/Shopping,388.0,23.2,True,4.0,5.0,True,True,True,True,City/Culture/Shopping,City/Culture/Shopping,9.0,388.0,True,False,,Budget,450.0,High,True,True,True,0.0,Mid,Completed,Outdoor/Higher-Risk,False,Medium,True,1.0
PS00670,25-34,Couple,Not-Eligible,2.7,Morning,February,Checked-Through,5,Mid-Range,Culture & Heritage,4,Airline Partner,30.0,Low,Stay Airside,True,True,0,False,,,,,,,True,True,False,,Stay Airside,,2.7,,False,False,5.0,Mid-Range,72.0,Low,False,False,False,,No Spend,Eligibility Checked,Airside/Low-Risk,False,None,False,
PS00671,18-24,Solo,Transit-Visa-Required,18.3,Morning,December,Needs Storage,3,Premium,Shopping,3,Word of Mouth/Referral,74.4,High,Premium Fast-Track/Chauffeur,True,False,6,True,Premium Fast-Track/Chauffeur,AED 1324.0,19.8,True,4.0,4.0,True,False,True,True,Premium Fast-Track/Chauffeur,Premium Fast-Track/Chauffeur,18.3,1324.0,False,False,3.0,Premium,1008.0,High,True,True,True,0.0,High,Completed,Outdoor/Higher-Risk,True,High,True,1.0
PS00672,45-54,Friends/Group,not-eligible,3.5,Evening,November,Checked-Through,3,Mid-Range,Family/Indoor,3,Airport Signage,30.0,Low,Stay Airside,True,True,1,0,,,,,,,True,True,False,,Stay Airside,,3.5,,False,False,3.0,Mid-Range,120.0,Low,False,True,False,,No Spend,Package Viewed,Airside/Low-Risk,False,Low,False,
PS00673,18-24,Friends/Group,Visa-Free/On-Arrival,4.9,Afternoon,December,Checked-Through,3,Mid-Range,Active/City,4,Airline Partner,72.7,High,City/Culture/Shopping,True,True,4,True,City/Culture/Shopping,433.0,55.6,True,4.0,3.0,True,True,True,True,City/Culture/Shopping,City/Culture/Shopping,4.9,433.0,False,False,3.0,Mid-Range,204.0,High,True,True,True,1.0,Mid,Completed,Outdoor/Higher-Risk,False,Medium,True,1.0
PS00674,35-44,Family with kids,Visa-Free/On-Arrival,6.3,Morning,January,Checked-Through,3,Budget,Culture & Heritage,3,Airline Partner,75.3,High,City/Culture/Shopping,True,True,3,Y,City/Culture/Shopping,473.0,39.4,True,2.0,1.0,True,True,True,True,City/Culture/Shopping,City/Culture/Shopping,6.3,473.0,False,False,3.0,Budget,288.0,High,True,True,True,0.0,Mid,Completed,Outdoor/Higher-Risk,False,Medium,True,1.0
PS00675,25-34,Couple,Transit-Visa-Required,7.3,Night,November,Checked-Through,2,Mid-Range,Relaxation & Wellness,1,Airport Signage,70.9,High,City/Culture/Shopping,True,Yes,3,True,City/Culture/Shopping,324.0,36.4,True,,4.0,True,True,True,True,City/Culture/Shopping,City/Culture/Shopping,7.3,324.0,False,False,2.0,Mid-Range,348.0,High,True,True,True,0.0,Mid,Booked,Outdoor/Higher-Risk,False,Medium,True,1.0
PS00676,55+,Friends/Group,Transit-Visa-Required,10.9,Morning,May,Carry-On Only,3,Budget,Family/Indoor,2,Airport Signage,68.6,Medium,Airport Lounge/Relaxation,True,True,3,True,Airport Lounge/Relaxation,245.0,9.8,True,3.0,3.0,True,True,True,True,Airport Lounge/Relaxation,Airport Lounge/Relaxation,10.9,245.0,False,False,3.0,Budget,564.0,Medium,True,True,True,0.0,Low,Completed,Airside/Low-Risk,False,Medium,True,1.0
PS00677,18-24,Solo,Visa-Free/On-Arrival,2.0,Night,October,Checked-Through,5,Mid-Range,Culture & Heritage,5,Airline Partner,60.4,Medium,Indoor Micro-Experience,True,True,0,0,,,,,,,True,True,False,,Indoor Micro-Experience,,2.0,,False,False,5.0,Mid-Range,30.0,Medium,False,False,False,,No Spend,Eligibility Checked,Indoor/Moderate-Risk,False,None,False,
PS00678,25-34,Family with kids,Visa-Free/On-Arrival,7.4,Evening,February,Checked-Through,3,Budget,Shopping,4,Airline Partner,81.5,High,City/Culture/Shopping,True,1,3,True,City/Culture/Shopping,477.0,32.1,1,4.0,4.0,True,True,True,True,City/Culture/Shopping,City/Culture/Shopping,7.4,477.0,False,False,3.0,Budget,354.0,High,True,True,True,0.0,Mid,Completed,Outdoor/Higher-Risk,False,Medium,True,1.0
PS00679,55+,Solo,Visa-Free/On-Arrival,6.1,Evening,March,Needs Storage,1,Budget,Shopping,1,Airport Signage,72.2,High,City/Culture/Shopping,True,True,0,True,Premium Fast-Track/Chauffeur,1917.0,40.7,True,2.0,3.0,True,True,True,True,City/Culture/Shopping,Premium Fast-Track/Chauffeur,6.1,1917.0,False,False,1.0,Budget,276.0,High,True,False,True,0.0,High,Completed,Outdoor/Higher-Risk,False,None,True,0.0
PS00680,45-54,Family with kids,Visa-Free/On-Arrival,8.1,Morning,August,Checked-Through,4,Budget,Relaxation & Wellness,2,Airport Signage,73.4,High,Indoor Micro-Experience,True,True,1,True,Indoor Micro-Experience,246.0,20.7,True,4.0,4.0,True,True,True,True,Indoor Micro-Experience,Indoor Micro-Experience,8.1,246.0,False,False,4.0,Budget,396.0,High,True,True,True,0.0,Low,Completed,Indoor/Moderate-Risk,False,Low,True,1.0
PS00681,45-54,Solo,Visa-Free/On-Arrival,5.9,Morning,October,Carry-On Only,3,Budget,Culture & Heritage,4,Airport Signage,76.8,High,City/Culture/Shopping,True,True,3,True,  City/Culture/Shopping ,378.0,50.8,False,3.0,2.0,True,True,True,False,City/Culture/Shopping,City/Culture/Shopping,5.9,378.0,False,False,3.0,Budget,264.0,High,True,True,True,0.0,Mid,Completed,Outdoor/Higher-Risk,False,Medium,True,1.0
PS00682,25-34,Friends/Group,Transit-Visa-Required,5.4,Afternoon,May,Checked-Through,2,Mid-Range,Shopping,3,Word of Mouth/Referral,70.2,High,City/Culture/Shopping,True,1,2,True,City/Culture/Shopping,485.0,45.0,True,5.0,5.0,True,True,True,True,City/Culture/Shopping,City/Culture/Shopping,5.4,485.0,False,False,2.0,Mid-Range,234.0,High,True,True,True,0.0,Mid,Completed,Outdoor/Higher-Risk,False,Low,True,1.0
PS00683,18-24,Friends/Group,Visa-Free/On-Arrival,6.7,Morning,April,Carry-On Only,5,Mid-Range,CULTURE & HERITAGE,4,Social Media,76.5,High,City/Culture/Shopping,True,True,2,True,City/Culture/Shopping,330.0,35.3,True,5.0,5.0,True,True,True,True,City/Culture/Shopping,City/Culture/Shopping,6.7,330.0,False,False,5.0,Mid-Range,312.0,High,True,True,True,0.0,Mid,Completed,Outdoor/Higher-Risk,False,Low,True,1.0
PS00684,35-44,Solo,Visa-Free/On-Arrival,17.7,Afternoon,May,Checked-Through,2,Budget,Family/Indoor,2,Airline Partner,78.4,High,City/Culture/Shopping,True,TRUE,4,True,City/Culture/Shopping,397.0,21.3,True,5.0,5.0,True,True,True,True,City/Culture/Shopping,City/Culture/Shopping,17.7,397.0,False,False,2.0,Budget,972.0,High,True,True,True,0.0,Mid,Completed,Outdoor/Higher-Risk,False,Medium,True,1.0
PS00685,55+,Couple,Transit-Visa-Required,5.5,Afternoon,October,Checked-Through,5,Mid-Range,Relaxation & Wellness,5,Social Media,65.8,Medium,Indoor Micro-Experience,True,True,4,False,,,,,,,True,True,False,,Indoor Micro-Experience,,5.5,,False,False,5.0,Mid-Range,240.0,Medium,False,True,False,,No Spend,Package Viewed,Indoor/Moderate-Risk,False,Medium,True,
PS00686,35-44,Friends/Group,Transit-Visa-Required,13.7,Morning,June,Checked-Through,3,Mid-Range,Culture & Heritage,4,Word of Mouth/Referral,80.9,High,City/Culture/Shopping,True,False,5,False,,,,,,,True,False,False,,City/Culture/Shopping,,13.7,,False,False,3.0,Mid-Range,732.0,High,False,True,False,,No Spend,Package Viewed,Outdoor/Higher-Risk,False,High,True,
PS00687,35-44,Couple,Transit-Visa-Required,7.9,Morning,December,Checked-Through,4,Mid-Range,Family/Indoor,2,Airline Partner,70.3,High,City/Culture/Shopping,True,TRUE,2,True,City/Culture/Shopping,552.0,34.1,True,5.0,5.0,True,True,True,True,City/Culture/Shopping,City/Culture/Shopping,7.9,552.0,False,False,4.0,Mid-Range,384.0,High,True,True,True,0.0,Mid,Completed,Outdoor/Higher-Risk,False,Low,True,1.0
PS00688,25-34,Friends/Group,Transit-Visa-Required,7.6,Evening,July,Checked-Through,3,Premium,Family/Indoor,3,Airport Signage,74.5,High,Premium Fast-Track/Chauffeur,True,True,4,True,Premium Fast-Track/Chauffeur,2871.0,31.4,True,4.0,5.0,True,True,True,True,Premium Fast-Track/Chauffeur,Premium Fast-Track/Chauffeur,7.6,2871.0,False,False,3.0,Premium,366.0,High,True,True,True,0.0,High,Completed,Outdoor/Higher-Risk,True,Medium,True,1.0
PS00689,45-54,Couple,Visa-Free/On-Arrival,8.1,Morning,September,Checked-Through,2,Budget,Shopping,2,Social Media,78.7,High,City/Culture/Shopping,1,True,1,False,,,,,,,True,True,False,,City/Culture/Shopping,,8.1,,False,False,2.0,Budget,396.0,High,False,True,False,,No Spend,Package Viewed,Outdoor/Higher-Risk,False,Low,True,
PS00690,25-34,Solo,Transit-Visa-Required,9.6,Morning,January,Carry-On Only,4,Budget,Culture & Heritage,3,Organic App Search,72.0,High,City/Culture/Shopping,True,True,1,True,City/Culture/Shopping,326.0,27.8,True,4.0,3.0,True,True,True,True,City/Culture/Shopping,City/Culture/Shopping,9.6,326.0,False,False,4.0,Budget,486.0,High,True,True,True,0.0,Mid,Completed,Outdoor/Higher-Risk,False,Low,True,1.0
PS00691,25-34,Solo,Visa-Free/On-Arrival,5.7,Evening,April,Needs Storage,5,Mid-Range,Family/Indoor,4,Social Media,72.0,High,Indoor Micro-Experience,True,True,1,True,Indoor Micro-Experience,308.0,40.7,False,2.0,2.0,True,True,True,False,Indoor Micro-Experience,Indoor Micro-Experience,5.7,308.0,False,False,5.0,Mid-Range,252.0,High,True,True,True,0.0,Mid,Completed,Indoor/Moderate-Risk,False,Low,True,1.0
PS00692,25-34,Solo,Visa-Free/On-Arrival,13.2,Night,December,Checked-Through,4,Premium,Family/Indoor,3,Travel Agent,79.0,High,Premium Fast-Track/Chauffeur,True,True,4,False,,,,,,,True,True,False,,Premium Fast-Track/Chauffeur,,13.2,,False,False,4.0,Premium,702.0,High,False,True,False,,No Spend,Package Viewed,Outdoor/Higher-Risk,True,Medium,True,
PS00693,35-44,Family with kids,Transit-Visa-Required,9.6,Afternoon,December,Checked-Through,4,Mid-Range,Relaxation & Wellness,4,Airport Signage,76.0,High,Indoor Micro-Experience,True,True,2,True,Indoor Micro-Experience,304.0,13.3,True,4.0,4.0,True,True,True,True,Indoor Micro-Experience,Indoor Micro-Experience,9.6,304.0,False,False,4.0,Mid-Range,486.0,High,True,True,True,0.0,Mid,Completed,Indoor/Moderate-Risk,False,Low,True,1.0
PS00694,25-34,Solo,Not-Eligible,3.0,Morning,September,Carry-On Only,5,Premium,Relaxation & Wellness,2,Word of Mouth/Referral,30.0,Low,Stay Airside,True,True,0,FALSE,,,,,,,True,True,False,,Stay Airside,,3.0,,False,False,5.0,Premium,90.0,Low,False,False,False,,No Spend,Eligibility Checked,Airside/Low-Risk,False,None,False,
PS00695,18-24,Couple,Visa-Free/On-Arrival,2.0,Evening,May,Carry-On Only,2,Mid-Range,Culture & Heritage,4,Airport Signage,68.1,Medium,Indoor Micro-Experience,True,True,2,False,,,,,,,True,True,False,,Indoor Micro-Experience,,2.0,,False,False,2.0,Mid-Range,30.0,Medium,False,True,False,,No Spend,Package Viewed,Indoor/Moderate-Risk,False,Low,False,
PS00696,35-44,Couple,Visa-Free/On-Arrival,17.4,Night,August,Checked-Through,1,Mid-Range,Culture & Heritage,3,Airport Signage,89.9,High,City / Culture / Shopping,True,True,0,yes ,City/Culture/Shopping,,10.9,True,4.0,4.0,True,True,True,True,City/Culture/Shopping,City/Culture/Shopping,17.4,,False,False,1.0,Mid-Range,954.0,High,True,False,True,0.0,No Spend,Completed,Outdoor/Higher-Risk,False,None,True,1.0
PS00697,25-34,Couple,Visa-Free/On-Arrival,8.2,Evening,December,Checked-Through,1,Mid-Range,Family/Indoor,4,Social Media,93.0,High,City/Culture/Shopping,True,True,3,False,,,,,,,True,True,False,,City/Culture/Shopping,,8.2,,False,False,1.0,Mid-Range,401.99999999999994,High,False,True,False,,No Spend,Package Viewed,Outdoor/Higher-Risk,False,Medium,True,
PS00698,35-44,Friends/Group,Visa-Free/On-Arrival,2.8,Evening,January,Checked-Through,4,Mid-Range,Relaxation & Wellness,2,Organic App Search,61.2,Medium,Indoor Micro-Experience,True,True,2,True,Indoor Micro-Experience,336.0,61.8,True,4.0,4.0,True,True,True,True,Indoor Micro-Experience,Indoor Micro-Experience,2.8,336.0,False,False,4.0,Mid-Range,78.0,Medium,True,True,True,1.0,Mid,Completed,Indoor/Moderate-Risk,False,Low,False,1.0
PS00699,18-24,Friends/Group,Visa-Free/On-Arrival,5.5,Afternoon,April,Checked-Through,4,Mid-Range,Shopping,3,Airline Partner,74.9,High,city/culture/shopping,True,True,1,Yes,Airport Lounge/Relaxation,268.0,35.2,TRUE,2.0,2.0,True,True,True,True,City/Culture/Shopping,Airport Lounge/Relaxation,5.5,268.0,False,False,4.0,Mid-Range,240.0,High,True,True,True,0.0,Low,Completed,Outdoor/Higher-Risk,False,Low,True,0.0
PS00700,25-34,Couple,Transit-Visa-Required,12.0,Afternoon,December,Needs Storage,4,Mid-Range,Active/City,3,Airline Partner,68.3,Medium,Indoor Micro-Experience,True,True,6,False,,,,,,,True,True,False,,Indoor Micro-Experience,,12.0,,False,False,4.0,Mid-Range,630.0,Medium,False,True,False,,No Spend,Package Viewed,Indoor/Moderate-Risk,False,High,True,
PS00701,35-44,Family with kids,Visa-Free/On-Arrival,6.5,Morning,December,Carry-On Only,5,Mid-Range,Family/Indoor,3,Travel Agent,71.0,High,Indoor Micro-Experience,True,True,5,True,  City/Culture/Shopping ,514.0,43.8,False,,1.0,True,True,True,False,Indoor Micro-Experience,City/Culture/Shopping,6.5,514.0,False,False,5.0,Mid-Range,300.0,High,True,True,True,0.0,Mid,Booked,Indoor/Moderate-Risk,False,High,True,0.0
PS00702,18-24,Family with kids,Not-Eligible,6.8,Evening,September,Carry-On Only,4,Mid-Range,Culture & Heritage,3,Social Media,30.0,Low,Stay Airside,True,False,1,False,,,,,,,True,False,False,,Stay Airside,,6.8,,False,False,4.0,Mid-Range,318.0,Low,False,True,False,,No Spend,Package Viewed,Airside/Low-Risk,False,Low,False,
PS00703,25-34,Couple,Transit-Visa-Required,10.8,Evening,January,Checked-Through,3,Budget,Relaxation & Wellness,3,Airport Signage,72.2,High,City/Culture/Shopping,True,True,2,True,Stay Airside,0.0,12.5,TRUE,2.0,2.0,True,True,True,True,City/Culture/Shopping,Stay Airside,10.8,0.0,False,False,3.0,Budget,558.0,High,True,True,True,0.0,Low,Completed,Outdoor/Higher-Risk,False,Low,True,0.0
PS00704,18-24,Friends/Group,Transit-Visa-Required,8.7,Night,January,Checked-Through,2,Mid-Range,Shopping,5,Airport Signage,82.8,High,City/Culture/Shopping,True,True,4,True,City/Culture/Shopping,570.0,29.3,True,5.0,5.0,True,True,True,True,City/Culture/Shopping,City/Culture/Shopping,8.7,570.0,False,False,2.0,Mid-Range,432.0,High,True,True,True,0.0,Mid,Completed,Outdoor/Higher-Risk,False,Medium,True,1.0
PS00705,18-24,Solo,Transit-Visa-Required,10.0,Morning,April,needs storage,5,Mid-Range,Family/Indoor,2,Airport Signage,61.9,Medium,Indoor Micro-Experience,True,True,2,False,,,,,,,True,True,False,,Indoor Micro-Experience,,10.0,,False,False,5.0,Mid-Range,510.0,Medium,False,True,False,,No Spend,Package Viewed,Indoor/Moderate-Risk,False,Low,True,
PS00706,55+,Solo,Visa-Free/On-Arrival,10.7,Morning,March,Checked-Through,2,Premium,Family/Indoor,4,Social Media,91.2,High,Premium Fast-Track/Chauffeur,True,False,1,False,,,,,,,True,False,False,,Premium Fast-Track/Chauffeur,,10.7,,False,False,2.0,Premium,552.0,High,False,True,False,,No Spend,Package Viewed,Outdoor/Higher-Risk,False,Low,True,
PS00707,25-34,Friends/Group,Visa-Free/On-Arrival,4.5,Afternoon,July,Checked-Through,3,Mid-Range,Shopping,3,Word of Mouth/Referral,72.9,High,City/Culture/Shopping,1,True,1,True,Premium Fast-Track/Chauffeur,1405.0,58.2,FALSE,3.0,3.0,True,True,True,False,City/Culture/Shopping,Premium Fast-Track/Chauffeur,4.5,1405.0,False,False,3.0,Mid-Range,180.0,High,True,True,True,1.0,High,Completed,Outdoor/Higher-Risk,False,Low,True,0.0
PS00708,45-54,Couple,Transit-Visa-Required,48.0,Evening,November,Checked-Through,3,Budget,Relaxation & Wellness,3,Airline Partner,62.8,Medium,Airport Lounge/Relaxation,True,True,5,True,Airport Lounge/Relaxation,200.0,39.2,True,3.0,3.0,True,True,True,True,Airport Lounge/Relaxation,Airport Lounge/Relaxation,,200.0,False,False,3.0,Budget,,Medium,True,True,True,0.0,Low,Completed,Airside/Low-Risk,False,High,False,1.0
PS00709,25-34,Family with kids,Transit-Visa-Required,4.2,Evening,March,Carry-On Only,2,Budget,Relaxation & Wellness,4,Word of Mouth/Referral,59.9,Medium,Airport Lounge/Relaxation,True,True,1,True,Indoor Micro-Experience,343.0,50.7,True,2.0,3.0,True,True,True,True,Airport Lounge/Relaxation,Indoor Micro-Experience,4.2,343.0,False,False,2.0,Budget,162.0,Medium,True,True,True,0.0,Mid,Completed,Airside/Low-Risk,False,Low,False,0.0
PS00710,35-44,Friends/Group,Transit-Visa-Required,5.0,Morning,January,Checked-Through,4,Mid-Range,SHOPPING,5,Airport Signage,69.2,High,City/Culture/Shopping,True,True,5,True,Airport Lounge/Relaxation,285.0,49.2,True,2.0,2.0,True,True,True,True,City/Culture/Shopping,Airport Lounge/Relaxation,5.0,285.0,False,False,4.0,Mid-Range,210.0,High,True,True,True,0.0,Low,Completed,Outdoor/Higher-Risk,False,High,True,0.0
PS00711,45-54,SOLO,Visa-Free/On-Arrival,6.7,Morning,December,Checked-Through,2,Budget,Culture & Heritage,3,Airline Partner,78.5,High,City/Culture/Shopping,True,True,5,Yes,Premium Fast-Track/Chauffeur,1940.0,35.9,True,3.0,3.0,True,True,True,True,City/Culture/Shopping,Premium Fast-Track/Chauffeur,6.7,1940.0,False,False,2.0,Budget,312.0,High,True,True,True,0.0,High,Completed,Outdoor/Higher-Risk,False,High,True,0.0
PS00712,35-44,Friends/Group,not-eligible,7.0,Afternoon,November,Needs Storage,5,Premium,Shopping,5,Social Media,30.0,Low,STAY AIRSIDE,True,True,0,False,,,,,,,True,True,False,,Stay Airside,,7.0,,False,False,5.0,Premium,330.0,Low,False,False,False,,No Spend,Eligibility Checked,Airside/Low-Risk,False,None,False,
PS00713,25-34,Couple,Visa-Free/On-Arrival,15.2,Afternoon,October,Carry-On Only,3,Budget,Relaxation & Wellness,1,Travel Agent,70.1,High,City/Culture/Shopping,True,Y,0,Y,Airport Lounge/Relaxation,187.0,13.6,Y,3.0,3.0,True,True,True,True,City/Culture/Shopping,Airport Lounge/Relaxation,15.2,187.0,False,False,3.0,Budget,822.0,High,True,False,True,0.0,Low,Completed,Outdoor/Higher-Risk,False,None,True,0.0
PS00714,25-34,Couple,Transit-Visa-Required,8.5,Night,February,Checked-Through,4,Premium,Culture & Heritage,4,Airline Partner,79.0,High,Premium Fast-Track/Chauffeur,True,True,2,True,Premium Fast-Track/Chauffeur,2810.0,27.7,True,4.0,4.0,True,True,True,True,Premium Fast-Track/Chauffeur,Premium Fast-Track/Chauffeur,8.5,2810.0,False,False,4.0,Premium,420.0,High,True,True,True,0.0,High,Completed,Outdoor/Higher-Risk,True,Low,True,1.0
PS00715,25-34,Couple,Not-Eligible,6.8,Afternoon,October,Carry-On Only,4,Mid-Range,Culture & Heritage,3,Travel Agent,30.0,Low,Stay Airside,True,True,1,False,,,,,,,True,True,False,,Stay Airside,,6.8,,False,False,4.0,Mid-Range,318.0,Low,False,True,False,,No Spend,Package Viewed,Airside/Low-Risk,False,Low,False,
PS00716,55+,Friends/Group,Visa-Free/On-Arrival,3.6,Evening,April,CHECKED-THROUGH,4,Premium,Culture & Heritage,3,Word of Mouth/Referral,66.6,Medium,Indoor Micro-Experience,True,False,1,False,,,,,,,True,False,False,,Indoor Micro-Experience,,3.6,,False,False,4.0,Premium,126.0,Medium,False,True,False,,No Spend,Package Viewed,Indoor/Moderate-Risk,False,Low,False,
PS00717,45-54,Solo,Transit-Visa-Required,6.0,Evening,January,Checked-Through,,Budget,Culture & Heritage,3,Airline Partner,63.1,Medium,Airport Lounge/Relaxation,True,False,3,False,,,,,,,True,False,False,,Airport Lounge/Relaxation,,6.0,,True,False,,Budget,270.0,Medium,False,True,False,,No Spend,Package Viewed,Airside/Low-Risk,False,Medium,True,
PS00718,55+,Couple,Visa-Free/On-Arrival,18.2,Evening,January,Carry-On Only,2,Mid-Range,Relaxation & Wellness,3,Airline Partner,85.8,High,City/Culture/Shopping,True,True,4,True,City/Culture/Shopping,433.0,8.2,True,4.0,4.0,True,True,True,True,City/Culture/Shopping,City/Culture/Shopping,18.2,433.0,False,False,2.0,Mid-Range,1002.0,High,True,True,True,0.0,Mid,Completed,Outdoor/Higher-Risk,False,Medium,True,1.0
PS00719,18-24,Family with kids,Visa-Free/On-Arrival,18.0,Afternoon,December,CHECKED-THROUGH,1,Budget,Relaxation & Wellness,3,Airline Partner,80.5,High,City/Culture/Shopping,True,True,0,True,City/Culture/Shopping,485.0,19.0,True,4.0,4.0,True,True,True,True,City/Culture/Shopping,City/Culture/Shopping,18.0,485.0,False,False,1.0,Budget,990.0,High,True,False,True,0.0,Mid,Completed,Outdoor/Higher-Risk,False,None,True,1.0
PS00720,35-44,Family with kids,Visa-Free/On-Arrival,5.9,Night,August,Checked-Through,1,Budget,Family/Indoor,3,Word of Mouth/Referral,80.7,High,City/Culture/Shopping,True,False,5,FALSE,,,,,,,True,False,False,,City/Culture/Shopping,,5.9,,False,False,1.0,Budget,264.0,High,False,True,False,,No Spend,Package Viewed,Outdoor/Higher-Risk,False,High,True,
PS00721,55+,Family with kids,Transit-Visa-Required,2.1,Morning,July,Carry-On Only,5,Budget,Relaxation & Wellness,4,Airport Signage,44.4,Medium,Airport Lounge/Relaxation,Yes,True,2,True,Airport Lounge/Relaxation,227.0,68.3,True,4.0,4.0,True,True,True,True,Airport Lounge/Relaxation,Airport Lounge/Relaxation,2.1,227.0,False,False,5.0,Budget,36.0,Medium,True,True,True,1.0,Low,Completed,Airside/Low-Risk,False,Low,False,1.0
PS00722,25-34,Solo,NOT-ELIGIBLE,5.4,Afternoon,August,Needs Storage,5,Mid-Range,Family/Indoor,3,Word of Mouth/Referral,30.0,Low,Stay Airside,True,True,1,no ,,,,,,,True,True,False,,Stay Airside,,5.4,,False,False,5.0,Mid-Range,234.0,Low,False,True,False,,No Spend,Package Viewed,Airside/Low-Risk,False,Low,False,
PS00723,18-24,Solo,Transit-Visa-Required,15.3,Morning,April,Checked-Through,3,Budget,Shopping,3,Social Media,73.9,High,City/Culture/Shopping,True,True,1,True,City/Culture/Shopping,312.0,7.8,True,4.0,4.0,True,True,True,True,City/Culture/Shopping,City/Culture/Shopping,15.3,312.0,False,False,3.0,Budget,828.0,High,True,True,True,0.0,Mid,Completed,Outdoor/Higher-Risk,False,Low,True,1.0
PS00724,35-44,Solo,Visa-Free/On-Arrival,6.7,Afternoon,June,Checked-Through,4,Premium,Shopping,2,Word of Mouth/Referral,77.1,High,Fast Track Premium,Yes,True,1,TRUE,Premium Fast-Track/Chauffeur,2857.0,41.0,True,5.0,5.0,True,True,True,True,Premium Fast-Track/Chauffeur,Premium Fast-Track/Chauffeur,6.7,2857.0,False,False,4.0,Premium,312.0,High,True,True,True,0.0,High,Completed,Outdoor/Higher-Risk,False,Low,True,1.0
PS00725,35-44,Family with kids,Transit-Visa-Required,10.8,Afternoon,March,Checked-Through,1,Budget,Culture & Heritage,4,Social Media,81.3,High,City/Culture/Shopping,True,True,1,False,,,,,,,True,True,False,,City/Culture/Shopping,,10.8,,False,False,1.0,Budget,558.0,High,False,True,False,,No Spend,Package Viewed,Outdoor/Higher-Risk,False,Low,True,
PS00726,45-54,Solo,NOT-ELIGIBLE,7.2,Morning,November,Checked-Through,2,Budget,Relaxation & Wellness,4,Airport Signage,30.0,Low,Stay Airside,Yes,False,3,False,,,,,,,True,False,False,,Stay Airside,,7.2,,False,False,2.0,Budget,342.0,Low,False,True,False,,No Spend,Package Viewed,Airside/Low-Risk,False,Medium,False,
PS00727,18-24,Solo,Visa-Free/On-Arrival,2.6,Night,August,Checked-Through,4,Budget,Active/City,2,Organic App Search,50.8,Medium,Airport Lounge/Relaxation,Yes,True,3,True,Airport Lounge/Relaxation,158.0,54.0,True,4.0,5.0,True,True,True,True,Airport Lounge/Relaxation,Airport Lounge/Relaxation,2.6,158.0,False,False,4.0,Budget,66.0,Medium,True,True,True,0.0,Low,Completed,Airside/Low-Risk,False,Medium,False,1.0
PS00728,45-54,Friends/Group,Not-Eligible,7.3,Morning,April,Checked-Through,1,Mid-Range,Shopping,2,Travel Agent,30.0,Low,Stay Airside,True,False,1,False,,,,,,,True,False,False,,Stay Airside,,7.3,,False,False,1.0,Mid-Range,348.0,Low,False,True,False,,No Spend,Package Viewed,Airside/Low-Risk,False,Low,False,
PS00729,25-34,Solo,Visa-Free/On-Arrival,11.6,Evening,March,Carry-On Only,3,Budget,Culture & Heritage,2,Social Media,76.5,High,City/Culture/Shopping,True,True,4,False,,,,,,,True,True,False,,City/Culture/Shopping,,11.6,,False,False,3.0,Budget,606.0,High,False,True,False,,No Spend,Package Viewed,Outdoor/Higher-Risk,False,Medium,True,
PS00730,18-24,Friends/Group,Transit-Visa-Required,5.0,Night,April,Checked-Through,4,Premium,Shopping,5,Social Media,71.1,High,Indoor Micro-Experience,True,True,1,True,Stay Airside,0.0,33.9,True,2.0,2.0,True,True,True,True,Indoor Micro-Experience,Stay Airside,5.0,0.0,False,False,4.0,Premium,210.0,High,True,True,True,0.0,Low,Completed,Indoor/Moderate-Risk,False,Low,True,0.0
PS00731,18-24,Family with kids,Visa-Free/On-Arrival,11.4,Morning,June,Checked-Through,4,Mid-Range,Relaxation & Wellness,4,Social Media,83.7,High,City/Culture/Shopping,True,1,2,True,City/Culture/Shopping,AED 573.0,10.2,False,4.0,4.0,True,True,True,False,City/Culture/Shopping,City/Culture/Shopping,11.4,573.0,False,False,4.0,Mid-Range,594.0,High,True,True,True,0.0,Mid,Completed,Outdoor/Higher-Risk,False,Low,True,1.0
PS00732,45-54,Family with kids,Visa-Free/On-Arrival,7.6,Evening,November,Checked-Through,3,Premium,Relaxation & Wellness,1,Airport Signage,76.2,High,Premium Fast-Track/Chauffeur,True,True,3,True,Premium Fast-Track/Chauffeur,2215.0,34.5,True,4.0,4.0,True,True,True,True,Premium Fast-Track/Chauffeur,Premium Fast-Track/Chauffeur,7.6,2215.0,False,False,3.0,Premium,366.0,High,True,True,True,0.0,High,Completed,Outdoor/Higher-Risk,True,Medium,True,1.0
PS00733,35-44,Solo,Visa-Free/On-Arrival,11.1,Morning,July,Checked-Through,4,Budget,Shopping,4,Airport Signage,78.0,High,City/Culture/Shopping,1,True,0,False,,,,,,,True,True,False,,City/Culture/Shopping,,11.1,,False,False,4.0,Budget,576.0,High,False,False,False,,No Spend,Eligibility Checked,Outdoor/Higher-Risk,False,None,True,
PS00734,35-44,Solo,Transit-Visa-Required,8.8,Morning,July,Needs Storage,3,Mid-Range,Relaxation & Wellness,1,Airport Signage,63.3,Medium,Indoor Micro-Experience,True,True,1,False,,,,,,,True,True,False,,Indoor Micro-Experience,,8.8,,False,False,3.0,Mid-Range,438.0,Medium,False,True,False,,No Spend,Package Viewed,Indoor/Moderate-Risk,False,Low,True,
PS00735,25-34,Family with kids,Visa-Free/On-Arrival,3.8,Afternoon,December,Checked-Through,1,Mid-Range,Relaxation & Wellness,2,Organic App Search,67.6,Medium,Indoor Micro-Experience,True,True,4,False,,,,,,,True,True,False,,Indoor Micro-Experience,,3.8,,False,False,1.0,Mid-Range,138.0,Medium,False,True,False,,No Spend,Package Viewed,Indoor/Moderate-Risk,False,Medium,False,
PS00736,45-54,Family with kids,Visa-Free/On-Arrival,6.0,Night,April,Needs Storage,4,Premium,Shopping,5,Social Media,75.1,High,Fast Track Premium,TRUE,True,2,True,City/Culture/Shopping,600.0,53.5,False,2.0,1.0,True,True,True,False,Premium Fast-Track/Chauffeur,City/Culture/Shopping,6.0,600.0,False,False,4.0,Premium,270.0,High,True,True,True,0.0,Mid,Completed,Outdoor/Higher-Risk,True,Low,True,0.0
PS00737,25-34,Family with kids,Transit-Visa-Required,5.9,Morning,August,Needs Storage,2,Mid-Range,Culture & Heritage,5,Airline Partner,72.9,High,City/Culture/Shopping,True,True,2,True,Culture & Shopping,333.0,47.3,True,4.0,4.0,True,True,True,True,City/Culture/Shopping,City/Culture/Shopping,5.9,333.0,False,False,2.0,Mid-Range,264.0,High,True,True,True,0.0,Mid,Completed,Outdoor/Higher-Risk,False,Low,True,1.0
PS00738,45-54,Solo,Not-Eligible,4.8,Evening,July,Carry-On Only,1,Premium,Family/Indoor,4,Social Media,30.0,Low,Stay Airside,True,False,0,False,,,,,,,True,False,False,,Stay Airside,,4.8,,False,False,1.0,Premium,198.0,Low,False,False,False,,No Spend,App Viewed,Airside/Low-Risk,False,None,False,
PS00739,25-34,Family with kids,Visa-Free/On-Arrival,8.4,Afternoon,February,Checked-Through,3,Budget,Shopping,3,Airline Partner,75.7,High,City/Culture/Shopping,True,True,2,True,Airport Lounge/Relaxation,136.0,24.7,False,3.0,3.0,True,True,True,False,City/Culture/Shopping,Airport Lounge/Relaxation,8.4,136.0,False,False,3.0,Budget,414.0,High,True,True,True,0.0,Low,Completed,Outdoor/Higher-Risk,False,Low,True,0.0
PS00740,25-34,Family with kids,Visa-Free/On-Arrival,20.0,Night,August,needs storage,,Mid-Range,Culture & Heritage,3,Airport Signage,76.6,High,City/Culture/Shopping,True,True,3,True,City/Culture/Shopping,591.0,11.2,True,4.0,4.0,True,True,True,True,City/Culture/Shopping,City/Culture/Shopping,20.0,591.0,True,False,,Mid-Range,1110.0,High,True,True,True,0.0,Mid,Completed,Outdoor/Higher-Risk,False,Medium,True,1.0
PS00741,25-34,Family with kids,Visa-Free/On-Arrival,13.2,Morning,September,Checked-Through,2,Budget,Shopping,5,Airport Signage,89.9,High,City/Culture/Shopping,True,True,1,True,City/Culture/Shopping,341.0,13.4,True,3.0,2.0,True,True,True,True,City/Culture/Shopping,City/Culture/Shopping,13.2,341.0,False,False,2.0,Budget,702.0,High,True,True,True,0.0,Mid,Completed,Outdoor/Higher-Risk,False,Low,True,1.0
PS00742,25-34,Family with kids,Visa-Free/On-Arrival,14.2,Evening,May,Checked-Through,1,Budget,Family/Indoor,4,Social Media,87.8,High,City/Culture/Shopping,True,True,5,True,CITY/CULTURE/SHOPPING,470.0,9.7,False,3.0,2.0,True,True,True,False,City/Culture/Shopping,City/Culture/Shopping,14.2,470.0,False,False,1.0,Budget,762.0,High,True,True,True,0.0,Mid,Completed,Outdoor/Higher-Risk,False,High,True,1.0
PS00743,35-44,Family with kids,Transit-Visa-Required,4.6,Evening,April,CHECKED-THROUGH,2,Budget,Relaxation & Wellness,2,Organic App Search,67.4,Medium,Airport Lounge/Relaxation,True,True,2,True,Airport Lounge/Relaxation,217.0,36.3,True,4.0,4.0,True,True,True,True,Airport Lounge/Relaxation,Airport Lounge/Relaxation,4.6,217.0,False,False,2.0,Budget,186.0,Medium,True,True,True,0.0,Low,Completed,Airside/Low-Risk,False,Low,True,1.0
PS00744,35-44,Couple,Transit-Visa-Required,14.3,Evening,April,CHECKED-THROUGH,,Premium,Family/Indoor,3,Organic App Search,76.8,High,Premium Fast Track,True,False,4,N,,,,,,,True,False,False,,Premium Fast-Track/Chauffeur,,14.3,,True,False,,Premium,768.0,High,False,True,False,,No Spend,Package Viewed,Outdoor/Higher-Risk,True,Medium,True,
PS00745,25-34,Solo,Transit-Visa-Required,17.0,Night,April,checked-through,3,Premium,Shopping,5,Airline Partner,86.4,High,Premium Fast-Track/Chauffeur,True,True,3,True,Stay Airside,0.0,0.0,True,2.0,2.0,True,True,True,True,Premium Fast-Track/Chauffeur,Stay Airside,17.0,0.0,False,False,3.0,Premium,930.0,High,True,True,True,0.0,Low,Completed,Outdoor/Higher-Risk,True,Medium,True,0.0
PS00746,45-54,Couple,Visa-Free/On-Arrival,4.5,Night,June,Checked-Through,2,Budget,Shopping,5,Social Media,77.1,High,City/Culture/Shopping,True,True,2,False,,,,,,,True,True,False,,City/Culture/Shopping,,4.5,,False,False,2.0,Budget,180.0,High,False,True,False,,No Spend,Package Viewed,Outdoor/Higher-Risk,False,Low,True,
PS00747,25-34,Solo,Transit-Visa-Required,9.4,Morning,November,Checked-Through,4,Premium,Family/Indoor,4,Word of Mouth/Referral,81.8,High,Premium Fast-Track/Chauffeur,True,1,1,True,Premium Fast-Track/Chauffeur,2192.0,28.2,True,4.0,5.0,True,True,True,True,Premium Fast-Track/Chauffeur,Premium Fast-Track/Chauffeur,9.4,2192.0,False,False,4.0,Premium,474.0,High,True,True,True,0.0,High,Completed,Outdoor/Higher-Risk,False,Low,True,1.0
PS00748,35-44,Couple,Transit-Visa-Required,9.5,Afternoon,April,Carry-On Only,4,Mid-Range,Culture & Heritage,4,Airline Partner,77.3,High,City/Culture/Shopping,True,True,5,True,Culture & Shopping,506.0,13.5,True,4.0,4.0,True,True,True,True,City/Culture/Shopping,City/Culture/Shopping,9.5,506.0,False,False,4.0,Mid-Range,480.0,High,True,True,True,0.0,Mid,Completed,Outdoor/Higher-Risk,False,High,True,1.0
PS00749,55+,Couple,TRANSIT-VISA-REQUIRED,6.3,Afternoon,July,Checked-Through,4,Mid-Range,Family/Indoor,1,Word of Mouth/Referral,59.6,Medium,Indoor Micro-Experience,True,True,1,True,Premium Fast-Track/Chauffeur,952.0,46.7,False,1.0,1.0,True,True,True,False,Indoor Micro-Experience,Premium Fast-Track/Chauffeur,6.3,952.0,False,False,4.0,Mid-Range,288.0,Medium,True,True,True,0.0,High,Completed,Indoor/Moderate-Risk,False,Low,False,0.0
PS00750,35-44,Solo,Transit-Visa-Required,8.0,Afternoon,July,Checked-Through,3,Budget,Shopping,4,Word of Mouth/Referral,74.2,High,City/Culture/Shopping,True,True,4,True,City/Culture/Shopping,360.0,36.6,False,2.0,2.0,True,True,True,False,City/Culture/Shopping,City/Culture/Shopping,8.0,360.0,False,False,3.0,Budget,390.0,High,True,True,True,0.0,Mid,Completed,Outdoor/Higher-Risk,False,Medium,True,1.0
PS00751,18-24,Solo,Transit-Visa-Required,9.8,Afternoon,May,Needs Storage,3,Mid-Range,Relaxation & Wellness,4,Travel Agent,72.0,High,City/Culture/Shopping,True,False,1,True,City/Culture/Shopping,482.0,23.5,False,4.0,4.0,True,False,True,False,City/Culture/Shopping,City/Culture/Shopping,9.8,482.0,False,False,3.0,Mid-Range,498.0,High,True,True,True,0.0,Mid,Completed,Outdoor/Higher-Risk,False,Low,True,1.0
PS00752,55+,Solo,Transit-Visa-Required,6.5,Afternoon,May,Checked-Through,3,Budget,Active/City,1,Airport Signage,62.0,Medium,Airport Lounge/Relaxation,True,True,0,False,,,,,,,True,True,False,,Airport Lounge/Relaxation,,6.5,,False,False,3.0,Budget,300.0,Medium,False,False,False,,No Spend,Eligibility Checked,Airside/Low-Risk,False,None,True,
PS00753,35-44,Family with kids,Visa-Free/On-Arrival,12.8,Afternoon,October,Carry-On Only,3,Budget,active/city,4,Organic App Search,83.3,High,City/Culture/Shopping,True,True,4,False,,,,,,,True,True,False,,City/Culture/Shopping,,12.8,,False,False,3.0,Budget,678.0,High,False,True,False,,No Spend,Package Viewed,Outdoor/Higher-Risk,False,Medium,True,
PS00754,25-34,Friends/Group,Not-Eligible,3.0,Night,August,Needs Storage,1,Mid-Range,culture & heritage,5,Word of Mouth/Referral,30.0,Low,Stay Airside,True,True,0,False,,,,,,,True,True,False,,Stay Airside,,3.0,,False,False,1.0,Mid-Range,90.0,Low,False,False,False,,No Spend,Eligibility Checked,Airside/Low-Risk,False,None,False,
PS00755,18-24,Solo,Visa-Free/On-Arrival,5.9,Morning,July,Checked-Through,4,Premium,Relaxation & Wellness,2,Travel Agent,78.5,High,Indoor Micro-Experience,True,True,1,False,,,,,,,True,True,False,,Indoor Micro-Experience,,5.9,,False,False,4.0,Premium,264.0,High,False,True,False,,No Spend,Package Viewed,Indoor/Moderate-Risk,False,Low,True,
PS00756,45-54,Friends/Group,Transit-Visa-Required,10.9,Night,July,Checked-Through,3,Mid-Range,Culture & Heritage,4,Airport Signage,78.9,High,City/Culture/Shopping,True,True,1,True,CITY/CULTURE/SHOPPING,560.0,15.0,True,3.0,2.0,True,True,True,True,City/Culture/Shopping,City/Culture/Shopping,10.9,560.0,False,False,3.0,Mid-Range,564.0,High,True,True,True,0.0,Mid,Completed,Outdoor/Higher-Risk,False,Low,True,1.0
PS00757,35-44,Couple,Visa-Free/On-Arrival,18.8,Afternoon,June,Needs Storage,2,Premium,Relaxation & Wellness,4,Word of Mouth/Referral,93.7,High,Premium Fast-Track/Chauffeur,True,True,3,True,premium fast-track/chauffeur,2418.0,12.4,TRUE,5.0,5.0,True,True,True,True,Premium Fast-Track/Chauffeur,Premium Fast-Track/Chauffeur,18.8,2418.0,False,False,2.0,Premium,1038.0,High,True,True,True,0.0,High,Completed,Outdoor/Higher-Risk,True,Medium,True,1.0
PS00758,35-44,Solo,TRANSIT-VISA-REQUIRED,13.3,Evening,July,Needs Storage,2,Premium,Shopping,3,Airport Signage,77.5,High,Premium Fast-Track/Chauffeur,True,False,5,True,Premium Fast-Track/Chauffeur,1476.0,17.0,True,4.0,5.0,True,False,True,True,Premium Fast-Track/Chauffeur,Premium Fast-Track/Chauffeur,13.3,1476.0,False,False,2.0,Premium,708.0,High,True,True,True,0.0,High,Completed,Outdoor/Higher-Risk,True,High,False,1.0
PS00759,45-54,Solo,Transit-Visa-Required,7.9,Night,July,Carry-On Only,2,Budget,Relaxation & Wellness,4,Airport Signage,74.0,High,City/Culture/Shopping,True,True,2,True,City/Culture/Shopping,506.0,36.9,yes ,4.0,3.0,True,True,True,True,City/Culture/Shopping,City/Culture/Shopping,7.9,506.0,False,False,2.0,Budget,384.0,High,True,True,True,0.0,Mid,Completed,Outdoor/Higher-Risk,False,Low,True,1.0
PS00760,45-54,Couple,Visa-Free/On-Arrival,6.7,Afternoon,October,Checked-Through,5,Budget,Culture & Heritage,2,Social Media,66.3,Medium,AIRPORT LOUNGE/RELAXATION,True,Yes,0,False,,,,,,,True,True,False,,Airport Lounge/Relaxation,,6.7,,False,False,5.0,Budget,312.0,Medium,False,False,False,,No Spend,Eligibility Checked,Airside/Low-Risk,False,None,True,
PS00761,18-24,Family with kids,Visa-Free/On-Arrival,6.1,Afternoon,February,Needs Storage,2,Mid-Range,Active/City,4,Organic App Search,79.9,High,City/Culture/Shopping,True,True,3,No,,,,,,,True,True,False,,City/Culture/Shopping,,6.1,,False,False,2.0,Mid-Range,276.0,High,False,True,False,,No Spend,Package Viewed,Outdoor/Higher-Risk,False,Medium,True,
PS00762,25-34,Family with kids,Transit-Visa-Required,6.1,Afternoon,October,Checked-Through,5,Premium,Relaxation & Wellness,3,Word of Mouth/Referral,64.9,Medium,Indoor Micro-Experience,True,True,4,False,,,,,,,True,True,False,,Indoor Micro-Experience,,6.1,,False,False,5.0,Premium,276.0,Medium,False,True,False,,No Spend,Package Viewed,Indoor/Moderate-Risk,False,Medium,True,
PS00763,25-34,Solo,Transit-Visa-Required,2.0,Afternoon,February,Checked-Through,3,Premium,Culture & Heritage,4,Travel Agent,53.6,Medium,Indoor Micro-Experience,Y,True,2,False,,,,,,,True,True,False,,Indoor Micro-Experience,,2.0,,False,False,3.0,Premium,30.0,Medium,False,True,False,,No Spend,Package Viewed,Indoor/Moderate-Risk,False,Low,False,
PS00764,35-44,Solo,Visa-Free/On-Arrival,18.4,Night,October,Checked-Through,5,Mid-Range,Active/City,3,Social Media,70.8,High,City/Culture/Shopping,True,True,2,True,City/Culture/Shopping,493.0,12.9,True,4.0,4.0,True,True,True,True,City/Culture/Shopping,City/Culture/Shopping,18.4,493.0,False,False,5.0,Mid-Range,1014.0,High,True,True,True,0.0,Mid,Completed,Outdoor/Higher-Risk,False,Low,True,1.0
PS00765,18-24,Couple,Visa-Free/On-Arrival,7.0,Night,July,Checked-Through,3,Mid-Range,Culture & Heritage,2,Airport Signage,81.5,High,City/Culture/Shopping,True,True,1,True,City/Culture/Shopping,450.0,54.5,True,4.0,4.0,True,True,True,True,City/Culture/Shopping,City/Culture/Shopping,7.0,450.0,False,False,3.0,Mid-Range,330.0,High,True,True,True,0.0,Mid,Completed,Outdoor/Higher-Risk,False,Low,True,1.0
PS00766,35-44,Solo,Transit-Visa-Required,4.3,Morning,October,Carry-On Only,,Mid-Range,Active/City,3,Word of Mouth/Referral,55.1,Medium,Indoor Micro-Experience,True,True,2,True,STAY AIRSIDE,0.0,43.6,True,3.0,2.0,True,True,True,True,Indoor Micro-Experience,Stay Airside,4.3,0.0,True,False,,Mid-Range,168.0,Medium,True,True,True,0.0,Low,Completed,Indoor/Moderate-Risk,False,Low,False,0.0
PS00767,45-54,Solo,Visa-Free/On-Arrival,9.3,Morning,July,Carry-On Only,2,Budget,Relaxation & Wellness,2,Social Media,80.3,High,City/Culture/Shopping,1,True,2,True,City/Culture/Shopping,454.0,19.0,True,4.0,4.0,True,True,True,True,City/Culture/Shopping,City/Culture/Shopping,9.3,454.0,False,False,2.0,Budget,468.0,High,True,True,True,0.0,Mid,Completed,Outdoor/Higher-Risk,False,Low,True,1.0
PS00768,45-54,Solo,Visa-Free/On-Arrival,4.6,Afternoon,July,Carry-On Only,3,Budget,Active/City,2,Word of Mouth/Referral,63.7,Medium,Airport Lounge/Relaxation,True,True,6,True,Airport Lounge/Relaxation,204.0,47.0,False,3.0,3.0,True,True,True,False,Airport Lounge/Relaxation,Airport Lounge/Relaxation,4.6,204.0,False,False,3.0,Budget,186.0,Medium,True,True,True,0.0,Low,Completed,Airside/Low-Risk,False,High,True,1.0
PS00769,25-34,Family with kids,Visa-Free/On-Arrival,12.2,Morning,May,Checked-Through,2,Mid-Range,Shopping,2,Social Media,81.4,High,City/Culture/Shopping,True,True,3,False,,,,,,,True,True,False,,City/Culture/Shopping,,12.2,,False,False,2.0,Mid-Range,642.0,High,False,True,False,,No Spend,Package Viewed,Outdoor/Higher-Risk,False,Medium,True,
PS00770,45-54,Friends/Group,visa-free/on-arrival,4.4,Evening,January,Carry-On Only,3,Premium,Culture & Heritage,4,Word of Mouth/Referral,77.5,High,PREMIUM FAST-TRACK/CHAUFFEUR,1,False,2,False,,,,,,,True,False,False,,Premium Fast-Track/Chauffeur,,4.4,,False,False,3.0,Premium,174.0,High,False,True,False,,No Spend,Package Viewed,Outdoor/Higher-Risk,True,Low,False,
PS00771,18-24,Couple,Visa-Free/On-Arrival,11.2,Morning,February,Carry-On Only,3,Premium,Relaxation & Wellness,5,Word of Mouth/Referral,86.3,High,Premium Fast-Track/Chauffeur,True,True,4,True,Indoor Micro-Experience,470.0,4.9,True,,3.0,True,True,True,True,Premium Fast-Track/Chauffeur,Indoor Micro-Experience,11.2,470.0,False,False,3.0,Premium,582.0,High,True,True,True,0.0,Mid,Booked,Outdoor/Higher-Risk,True,Medium,True,0.0
PS00772,45-54,Friends/Group,Visa-Free/On-Arrival,6.0,Afternoon,September,Checked-Through,4,Budget,Active/City,5,Airport Signage,70.3,High,Indoor Micro-Experience,True,True,4,True,Indoor Micro-Experience,317.0,37.2,False,4.0,5.0,True,True,True,False,Indoor Micro-Experience,Indoor Micro-Experience,6.0,317.0,False,False,4.0,Budget,270.0,High,True,True,True,0.0,Mid,Completed,Indoor/Moderate-Risk,False,Medium,True,1.0
PS00773,18-24,Solo,Visa-Free/On-Arrival,8.6,Morning,August,Needs Storage,3,Mid-Range,Shopping,5,Airline Partner,85.4,High,City/Culture/Shopping,True,True,1,True,City/Culture/Shopping,354.0,37.8,True,4.0,5.0,True,True,True,True,City/Culture/Shopping,City/Culture/Shopping,8.6,354.0,False,False,3.0,Mid-Range,426.0,High,True,True,True,0.0,Mid,Completed,Outdoor/Higher-Risk,False,Low,True,1.0
PS00774,25-34,Couple,Visa-Free/On-Arrival,11.7,Afternoon,August,Carry-On Only,1,Premium,Shopping,4,Airport Signage,93.9,High,Premium Fast-Track/Chauffeur,True,True,4,True,Premium Fast-Track/Chauffeur,2068.0,14.4,True,4.0,4.0,True,True,True,True,Premium Fast-Track/Chauffeur,Premium Fast-Track/Chauffeur,11.7,2068.0,False,False,1.0,Premium,612.0,High,True,True,True,0.0,High,Completed,Outdoor/Higher-Risk,True,Medium,True,1.0
PS00775,45-54,Solo,Visa-Free/On-Arrival,5.2,Evening,October,Carry-On Only,4,Mid-Range,Culture & Heritage,1,Organic App Search,60.8,Medium,Indoor Micro-Experience,True,True,5,No,,,,,,,True,True,False,,Indoor Micro-Experience,,5.2,,False,False,4.0,Mid-Range,222.0,Medium,False,True,False,,No Spend,Package Viewed,Indoor/Moderate-Risk,False,High,True,
PS00776,18-24,Couple,visa-free/on-arrival,11.5,Afternoon,January,Checked-Through,3,Budget,Active/City,4,Travel Agent,78.0,High,City/Culture/Shopping,TRUE,True,0,True,City/Culture/Shopping,327.0,5.2,True,5.0,5.0,True,True,True,True,City/Culture/Shopping,City/Culture/Shopping,11.5,327.0,False,False,3.0,Budget,600.0,High,True,False,True,0.0,Mid,Completed,Outdoor/Higher-Risk,False,None,False,1.0
PS00777,25-34,Friends/Group,Visa-Free/On-Arrival,2.0,Night,June,Carry-On Only,2,Mid-Range,Relaxation & Wellness,4,Travel Agent,67.4,Medium,Indoor Micro-Experience,True,True,1,False,,,,,,,True,True,False,,Indoor Micro-Experience,,2.0,,False,False,2.0,Mid-Range,30.0,Medium,False,True,False,,No Spend,Package Viewed,Indoor/Moderate-Risk,False,Low,False,
PS00778,35-44,Couple,Transit-Visa-Required,16.2,Night,September,Needs Storage,5,,Culture & Heritage,2,Airport Signage,62.3,Medium,Indoor Micro-Experience,True,True,4,False,,,,,,,True,True,False,,Indoor Micro-Experience,,16.2,,False,True,5.0,Unknown,882.0,Medium,False,True,False,,No Spend,Package Viewed,Indoor/Moderate-Risk,False,Medium,True,
PS00779,35-44,Solo,Visa-Free/On-Arrival,12.6,Afternoon,August,Checked-Through,5,Mid-Range,Shopping,4,Travel Agent,82.1,High,City/Culture/Shopping,True,True,3,True,City/Culture/Shopping,471.0,5.4,Y,5.0,5.0,True,True,True,True,City/Culture/Shopping,City/Culture/Shopping,12.6,471.0,False,False,5.0,Mid-Range,666.0,High,True,True,True,0.0,Mid,Completed,Outdoor/Higher-Risk,False,Medium,True,1.0
PS00780,35-44,Couple,Visa-Free/On-Arrival,6.9,Morning,March,Carry-On Only,5,Mid-Range,Family/Indoor,3,Social Media,76.4,High,Indoor Micro-Experience,True,True,3,True,Indoor Micro-Experience,275.0,34.3,False,3.0,3.0,True,True,True,False,Indoor Micro-Experience,Indoor Micro-Experience,6.9,275.0,False,False,5.0,Mid-Range,324.0,High,True,True,True,0.0,Low,Completed,Indoor/Moderate-Risk,False,Medium,True,1.0
PS00781,35-44,Solo,Visa-Free/On-Arrival,13.9,Night,April,Checked-Through,4,Premium,Shopping,5,Airline Partner,84.2,High,Premium Fast-Track/Chauffeur,True,True,2,True,Premium Fast-Track/Chauffeur,1433.0,14.9,True,4.0,4.0,True,True,True,True,Premium Fast-Track/Chauffeur,Premium Fast-Track/Chauffeur,13.9,1433.0,False,False,4.0,Premium,744.0,High,True,True,True,0.0,High,Completed,Outdoor/Higher-Risk,True,Low,True,1.0
PS00782,35-44,Friends/Group,Visa-Free/On-Arrival,13.1,Night,March,Carry-On Only,,Budget,Relaxation & Wellness,4,Organic App Search,89.1,High,City/Culture/Shopping,True,True,3,1,City/Culture/Shopping,461.0,2.8,True,4.0,4.0,True,True,True,True,City/Culture/Shopping,City/Culture/Shopping,13.1,461.0,True,False,,Budget,696.0,High,True,True,True,0.0,Mid,Completed,Outdoor/Higher-Risk,False,Medium,True,1.0
PS00783,25-34,Couple,Transit-Visa-Required,7.3,Night,June,Carry-On Only,5,Budget,Culture & Heritage,5,Airport Signage,70.9,High,City/Culture/Shopping,True,True,4,False,,,,,,,True,True,False,,City/Culture/Shopping,,7.3,,False,False,5.0,Budget,348.0,High,False,True,False,,No Spend,Package Viewed,Outdoor/Higher-Risk,False,Medium,True,
PS00784,25-34,Couple,Transit-Visa-Required,7.2,Morning,September,Carry-On Only,3,Mid-Range,Relaxation & Wellness,2,Airport Signage,72.5,High,City/Culture/Shopping,True,False,6,True,City/Culture/Shopping,422.0,44.7,True,3.0,3.0,True,False,True,True,City/Culture/Shopping,City/Culture/Shopping,7.2,422.0,False,False,3.0,Mid-Range,342.0,High,True,True,True,0.0,Mid,Completed,Outdoor/Higher-Risk,False,High,True,1.0
PS00785,25-34,Couple,Transit-Visa-Required,4.0,Night,August,Needs Storage,2,Budget,Active/City,1,Airport Signage,49.6,Medium,Airport Lounge/Relaxation,True,True,1,False,,,,,,,True,True,False,,Airport Lounge/Relaxation,,4.0,,False,False,2.0,Budget,150.0,Medium,False,True,False,,No Spend,Package Viewed,Airside/Low-Risk,False,Low,False,
PS00786,55+,Couple,Transit-Visa-Required,7.5 hrs,Morning,October,Checked-Through,4,Premium,Family/Indoor,5,Airline Partner,80.7,High,Premium Fast-Track/Chauffeur,True,True,0,True,Premium Fast-Track/Chauffeur,2335.0,46.3,True,4.0,4.0,True,True,True,True,Premium Fast-Track/Chauffeur,Premium Fast-Track/Chauffeur,7.5,2335.0,False,False,4.0,Premium,360.0,High,True,False,True,0.0,High,Completed,Outdoor/Higher-Risk,False,None,True,1.0
PS00787,35-44,Solo,Not-Eligible,2.5,Evening,April,Checked-Through,2,Budget,Culture & Heritage,1,Social Media,30.0,Low,Stay Airside,True,yes ,3,FALSE,,,,,,,True,True,False,,Stay Airside,,2.5,,False,False,2.0,Budget,60.0,Low,False,True,False,,No Spend,Package Viewed,Airside/Low-Risk,False,Medium,False,
PS00788,25-34,Family with kids,Visa-Free/On-Arrival,11.1,Night,February,Carry-On Only,3,Mid-Range,Relaxation & Wellness,3,Airline Partner,83.8,High,City/Culture/Shopping,True,TRUE,6,True,City/Culture/Shopping,449.0,22.3,False,2.0,2.0,True,True,True,False,City/Culture/Shopping,City/Culture/Shopping,11.1,449.0,False,False,3.0,Mid-Range,576.0,High,True,True,True,0.0,Mid,Completed,Outdoor/Higher-Risk,False,High,True,1.0
PS00789,25-34,Solo,Visa-Free/On-Arrival,11.2,Morning,August,Checked-Through,2,Premium,Culture & Heritage,4,Word of Mouth/Referral,97.2,High,Premium Fast-Track/Chauffeur,True,True,1,False,,,,,,,True,True,False,,Premium Fast-Track/Chauffeur,,11.2,,False,False,2.0,Premium,582.0,High,False,True,False,,No Spend,Package Viewed,Outdoor/Higher-Risk,False,Low,True,
PS00790,55+,Family with kids,Visa-Free/On-Arrival,2.0,Night,August,Checked-Through,3,Budget,Active/City,5,Airport Signage,60.3,Medium,Airport Lounge/Relaxation,True,True,1,False,,,,,,,True,True,False,,Airport Lounge/Relaxation,,2.0,,False,False,3.0,Budget,30.0,Medium,False,True,False,,No Spend,Package Viewed,Airside/Low-Risk,False,Low,False,
PS00791,18-24,Family with kids,Visa-Free/On-Arrival,15.4,Afternoon,December,Checked-Through,3,Premium,Shopping,2,Social Media,83.6,High,Premium Fast-Track/Chauffeur,True,True,2,True,Stay Airside,0.0,0.0,Y,3.0,2.0,True,True,True,True,Premium Fast-Track/Chauffeur,Stay Airside,15.4,0.0,False,False,3.0,Premium,834.0,High,True,True,True,0.0,Low,Completed,Outdoor/Higher-Risk,True,Low,True,0.0
PS00792,35-44,Family with kids,Visa-Free/On-Arrival,4.9,Night,November,Checked-Through,3,Mid-Range,Relaxation & Wellness,1,Social Media,66.9,Medium,Indoor Micro-Experience,True,True,2,True,Indoor Micro-Experience,318.0,48.8,False,4.0,4.0,True,True,True,False,Indoor Micro-Experience,Indoor Micro-Experience,4.9,318.0,False,False,3.0,Mid-Range,204.0,Medium,True,True,True,0.0,Mid,Completed,Indoor/Moderate-Risk,False,Low,True,1.0
PS00793,35-44,Couple,Transit-Visa-Required,26.0,Afternoon,June,Carry-On Only,1,Budget,Shopping,3,Word of Mouth/Referral,75.9,High,City/Culture/Shopping,True,True,2,True,City/Culture/Shopping,381.0,15.2,False,1.0,1.0,True,True,True,False,City/Culture/Shopping,City/Culture/Shopping,26.0,381.0,False,False,1.0,Budget,1470.0,High,True,True,True,0.0,Mid,Completed,Outdoor/Higher-Risk,False,Low,True,1.0
PS00794,35-44,Couple,Visa-Free/On-Arrival,8.3,Night,August,Carry-On Only,3,Premium,Shopping,3,Airline Partner,86.3,High,Premium Fast-Track/Chauffeur,True,True,5,True,Premium Fast-Track/Chauffeur,2620.0,38.1,True,3.0,4.0,True,True,True,True,Premium Fast-Track/Chauffeur,Premium Fast-Track/Chauffeur,8.3,2620.0,False,False,3.0,Premium,408.00000000000006,High,True,True,True,0.0,High,Completed,Outdoor/Higher-Risk,True,High,True,1.0
PS00795,18-24,Solo,Not-Eligible,15.5,Morning,September,Checked-Through,3,Budget,Culture & Heritage,3,Organic App Search,30.0,Low,Stay Airside,yes ,True,2,True,Stay Airside,0.0,5.7,Y,3.0,3.0,True,True,True,True,Stay Airside,Stay Airside,15.5,0.0,False,False,3.0,Budget,840.0,Low,True,True,True,0.0,Low,Completed,Airside/Low-Risk,False,Low,False,1.0
PS00796,45-54,Family with kids,transit-visa-required,3.9,Evening,January,Checked-Through,2,Mid-Range,Active/City,5,Social Media,65.6,Medium,Indoor Micro-Experience,True,True,2,True,Indoor Micro-Experience,306.0,47.1,True,3.0,2.0,True,True,True,True,Indoor Micro-Experience,Indoor Micro-Experience,3.9,306.0,False,False,2.0,Mid-Range,144.0,Medium,True,True,True,0.0,Mid,Completed,Indoor/Moderate-Risk,False,Low,False,1.0
PS00797,55+,Solo,Visa-Free/On-Arrival,6.0,Afternoon,September,Checked-Through,5,Budget,Active/City,4,Airline Partner,73.4,High,City/Culture/Shopping,TRUE,True,3,True,City/Culture/Shopping,362.0,49.9,True,4.0,4.0,True,True,True,True,City/Culture/Shopping,City/Culture/Shopping,6.0,362.0,False,False,5.0,Budget,270.0,High,True,True,True,0.0,Mid,Completed,Outdoor/Higher-Risk,False,Medium,True,1.0
PS00798,35-44,Couple,Visa-Free/On-Arrival,5.2,Afternoon,February,Checked-Through,3,Budget,Shopping,5,Airport Signage,78.2,High,  City/Culture/Shopping ,True,True,2,True,City/Culture/Shopping,307.0,47.7,True,5.0,4.0,True,True,True,True,City/Culture/Shopping,City/Culture/Shopping,5.2,307.0,False,False,3.0,Budget,222.0,High,True,True,True,0.0,Mid,Completed,Outdoor/Higher-Risk,False,Low,True,1.0
PS00799,35-44,Solo,Visa-Free/On-Arrival,2.5,Morning,January,Checked-Through,5,Premium,Shopping,2,Airport Signage,60.6,Medium,Indoor Micro-Experience,True,True,3,True,Airport Lounge/Relaxation,243.0,63.2,True,3.0,4.0,True,True,True,True,Indoor Micro-Experience,Airport Lounge/Relaxation,2.5,243.0,False,False,5.0,Premium,60.0,Medium,True,True,True,1.0,Low,Completed,Indoor/Moderate-Risk,False,Medium,False,0.0
PS00800,55+,Solo,Visa-Free/On-Arrival,3.0,Evening,August,Checked-Through,2,Mid-Range,Culture & Heritage,4,Word of Mouth/Referral,72.9,High,City/Culture/Shopping,True,True,2,TRUE,City/Culture/Shopping,566.0,63.7,False,,3.0,True,True,True,False,City/Culture/Shopping,City/Culture/Shopping,3.0,566.0,False,False,2.0,Mid-Range,90.0,High,True,True,True,1.0,Mid,Booked,Outdoor/Higher-Risk,False,Low,False,1.0
PS00801,35-44,Couple,Visa-Free/On-Arrival,6.7,Morning,August,Carry-On Only,3,Budget,Culture & Heritage,5,Airport Signage,81.0,High,City/Culture/Shopping,True,True,1,True,City/Culture/Shopping,455.0,42.6,True,4.0,4.0,True,True,True,True,City/Culture/Shopping,City/Culture/Shopping,6.7,455.0,False,False,3.0,Budget,312.0,High,True,True,True,0.0,Mid,Completed,Outdoor/Higher-Risk,False,Low,True,1.0
PS00802,18-24,Solo,Visa-Free/On-Arrival,9.1,Evening,November,Carry-On Only,2,Mid-Range,Relaxation & Wellness,4,Airport Signage,87.9,High,City/Culture/Shopping,True,True,2,True,City/Culture/Shopping,412.0,29.2,True,4.0,4.0,True,True,True,True,City/Culture/Shopping,City/Culture/Shopping,9.1,412.0,False,False,2.0,Mid-Range,456.0,High,True,True,True,0.0,Mid,Completed,Outdoor/Higher-Risk,False,Low,True,1.0
PS00803,35-44,Family with kids,Visa-Free/On-Arrival,3.6,Morning,April,Checked-Through,3,Mid-Range,Culture & Heritage,2,Airline Partner,67.4,Medium,Indoor Micro-Experience,True,Y,2,True,  Airport Lounge/Relaxation ,170.0,48.6,yes ,4.0,4.0,True,True,True,True,Indoor Micro-Experience,Airport Lounge/Relaxation,3.6,170.0,False,False,3.0,Mid-Range,126.0,Medium,True,True,True,0.0,Low,Completed,Indoor/Moderate-Risk,False,Low,False,0.0
PS00804,35-44,Solo,Visa-Free/On-Arrival,5.8,Night,August,Carry-On Only,2,Premium,Relaxation & Wellness,5,Airport Signage,85.1,High,Premium Fast-Track/Chauffeur,True,True,2,False,,,,,,,True,True,False,,Premium Fast-Track/Chauffeur,,5.8,,False,False,2.0,Premium,258.0,High,False,True,False,,No Spend,Package Viewed,Outdoor/Higher-Risk,True,Low,True,
PS00805,25-34,Solo,Not-Eligible,4.6,Morning,July,Needs Storage,3,Mid-Range,Relaxation & Wellness,3,Travel Agent,30.0,Low,Stay Airside,True,FALSE,1,False,,,,,,,True,False,False,,Stay Airside,,4.6,,False,False,3.0,Mid-Range,186.0,Low,False,True,False,,No Spend,Package Viewed,Airside/Low-Risk,False,Low,False,
PS00806,35-44,Couple,Transit-Visa-Required,7.0,Morning,February,Checked-Through,3,Premium,Family/Indoor,4,Social Media,79.1,High,Premium Fast-Track/Chauffeur,True,Y,1,True,Premium Fast-Track/Chauffeur,1817.0,37.5,True,5.0,5.0,True,True,True,True,Premium Fast-Track/Chauffeur,Premium Fast-Track/Chauffeur,7.0,1817.0,False,False,3.0,Premium,330.0,High,True,True,True,0.0,High,Completed,Outdoor/Higher-Risk,False,Low,True,1.0
PS00807,55+,Solo,Not-Eligible,10.6,Morning,May,Checked-Through,2,Mid-Range,Relaxation & Wellness,2,Airline Partner,30.0,Low,Stay Airside,True,TRUE,0,True,Stay Airside,0.0,7.7,True,4.0,4.0,True,True,True,True,Stay Airside,Stay Airside,10.6,0.0,False,False,2.0,Mid-Range,546.0,Low,True,False,True,0.0,Low,Completed,Airside/Low-Risk,False,None,False,1.0
PS00808,55+,Solo,Visa-Free/On-Arrival,7.7,Afternoon,October,Carry-On Only,4,Mid-Range,shopping,4,Airline Partner,82.5,High,City / Culture / Shopping,True,True,3,True,City/Culture/Shopping,532.0,35.4,False,2.0,3.0,True,True,True,False,City/Culture/Shopping,City/Culture/Shopping,7.7,532.0,False,False,4.0,Mid-Range,372.0,High,True,True,True,0.0,Mid,Completed,Outdoor/Higher-Risk,False,Medium,True,1.0
PS00809,25-34,Family with kids,Visa-Free/On-Arrival,5.0,Morning,April,Checked-Through,5,Premium,Shopping,5,Airport Signage,77.0,High,Indoor Micro-Experience,True,True,0,1,Stay Airside,0.0,40.1,True,4.0,4.0,True,True,True,True,Indoor Micro-Experience,Stay Airside,5.0,0.0,False,False,5.0,Premium,210.0,High,True,False,True,0.0,Low,Completed,Indoor/Moderate-Risk,False,None,True,0.0
PS00810,18-24,Solo,Transit-Visa-Required,12.9,Afternoon,March,Carry-On Only,2,Budget,Relaxation & Wellness,3,Travel Agent,73.8,High,City/Culture/Shopping,True,True,0,False,,,,,,,True,True,False,,City/Culture/Shopping,,12.9,,False,False,2.0,Budget,684.0,High,False,False,False,,No Spend,Eligibility Checked,Outdoor/Higher-Risk,False,None,True,
PS00811,55+,Family with kids,Visa-Free/On-Arrival,8.9,Night,January,Carry-On Only,4,Budget,Shopping,2,Word of Mouth/Referral,76.7,High,City/Culture/Shopping,True,True,2,True,City/Culture/Shopping,266.0,25.9,True,4.0,5.0,True,True,True,True,City/Culture/Shopping,City/Culture/Shopping,8.9,266.0,False,False,4.0,Budget,444.0,High,True,True,True,0.0,Low,Completed,Outdoor/Higher-Risk,False,Low,True,1.0
PS00812,45-54,Solo,Visa-Free/On-Arrival,7.9,Evening,May,Checked-Through,4,Budget,shopping,2,Airline Partner,77.4,High,City/Culture/Shopping,True,True,2,True,City/Culture/Shopping,445.0,29.4,True,3.0,3.0,True,True,True,True,City/Culture/Shopping,City/Culture/Shopping,7.9,445.0,False,False,4.0,Budget,384.0,High,True,True,True,0.0,Mid,Completed,Outdoor/Higher-Risk,False,Low,True,1.0
PS00813,18-24,Solo,Transit-Visa-Required,3.7,Evening,October,Carry-On Only,3,Budget,Active/City,2,Airport Signage,49.1,Medium,Airport Lounge/Relaxation,True,True,1,0,,,,,,,True,True,False,,Airport Lounge/Relaxation,,3.7,,False,False,3.0,Budget,132.0,Medium,False,True,False,,No Spend,Package Viewed,Airside/Low-Risk,False,Low,False,
PS00814,55+,Family with kids,Transit-Visa-Required,12.1,Morning,August,carry-on only,5,Budget,Family/Indoor,3,Airport Signage,66.0,Medium,Airport Lounge/Relaxation,True,True,1,True,Stay Airside,0.0,0.0,True,2.0,2.0,True,True,True,True,Airport Lounge/Relaxation,Stay Airside,12.1,0.0,False,False,5.0,Budget,636.0,Medium,True,True,True,0.0,Low,Completed,Airside/Low-Risk,False,Low,True,0.0
PS00815,45-54,Solo,Visa-Free/On-Arrival,9.4,Evening,December,Checked-Through,5,Mid-Range,Culture & Heritage,4,Organic App Search,83.5,High,Indoor Micro-Experience,True,True,2,True,Premium Fast-Track/Chauffeur,1956.0,27.7,True,2.0,3.0,True,True,True,True,Indoor Micro-Experience,Premium Fast-Track/Chauffeur,9.4,1956.0,False,False,5.0,Mid-Range,474.0,High,True,True,True,0.0,High,Completed,Indoor/Moderate-Risk,False,Low,True,0.0
PS00816,35-44,Solo,Visa-Free/On-Arrival,9.7,Morning,September,Checked-Through,3,Mid-Range,Relaxation & Wellness,2,Social Media,81.2,High,City/Culture/Shopping,True,True,1,TRUE,City/Culture/Shopping,319.0,29.7,True,4.0,4.0,True,True,True,True,City/Culture/Shopping,City/Culture/Shopping,9.7,319.0,False,False,3.0,Mid-Range,492.0,High,True,True,True,0.0,Mid,Completed,Outdoor/Higher-Risk,False,Low,True,1.0
PS00817,35-44,Solo,Visa-Free/On-Arrival,6.3,Evening,July,Needs Storage,4,Budget,Culture & Heritage,2,Airport Signage,65.2,Medium,Airport Lounge/Relaxation,True,True,1,True,Airport Lounge/Relaxation,209.0,39.8,False,,3.0,True,True,True,False,Airport Lounge/Relaxation,Airport Lounge/Relaxation,6.3,209.0,False,False,4.0,Budget,288.0,Medium,True,True,True,0.0,Low,Booked,Airside/Low-Risk,False,Low,True,1.0
PS00818,25-34,Solo,Visa-Free/On-Arrival,5.7,Morning,December,Needs Storage,4,Budget,Active/City,3,Airport Signage,63.0,Medium,Airport Lounge/Relaxation,True,True,3,True,Airport Lounge/Relaxation,166.0,43.8,True,5.0,5.0,True,True,True,True,Airport Lounge/Relaxation,Airport Lounge/Relaxation,5.7,166.0,False,False,4.0,Budget,252.0,Medium,True,True,True,0.0,Low,Completed,Airside/Low-Risk,False,Medium,True,1.0
PS00819,18-24,Family with kids,Visa-Free/On-Arrival,18.4,Afternoon,November,Carry-On Only,3,Budget,Shopping,3,Airport Signage,76.8,High,City/Culture/Shopping,True,True,2,True,City/Culture/Shopping,300.0,14.9,True,5.0,5.0,True,True,True,True,City/Culture/Shopping,City/Culture/Shopping,18.4,300.0,False,False,3.0,Budget,1014.0,High,True,True,True,0.0,Mid,Completed,Outdoor/Higher-Risk,False,Low,True,1.0
PS00820,25-34,Solo,Visa-Free/On-Arrival,5.6,Afternoon,January,Needs Storage,3,Mid-Range,Family/Indoor,4,Travel Agent,71.3,High,City/Culture/Shopping,True,True,1,False,,,,,,,True,True,False,,City/Culture/Shopping,,5.6,,False,False,3.0,Mid-Range,246.0,High,False,True,False,,No Spend,Package Viewed,Outdoor/Higher-Risk,False,Low,True,
PS00821,45-54,Family with kids,Visa-Free/On-Arrival,3.2,Night,January,checked-through,5,Mid-Range,Relaxation & Wellness,4,Airline Partner,65.8,Medium,Indoor Micro-Experience,True,False,2,True,Indoor Micro-Experience,327.0,53.1,Yes,3.0,3.0,True,False,True,True,Indoor Micro-Experience,Indoor Micro-Experience,3.2,327.0,False,False,5.0,Mid-Range,102.0,Medium,True,True,True,0.0,Mid,Completed,Indoor/Moderate-Risk,False,Low,False,1.0
PS00822,18-24,Friends/Group,Not-Eligible,8.1,Morning,January,Checked-Through,4,Budget,Family/Indoor,5,Airport Signage,30.0,Low,Stay Airside,True,Yes,0,True,Stay Airside,0.0,19.1,True,3.0,3.0,True,True,True,True,Stay Airside,Stay Airside,8.1,0.0,False,False,4.0,Budget,396.0,Low,True,False,True,0.0,Low,Completed,Airside/Low-Risk,False,None,False,1.0
PS00823,25-34,Couple,Transit-Visa-Required,7.2,Evening,February,Checked-Through,2,Premium,Relaxation & Wellness,2,Social Media,79.3,High,Premium Fast-Track/Chauffeur,True,True,1,True,Premium Fast-Track/Chauffeur,1379.0,35.2,True,4.0,4.0,True,True,True,True,Premium Fast-Track/Chauffeur,Premium Fast-Track/Chauffeur,7.2,1379.0,False,False,2.0,Premium,342.0,High,True,True,True,0.0,High,Completed,Outdoor/Higher-Risk,False,Low,True,1.0
PS00824,25-34,Friends/Group,Transit-Visa-Required,13.2,Morning,January,Checked-Through,2,Mid-Range,Active/City,3,Airport Signage,81.6,High,City/Culture/Shopping,True,1,0,True,City/Culture/Shopping,547.0,10.7,False,4.0,3.0,True,True,True,False,City/Culture/Shopping,City/Culture/Shopping,13.2,547.0,False,False,2.0,Mid-Range,702.0,High,True,False,True,0.0,Mid,Completed,Outdoor/Higher-Risk,False,None,True,1.0
PS00825,35-44,Solo,Visa-Free/On-Arrival,6.6,Evening,April,Carry-On Only,5,Premium,RELAXATION & WELLNESS,3,Social Media,76.4,High,Indoor Micro-Experience,True,False,2,True,Indoor Micro-Experience,478.0,38.4,True,3.0,3.0,True,False,True,True,Indoor Micro-Experience,Indoor Micro-Experience,6.6,478.0,False,False,5.0,Premium,306.0,High,True,True,True,0.0,Mid,Completed,Indoor/Moderate-Risk,True,Low,True,1.0
PS00826,55+,FRIENDS/GROUP,Visa-Free/On-Arrival,10.4,Night,October,Needs Storage,,Budget,Culture & Heritage,1,Airport Signage,81.0,High,City/Culture/Shopping,True,True,5,True,Indoor Micro-Experience,379.0,9.5,True,3.0,3.0,True,True,True,True,City/Culture/Shopping,Indoor Micro-Experience,10.4,379.0,True,False,,Budget,534.0,High,True,True,True,0.0,Mid,Completed,Outdoor/Higher-Risk,False,High,True,0.0
PS00827,25-34,SOLO,Visa-Free/On-Arrival,16.0,Afternoon,September,Carry-On Only,4,Mid-Range,family/indoor,3,Word of Mouth/Referral,76.9,High,Indoor Micro-Experience,True,True,4,True,Indoor Micro-Experience,357.0,0.0,True,3.0,3.0,True,True,True,True,Indoor Micro-Experience,Indoor Micro-Experience,16.0,357.0,False,False,4.0,Mid-Range,870.0,High,True,True,True,0.0,Mid,Completed,Indoor/Moderate-Risk,False,Medium,True,1.0
PS00828,25-34,Family with kids,Visa-Free/On-Arrival,9.1,Afternoon,December,Carry-On Only,,Mid-Range,Active/City,4,Airline Partner,88.5,High,City/Culture/Shopping,True,True,3,True,City/Culture/Shopping,327.0,33.7,True,4.0,4.0,True,True,True,True,City/Culture/Shopping,City/Culture/Shopping,9.1,327.0,True,False,,Mid-Range,456.0,High,True,True,True,0.0,Mid,Completed,Outdoor/Higher-Risk,False,Medium,True,1.0
PS00829,35-44,Couple,Visa-Free/On-Arrival,3.8,Night,April,Checked-Through,1,Premium,Culture & Heritage,1,Organic App Search,71.7,High,Premium Fast-Track/Chauffeur,True,True,2,True,Premium Fast-Track/Chauffeur,1710.0,58.8,FALSE,3.0,3.0,True,True,True,False,Premium Fast-Track/Chauffeur,Premium Fast-Track/Chauffeur,3.8,1710.0,False,False,1.0,Premium,138.0,High,True,True,True,1.0,High,Completed,Outdoor/Higher-Risk,True,Low,False,1.0
PS00830,25-34,Solo,Transit-Visa-Required,2.0,Afternoon,April,Checked-Through,1,Mid-Range,Relaxation & Wellness,1,Airline Partner,51.0,Medium,Indoor Micro-Experience,True,True,2,False,,,,,,,True,True,False,,Indoor Micro-Experience,,2.0,,False,False,1.0,Mid-Range,30.0,Medium,False,True,False,,No Spend,Package Viewed,Indoor/Moderate-Risk,False,Low,False,
PS00831,25-34,Couple,Transit-Visa-Required,9.3,Afternoon,July,Checked-Through,3,Premium,Family/Indoor,4,Airline Partner,79.6,High,Premium Fast-Track/Chauffeur,True,True,0,True,Premium Fast-Track/Chauffeur,2671.0,14.6,True,4.0,4.0,True,True,True,True,Premium Fast-Track/Chauffeur,Premium Fast-Track/Chauffeur,9.3,2671.0,False,False,3.0,Premium,468.0,High,True,False,True,0.0,High,Completed,Outdoor/Higher-Risk,False,None,True,1.0
PS00832,25-34,Family with kids,Visa-Free/On-Arrival,5.8,Evening,November,Carry-On Only,1,Mid-Range,Shopping,4,Word of Mouth/Referral,87.7,High,City/Culture/Shopping,True,True,5,TRUE,City / Culture / Shopping,419.0,45.0,True,5.0,5.0,True,True,True,True,City/Culture/Shopping,City/Culture/Shopping,5.8,419.0,False,False,1.0,Mid-Range,258.0,High,True,True,True,0.0,Mid,Completed,Outdoor/Higher-Risk,False,High,True,1.0
PS00833,18-24,Solo,Visa-Free/On-Arrival,8.4,Evening,September,Checked-Through,3,Mid-Range,Shopping,3,Word of Mouth/Referral,82.0,High,City/Culture/Shopping,True,True,0,True,City/Culture/Shopping,437.0,32.1,no ,4.0,5.0,True,True,True,False,City/Culture/Shopping,City/Culture/Shopping,8.4,437.0,False,False,3.0,Mid-Range,414.0,High,True,False,True,0.0,Mid,Completed,Outdoor/Higher-Risk,False,None,True,1.0
PS00834,18-24,Solo,Not-Eligible,7.3,Morning,July,Needs Storage,4,Premium,Active/City,4,Airline Partner,30.0,Low,Stay Airside,True,False,3,False,,,,,,,True,False,False,,Stay Airside,,7.3,,False,False,4.0,Premium,348.0,Low,False,True,False,,No Spend,Package Viewed,Airside/Low-Risk,False,Medium,False,
PS00835,25-34,Family with kids,Visa-Free/On-Arrival,3.1,Night,January,Needs Storage,3,Mid-Range,Family/Indoor,5,Organic App Search,66.1,Medium,Indoor Micro-Experience,True,True,3,FALSE,,,,,,,True,True,False,,Indoor Micro-Experience,,3.1,,False,False,3.0,Mid-Range,96.0,Medium,False,True,False,,No Spend,Package Viewed,Indoor/Moderate-Risk,False,Medium,False,
PS00836,25-34,Family with kids,Visa-Free/On-Arrival,6.6,Afternoon,January,Checked-Through,4,Mid-Range,Shopping,2,Airport Signage,71.0,High,Indoor Micro-Experience,True,True,4,True,  Indoor Micro-Experience ,332.0,35.4,True,4.0,4.0,True,True,True,True,Indoor Micro-Experience,Indoor Micro-Experience,6.6,332.0,False,False,4.0,Mid-Range,306.0,High,True,True,True,0.0,Mid,Completed,Indoor/Moderate-Risk,False,Medium,True,1.0
PS00837,55+,Friends/Group,Visa-Free/On-Arrival,3.6,Morning,April,Checked-Through,3,Budget,Active/City,2,Social Media,61.9,Medium,Airport Lounge/Relaxation,True,True,3,False,,,,,,,True,True,False,,Airport Lounge/Relaxation,,3.6,,False,False,3.0,Budget,126.0,Medium,False,True,False,,No Spend,Package Viewed,Airside/Low-Risk,False,Medium,False,
PS00838,25-34,Family with kids,Transit-Visa-Required,5.3,Evening,April,Carry-On Only,3,Premium,Family/Indoor,2,Airline Partner,65.7,Medium,Indoor Micro-Experience,True,No,1,False,,,,,,,True,False,False,,Indoor Micro-Experience,,5.3,,False,False,3.0,Premium,228.0,Medium,False,True,False,,No Spend,Package Viewed,Indoor/Moderate-Risk,False,Low,True,
PS00839,35-44,Friends/Group,Not-Eligible,12.1,Afternoon,January,Checked-Through,3,Mid-Range,Relaxation & Wellness,4,Airport Signage,30.0,Low,Stay Airside,True,True,1,False,,,,,,,True,True,False,,Stay Airside,,12.1,,False,False,3.0,Mid-Range,636.0,Low,False,True,False,,No Spend,Package Viewed,Airside/Low-Risk,False,Low,False,
PS00840,35-44,Family with kids,Visa-Free/On-Arrival,7.6,Morning,June,Carry-On Only,3,Mid-Range,SHOPPING,3,Social Media,80.3,High,City/Culture/Shopping,True,True,4,True,City/Culture/Shopping,371.0,47.9,True,4.0,4.0,True,True,True,True,City/Culture/Shopping,City/Culture/Shopping,7.6,371.0,False,False,3.0,Mid-Range,366.0,High,True,True,True,0.0,Mid,Completed,Outdoor/Higher-Risk,False,Medium,True,1.0
PS00841,18-24,Solo,Transit-Visa-Required,10.1,Evening,October,Carry-On Only,5,Budget,Active/City,5,Social Media,70.5,High,Indoor Micro-Experience,True,True,2,Yes,Indoor Micro-Experience,225.0,9.6,True,4.0,4.0,True,True,True,True,Indoor Micro-Experience,Indoor Micro-Experience,10.1,225.0,False,False,5.0,Budget,516.0,High,True,True,True,0.0,Low,Completed,Indoor/Moderate-Risk,False,Low,True,1.0
PS00842,35-44,Solo,transit-visa-required,8.0,Night,February,Checked-Through,4,Mid-Range,Family/Indoor,4,Social Media,73.6,High,Indoor Micro-Experience,True,True,3,True,Indoor Micro-Experience,286.0,21.9,True,4.0,4.0,True,True,True,True,Indoor Micro-Experience,Indoor Micro-Experience,8.0,286.0,False,False,4.0,Mid-Range,390.0,High,True,True,True,0.0,Low,Completed,Indoor/Moderate-Risk,False,Medium,False,1.0
PS00843,18-24,Family with kids,Visa-Free/On-Arrival,6.1,Night,November,Checked-Through,3,Mid-Range,Relaxation & Wellness,3,Social Media,73.8,High,City / Culture / Shopping,True,True,0,True,City/Culture/Shopping,409.0,52.8,yes ,4.0,4.0,True,True,True,True,City/Culture/Shopping,City/Culture/Shopping,6.1,409.0,False,False,3.0,Mid-Range,276.0,High,True,False,True,0.0,Mid,Completed,Outdoor/Higher-Risk,False,None,True,1.0
PS00844,55+,Couple,Visa-Free/On-Arrival,8.4,Night,May,Checked-Through,4,Mid-Range,Shopping,2,Organic App Search,76.7,High,  City/Culture/Shopping ,True,True,3,True,City/Culture/Shopping,374.0,31.7,False,3.0,3.0,True,True,True,False,City/Culture/Shopping,City/Culture/Shopping,8.4,374.0,False,False,4.0,Mid-Range,414.0,High,True,True,True,0.0,Mid,Completed,Outdoor/Higher-Risk,False,Medium,True,1.0
PS00845,18-24,Solo,Visa-Free/On-Arrival,2.2,Night,August,Needs Storage,3,Mid-Range,Culture & Heritage,3,Airline Partner,66.3,Medium,Indoor Micro-Experience,True,TRUE,2,True,City/Culture/Shopping,472.0,75.7,True,3.0,4.0,True,True,True,True,Indoor Micro-Experience,City/Culture/Shopping,2.2,472.0,False,False,3.0,Mid-Range,42.0,Medium,True,True,True,1.0,Mid,Completed,Indoor/Moderate-Risk,False,Low,False,0.0
PS00846,25-34,Solo,Not-Eligible,11.1,Morning,March,Checked-Through,2,Budget,Culture & Heritage,2,Airline Partner,30.0,Low,Stay Airside,True,True,0,False,,,,,,,True,True,False,,Stay Airside,,11.1,,False,False,2.0,Budget,576.0,Low,False,False,False,,No Spend,Eligibility Checked,Airside/Low-Risk,False,None,False,
PS00847,18-24,Friends/Group,Visa-Free/On-Arrival,4.3,Afternoon,September,Needs Storage,3,Budget,Active/City,5,Travel Agent,63.9,Medium,Airport Lounge/Relaxation,True,True,2,True,AIRPORT LOUNGE/RELAXATION,206.0,45.9,True,4.0,4.0,True,True,True,True,Airport Lounge/Relaxation,Airport Lounge/Relaxation,4.3,206.0,False,False,3.0,Budget,168.0,Medium,True,True,True,0.0,Low,Completed,Airside/Low-Risk,False,Low,False,1.0
PS00848,55+,Couple,Transit-Visa-Required,9.7,Evening,July,Carry-On Only,4,Mid-Range,Shopping,3,Airline Partner,74.8,High,City/Culture/Shopping,True,Yes,3,True,City/Culture/Shopping,471.0,30.9,True,4.0,5.0,True,True,True,True,City/Culture/Shopping,City/Culture/Shopping,9.7,471.0,False,False,4.0,Mid-Range,492.0,High,True,True,True,0.0,Mid,Completed,Outdoor/Higher-Risk,False,Medium,True,1.0
PS00849,35-44,Couple,Visa-Free/On-Arrival,6.0,Afternoon,September,Carry-On Only,,Budget,Relaxation & Wellness,2,Social Media,71.6,High,City/Culture/Shopping,True,True,3,False,,,,,,,True,True,False,,City/Culture/Shopping,,6.0,,True,False,,Budget,270.0,High,False,True,False,,No Spend,Package Viewed,Outdoor/Higher-Risk,False,Medium,True,
PS00850,35-44,Couple,Transit-Visa-Required,3.1,Evening,January,Checked-Through,5,Mid-Range,Shopping,3,Social Media,51.6,Medium,Indoor Micro-Experience,True,True,6,True,City/Culture/Shopping,325.0,63.0,yes ,3.0,4.0,True,True,True,True,Indoor Micro-Experience,City/Culture/Shopping,3.1,325.0,False,False,5.0,Mid-Range,96.0,Medium,True,True,True,1.0,Mid,Completed,Indoor/Moderate-Risk,False,High,False,0.0
PS00851,18-24,Solo,Visa-Free/On-Arrival,4.8,Evening,May,Carry-On Only,3,Mid-Range,Shopping,2,Airport Signage,66.2,Medium,Indoor Micro-Experience,True,True,3,True,Indoor Micro-Experience,383.0,45.6,False,3.0,3.0,True,True,True,False,Indoor Micro-Experience,Indoor Micro-Experience,4.8,383.0,False,False,3.0,Mid-Range,198.0,Medium,True,True,True,0.0,Mid,Completed,Indoor/Moderate-Risk,False,Medium,True,1.0
PS00852,35-44,Solo,Transit-Visa-Required,9.8,Afternoon,December,Carry-On Only,3,,Culture & Heritage,3,Organic App Search,77.7,High,Premium Fast-Track/Chauffeur,True,True,2,True,Premium Fast-Track/Chauffeur,1745.0,15.0,True,4.0,4.0,True,True,True,True,Premium Fast-Track/Chauffeur,Premium Fast-Track/Chauffeur,9.8,1745.0,False,True,3.0,Unknown,498.0,High,True,True,True,0.0,High,Completed,Outdoor/Higher-Risk,False,Low,True,1.0
PS00853,25-34,Solo,TRANSIT-VISA-REQUIRED,21.8,Night,March,checked-through,5,Budget,Relaxation & Wellness,1,Airport Signage,61.2,Medium,Airport Lounge/Relaxation,True,True,1,True,Airport Lounge/Relaxation,239.0,12.6,True,3.0,3.0,True,True,True,True,Airport Lounge/Relaxation,Airport Lounge/Relaxation,21.8,239.0,False,False,5.0,Budget,1218.0,Medium,True,True,True,0.0,Low,Completed,Airside/Low-Risk,False,Low,False,1.0
PS00854,45-54,Solo,Transit-Visa-Required,7.0,Afternoon,April,Carry-On Only,3,Budget,Relaxation & Wellness,4,Airport Signage,76.3,High,City/Culture/Shopping,yes ,True,3,True,City/Culture/Shopping,389.0,37.2,False,3.0,2.0,True,True,True,False,City/Culture/Shopping,City/Culture/Shopping,7.0,389.0,False,False,3.0,Budget,330.0,High,True,True,True,0.0,Mid,Completed,Outdoor/Higher-Risk,False,Medium,True,1.0
PS00855,25-34,Family with kids,Transit-Visa-Required,20.3,Afternoon,April,Carry-On Only,4,Mid-Range,Active/City,3,Airline Partner,73.1,High,City/Culture/Shopping,True,True,2,False,,,,,,,True,True,False,,City/Culture/Shopping,,20.3,,False,False,4.0,Mid-Range,1128.0,High,False,True,False,,No Spend,Package Viewed,Outdoor/Higher-Risk,False,Low,True,
PS00856,25-34,Couple,Visa-Free/On-Arrival,2.2,Night,November,Needs Storage,4,Mid-Range,Active/City,3,Airline Partner,56.5,Medium,Indoor Micro-Experience,True,True,1,True,Indoor Micro-Experience,267.0,55.4,True,3.0,3.0,True,True,True,True,Indoor Micro-Experience,Indoor Micro-Experience,2.2,267.0,False,False,4.0,Mid-Range,42.0,Medium,True,True,True,1.0,Low,Completed,Indoor/Moderate-Risk,False,Low,False,1.0
PS00857,18-24,Family with kids,TRANSIT-VISA-REQUIRED,6.2,Afternoon,December,Checked-Through,5,Budget,Shopping,4,Airport Signage,61.5,Medium,Airport Lounge/Relaxation,True,yes ,3,False,,,,,,,True,True,False,,Airport Lounge/Relaxation,,6.2,,False,False,5.0,Budget,282.0,Medium,False,True,False,,No Spend,Package Viewed,Airside/Low-Risk,False,Medium,False,
PS00858,25-34,Friends/Group,Visa-Free/On-Arrival,7.0,Morning,July,Carry-On Only,1,Premium,Relaxation & Wellness,1,Travel Agent,84.1,High,Premium Fast-Track/Chauffeur,True,Yes,1,True,Premium Fast-Track/Chauffeur,979.0,45.1,True,5.0,5.0,True,True,True,True,Premium Fast-Track/Chauffeur,Premium Fast-Track/Chauffeur,7.0,979.0,False,False,1.0,Premium,330.0,High,True,True,True,0.0,High,Completed,Outdoor/Higher-Risk,False,Low,True,1.0
PS00859,35-44,Solo,Visa-Free/On-Arrival,10.1,Afternoon,October,Checked-Through,2,Mid-Range,Family/Indoor,3,Travel Agent,83.7,High,City/Culture/Shopping,Y,True,1,True,City/Culture/Shopping,511.0,25.7,True,4.0,3.0,True,True,True,True,City/Culture/Shopping,City/Culture/Shopping,10.1,511.0,False,False,2.0,Mid-Range,516.0,High,True,True,True,0.0,Mid,Completed,Outdoor/Higher-Risk,False,Low,True,1.0
PS00860,18-24,Family with kids,Visa-Free/On-Arrival,4.9,Evening,November,Carry-On Only,4,Budget,Active/City,3,Word of Mouth/Referral,68.2,Medium,Airport Lounge/Relaxation,True,False,1,No,,,,,,,True,False,False,,Airport Lounge/Relaxation,,4.9,,False,False,4.0,Budget,204.0,Medium,False,True,False,,No Spend,Package Viewed,Airside/Low-Risk,False,Low,True,
PS00861,45-54,Couple,Visa-Free/On-Arrival,8.9,Evening,August,Needs Storage,3,Budget,Shopping,3,Airline Partner,74.9,High,City/Culture/Shopping,True,1,1,False,,,,,,,True,True,False,,City/Culture/Shopping,,8.9,,False,False,3.0,Budget,444.0,High,False,True,False,,No Spend,Package Viewed,Outdoor/Higher-Risk,False,Low,True,
PS00862,25-34,Friends/Group,visa-free/on-arrival,6.4,Evening,November,Checked-Through,3,Premium,relaxation & wellness,5,Airline Partner,88.0,High,Premium Fast-Track/Chauffeur,TRUE,True,3,True,Premium Fast-Track/Chauffeur,1777.0,48.5,True,4.0,4.0,True,True,True,True,Premium Fast-Track/Chauffeur,Premium Fast-Track/Chauffeur,6.4,1777.0,False,False,3.0,Premium,294.0,High,True,True,True,0.0,High,Completed,Outdoor/Higher-Risk,True,Medium,False,1.0
PS00863,35-44,Solo,Not-Eligible,14.2,Evening,October,Checked-Through,2,Budget,Shopping,2,Organic App Search,30.0,Low,Stay Airside,True,True,3,False,,,,,,,True,True,False,,Stay Airside,,14.2,,False,False,2.0,Budget,762.0,Low,False,True,False,,No Spend,Package Viewed,Airside/Low-Risk,False,Medium,False,
PS00864,25-34,Family with kids,Visa-Free/On-Arrival,8.1,Morning,May,Carry-On Only,2,Budget,Culture & Heritage,4,Airline Partner,83.5,High,City/Culture/Shopping,True,False,4,False,,,,,,,True,False,False,,City/Culture/Shopping,,8.1,,False,False,2.0,Budget,396.0,High,False,True,False,,No Spend,Package Viewed,Outdoor/Higher-Risk,False,Medium,True,
PS00865,25-34,Couple,Transit-Visa-Required,26.0,Night,December,Checked-Through,,Budget,Shopping,3,Organic App Search,70.5,High,City/Culture/Shopping,True,True,0,no ,,,,,,,True,True,False,,City/Culture/Shopping,,26.0,,True,False,,Budget,1470.0,High,False,False,False,,No Spend,Eligibility Checked,Outdoor/Higher-Risk,False,None,True,
PS00866,35-44,Solo,Visa-Free/On-Arrival,6.5,Night,October,Checked-Through,2,Mid-Range,Shopping,3,Word of Mouth/Referral,81.4,High,City/Culture/Shopping,True,True,4,True,Premium Fast-Track/Chauffeur,1290.0,36.4,True,2.0,2.0,True,True,True,True,City/Culture/Shopping,Premium Fast-Track/Chauffeur,6.5,1290.0,False,False,2.0,Mid-Range,300.0,High,True,True,True,0.0,High,Completed,Outdoor/Higher-Risk,False,Medium,True,0.0
PS00867,18-24,Solo,Visa-Free/On-Arrival,13.7,Morning,July,Checked-Through,2,Premium,Culture & Heritage,4,Organic App Search,89.8,High,Premium Fast-Track/Chauffeur,True,True,2,True,Premium Fast-Track/Chauffeur,1872.0,13.0,True,4.0,4.0,True,True,True,True,Premium Fast-Track/Chauffeur,Premium Fast-Track/Chauffeur,13.7,1872.0,False,False,2.0,Premium,732.0,High,True,True,True,0.0,High,Completed,Outdoor/Higher-Risk,True,Low,True,1.0
PS00868,25-34,Family with kids,Visa-Free/On-Arrival,16.2,Morning,March,Needs Storage,1,Budget,Relaxation & Wellness,2,Airport Signage,84.6,High,City/Culture/Shopping,True,True,4,True,Indoor Micro-Experience,225.0,13.0,True,2.0,2.0,True,True,True,True,City/Culture/Shopping,Indoor Micro-Experience,16.2,225.0,False,False,1.0,Budget,882.0,High,True,True,True,0.0,Low,Completed,Outdoor/Higher-Risk,False,Medium,True,0.0
PS00869,45-54,Family with kids,Not-Eligible,2.0,Night,March,Needs Storage,2,Budget,Relaxation & Wellness,4,Airline Partner,30.0,Low,Stay Airside,True,True,2,True,Stay Airside,0.0,51.3,True,,4.0,True,True,True,True,Stay Airside,Stay Airside,2.0,0.0,False,False,2.0,Budget,30.0,Low,True,True,True,0.0,Low,Booked,Airside/Low-Risk,False,Low,False,1.0
PS00870,55+,Solo,Transit-Visa-Required,11.1,Night,March,Carry-On Only,4,Budget,Shopping,1,Social Media,59.9,Medium,Airport Lounge/Relaxation,1,True,0,N,,,,,,,True,True,False,,Airport Lounge/Relaxation,,11.1,,False,False,4.0,Budget,576.0,Medium,False,False,False,,No Spend,Eligibility Checked,Airside/Low-Risk,False,None,True,
PS00871,25-34,Couple,Not-Eligible,3.1,Night,December,Carry-On Only,4,Mid-Range,Shopping,3,Travel Agent,30.0,Low,Stay Airside,True,True,3,False,,,,,,,True,True,False,,Stay Airside,,3.1,,False,False,4.0,Mid-Range,96.0,Low,False,True,False,,No Spend,Package Viewed,Airside/Low-Risk,False,Medium,False,
PS00872,25-34,Solo,Not-Eligible,6.3,Night,April,Carry-On Only,1,Budget,Culture & Heritage,4,Airline Partner,30.0,Low,Stay Airside,True,False,2,False,,,,,,,True,False,False,,Stay Airside,,6.3,,False,False,1.0,Budget,288.0,Low,False,True,False,,No Spend,Package Viewed,Airside/Low-Risk,False,Low,False,
PS00873,35-44,Family with kids,Visa-Free/On-Arrival,3.4,Afternoon,June,checked-through,2,Premium,Active/City,2,Word of Mouth/Referral,67.5,Medium,Indoor Micro-Experience,True,Yes,1,False,,,,,,,True,True,False,,Indoor Micro-Experience,,3.4,,False,False,2.0,Premium,114.0,Medium,False,True,False,,No Spend,Package Viewed,Indoor/Moderate-Risk,False,Low,False,
PS00874,25-34,solo,Visa-Free/On-Arrival,14.4,Evening,May,Checked-Through,,Budget,Shopping,4,Airline Partner,82.3,High,City/Culture/Shopping,True,True,2,True,City/Culture/Shopping,355.0,15.6,False,3.0,3.0,True,True,True,False,City/Culture/Shopping,City/Culture/Shopping,14.4,355.0,True,False,,Budget,774.0,High,True,True,True,0.0,Mid,Completed,Outdoor/Higher-Risk,False,Low,True,1.0
PS00875,18-24,Friends/Group,Transit-Visa-Required,5.1,Afternoon,August,Carry-On Only,3,Budget,Family/Indoor,2,Social Media,54.8,Medium,Airport Lounge/Relaxation,True,True,4,True,Airport Lounge/Relaxation,168.0,40.1,True,5.0,5.0,True,True,True,True,Airport Lounge/Relaxation,Airport Lounge/Relaxation,5.1,168.0,False,False,3.0,Budget,216.0,Medium,True,True,True,0.0,Low,Completed,Airside/Low-Risk,False,Medium,True,1.0
PS00876,18-24,Solo,Visa-Free/On-Arrival,2.1,Morning,December,Needs Storage,4,Budget,shopping,4,Word of Mouth/Referral,56.5,Medium,Airport Lounge/Relaxation,True,True,0,False,,,,,,,True,True,False,,Airport Lounge/Relaxation,,2.1,,False,False,4.0,Budget,36.0,Medium,False,False,False,,No Spend,Eligibility Checked,Airside/Low-Risk,False,None,False,
PS00877,35-44,Solo,Visa-Free/On-Arrival,8.2,Evening,May,Carry-On Only,4,Premium,Family/Indoor,3,Airline Partner,83.9,High,Premium Fast-Track/Chauffeur,True,True,2,False,,,,,,,True,True,False,,Premium Fast-Track/Chauffeur,,8.2,,False,False,4.0,Premium,401.99999999999994,High,False,True,False,,No Spend,Package Viewed,Outdoor/Higher-Risk,True,Low,True,
PS00878,35-44,Solo,Visa-Free/On-Arrival,15.6,Afternoon,November,Carry-On Only,5,Mid-Range,Shopping,4,Airline Partner,78.4,High,Culture & Shopping,True,True,4,True,City/Culture/Shopping,540.0,12.0,True,3.0,3.0,True,True,True,True,City/Culture/Shopping,City/Culture/Shopping,15.6,540.0,False,False,5.0,Mid-Range,846.0,High,True,True,True,0.0,Mid,Completed,Outdoor/Higher-Risk,False,Medium,True,1.0
PS00879,18-24,Solo,Transit-Visa-Required,3.5,Evening,December,Carry-On Only,3,Premium,Shopping,5,Airline Partner,64.5,Medium,Indoor Micro-Experience,True,True,0,False,,,,,,,True,True,False,,Indoor Micro-Experience,,3.5,,False,False,3.0,Premium,120.0,Medium,False,False,False,,No Spend,Eligibility Checked,Indoor/Moderate-Risk,False,None,False,
PS00880,25-34,Couple,Transit-Visa-Required,11.9,Afternoon,May,Checked-Through,3,Budget,Shopping,3,Airline Partner,73.6,High,City/Culture/Shopping,True,True,1,True,City/Culture/Shopping,,9.9,True,4.0,3.0,True,True,True,True,City/Culture/Shopping,City/Culture/Shopping,11.9,,False,False,3.0,Budget,624.0,High,True,True,True,0.0,No Spend,Completed,Outdoor/Higher-Risk,False,Low,True,1.0
PS00881,25-34,Solo,Visa-Free/On-Arrival,2.0,Afternoon,October,Carry-On Only,4,Budget,Culture & Heritage,2,Airline Partner,52.3,Medium,Airport Lounge/Relaxation,True,True,3,True,Airport Lounge/Relaxation,224.0,63.1,True,4.0,3.0,True,True,True,True,Airport Lounge/Relaxation,Airport Lounge/Relaxation,2.0,224.0,False,False,4.0,Budget,30.0,Medium,True,True,True,1.0,Low,Completed,Airside/Low-Risk,False,Medium,False,1.0
PS00882,35-44,Family with kids,Visa-Free/On-Arrival,16.2,Morning,February,Checked-Through,1,Mid-Range,Culture & Heritage,5,Airline Partner,100.0,High,  City/Culture/Shopping ,True,True,2,False,,,,,,,True,True,False,,City/Culture/Shopping,,16.2,,False,False,1.0,Mid-Range,882.0,High,False,True,False,,No Spend,Package Viewed,Outdoor/Higher-Risk,False,Low,True,
PS00883,18-24,Solo,Transit-Visa-Required,9.2,Morning,December,Checked-Through,1,Mid-Range,family/indoor,2,Airport Signage,75.8,High,City/Culture/Shopping,True,False,3,False,,,,,,,True,False,False,,City/Culture/Shopping,,9.2,,False,False,1.0,Mid-Range,462.0,High,False,True,False,,No Spend,Package Viewed,Outdoor/Higher-Risk,False,Medium,True,
PS00884,18-24,Solo,Transit-Visa-Required,3.2,Morning,November,Carry-On Only,1,Mid-Range,Shopping,4,Word of Mouth/Referral,67.1,Medium,Indoor Micro-Experience,True,True,5,False,,,,,,,True,True,False,,Indoor Micro-Experience,,3.2,,False,False,1.0,Mid-Range,102.0,Medium,False,True,False,,No Spend,Package Viewed,Indoor/Moderate-Risk,False,High,False,
PS00885,45-54,Solo,Visa-Free/On-Arrival,11.3,Morning,November,Carry-On Only,3,Budget,Shopping,5,Organic App Search,84.8,High,city/culture/shopping,1,True,4,False,,,,,,,True,True,False,,City/Culture/Shopping,,11.3,,False,False,3.0,Budget,588.0,High,False,True,False,,No Spend,Package Viewed,Outdoor/Higher-Risk,False,Medium,True,
PS00886,18-24,Solo,Transit-Visa-Required,5.2,Night,May,Checked-Through,,Budget,Shopping,4,Airport Signage,63.2,Medium,Airport Lounge/Relaxation,True,True,2,yes ,Airport Lounge/Relaxation,191.0,40.6,True,4.0,5.0,True,True,True,True,Airport Lounge/Relaxation,Airport Lounge/Relaxation,5.2,191.0,True,False,,Budget,222.0,Medium,True,True,True,0.0,Low,Completed,Airside/Low-Risk,False,Low,True,1.0
PS00887,35-44,Solo,Visa-Free/On-Arrival,4.0,Morning,December,Carry-On Only,2,Budget,Active/City,2,Airline Partner,68.3,Medium,Airport Lounge/Relaxation,True,True,2,False,,,,,,,True,True,False,,Airport Lounge/Relaxation,,4.0,,False,False,2.0,Budget,150.0,Medium,False,True,False,,No Spend,Package Viewed,Airside/Low-Risk,False,Low,False,
PS00888,25-34,Couple,Visa-Free/On-Arrival,48.0,Morning,July,Carry-On Only,4,Mid-Range,Family/Indoor,2,Airline Partner,66.3,Medium,Indoor Micro-Experience,True,True,2,False,,,,,,,True,True,False,,Indoor Micro-Experience,,,,False,False,4.0,Mid-Range,,Medium,False,True,False,,No Spend,Package Viewed,Indoor/Moderate-Risk,False,Low,False,
PS00889,18-24,Couple,Transit-Visa-Required,10.6,Evening,February,Carry-On Only,5,Mid-Range,Relaxation & Wellness,2,Travel Agent,67.3,Medium,Indoor Micro-Experience,True,True,3,True,Indoor Micro-Experience,266.0,6.8,True,4.0,4.0,True,True,True,True,Indoor Micro-Experience,Indoor Micro-Experience,10.6,266.0,False,False,5.0,Mid-Range,546.0,Medium,True,True,True,0.0,Low,Completed,Indoor/Moderate-Risk,False,Medium,True,1.0
PS00890,25-34,Couple,Transit-Visa-Required,3.8,Evening,June,Needs Storage,2,Premium,CULTURE & HERITAGE,3,Travel Agent,65.9,Medium,Indoor Micro-Experience,True,True,2,False,,,,,,,True,True,False,,Indoor Micro-Experience,,3.8,,False,False,2.0,Premium,138.0,Medium,False,True,False,,No Spend,Package Viewed,Indoor/Moderate-Risk,False,Low,False,
PS00891,35-44,Couple,Visa-Free/On-Arrival,2.0,Morning,July,Checked-Through,3,Budget,Shopping,2,Organic App Search,55.9,Medium,airport lounge/relaxation,True,yes ,2,True,Airport Lounge/Relaxation,251.0,68.1,True,4.0,4.0,True,True,True,True,Airport Lounge/Relaxation,Airport Lounge/Relaxation,2.0,251.0,False,False,3.0,Budget,30.0,Medium,True,True,True,1.0,Low,Completed,Airside/Low-Risk,False,Low,False,1.0
PS00892,45-54,Couple,Transit-Visa-Required,5.3,Evening,May,Needs Storage,2,Premium,Shopping,4,Airline Partner,68.9,Medium,Indoor Micro-Experience,True,True,0,False,,,,,,,True,True,False,,Indoor Micro-Experience,,5.3,,False,False,2.0,Premium,228.0,Medium,False,False,False,,No Spend,Eligibility Checked,Indoor/Moderate-Risk,False,None,True,
PS00893,45-54,Solo,Transit-Visa-Required,14.7,Evening,September,Carry-On Only,5,Mid-Range,Family/Indoor,3,Word of Mouth/Referral,69.0,Medium,Indoor Micro-Experience,True,True,0,False,,,,,,,True,True,False,,Indoor Micro-Experience,,14.7,,False,False,5.0,Mid-Range,792.0,Medium,False,False,False,,No Spend,Eligibility Checked,Indoor/Moderate-Risk,False,None,True,
PS00894,25-34,Couple,Transit-Visa-Required,14.6,Morning,April,Carry-On Only,2,Budget,Family/Indoor,5,Social Media,80.5,High,CITY/CULTURE/SHOPPING,True,True,1,False,,,,,,,True,True,False,,City/Culture/Shopping,,14.6,,False,False,2.0,Budget,786.0,High,False,True,False,,No Spend,Package Viewed,Outdoor/Higher-Risk,False,Low,True,
PS00895,35-44,Friends/Group,Transit-Visa-Required,5.2,Afternoon,October,Carry-On Only,5,Premium,Active/City,4,Organic App Search,58.7,Medium,Indoor Micro-Experience,yes ,True,1,False,,,,,,,True,True,False,,Indoor Micro-Experience,,5.2,,False,False,5.0,Premium,222.0,Medium,False,True,False,,No Spend,Package Viewed,Indoor/Moderate-Risk,False,Low,True,
PS00896,25-34,Couple,Transit-Visa-Required,5.0,Night,January,Checked-Through,,Mid-Range,Active/City,5,Social Media,78.4,High,City/Culture/Shopping,True,True,1,True,City/Culture/Shopping,520.0,53.3,True,4.0,4.0,True,True,True,True,City/Culture/Shopping,City/Culture/Shopping,5.0,520.0,True,False,,Mid-Range,210.0,High,True,True,True,0.0,Mid,Completed,Outdoor/Higher-Risk,False,Low,True,1.0
PS00897,25-34,Family with kids,Visa-Free/On-Arrival,4.8,Night,August,Checked-Through,4,Mid-Range,Culture & Heritage,2,Airport Signage,65.1,Medium,Indoor Micro-Experience,True,True,5,True,Indoor Micro-Experience,302.0,38.4,True,3.0,2.0,True,True,True,True,Indoor Micro-Experience,Indoor Micro-Experience,4.8,302.0,False,False,4.0,Mid-Range,198.0,Medium,True,True,True,0.0,Mid,Completed,Indoor/Moderate-Risk,False,High,True,1.0
PS00898,45-54,Solo,Visa-Free/On-Arrival,4.7,Evening,August,Carry-On Only,2,Mid-Range,Culture & Heritage,3,Travel Agent,76.3,High,City/Culture/Shopping,True,True,1,True,city/culture/shopping,475.0,51.4,True,4.0,4.0,True,True,True,True,City/Culture/Shopping,City/Culture/Shopping,4.7,475.0,False,False,2.0,Mid-Range,192.0,High,True,True,True,0.0,Mid,Completed,Outdoor/Higher-Risk,False,Low,True,1.0
PS00899,18-24,Family with kids,Visa-Free/On-Arrival,4.9,Morning,July,Checked-Through,2,Budget,Shopping,3,Word of Mouth/Referral,71.2,High,City/Culture/Shopping,True,True,1,True,City/Culture/Shopping,484.0,46.2,True,3.0,2.0,True,True,True,True,City/Culture/Shopping,City/Culture/Shopping,4.9,484.0,False,False,2.0,Budget,204.0,High,True,True,True,0.0,Mid,Completed,Outdoor/Higher-Risk,False,Low,True,1.0
PS00900,18-24,Family with kids,Visa-Free/On-Arrival,8.5,Afternoon,August,Carry-On Only,2,Mid-Range,Culture & Heritage,2,Airport Signage,80.4,High,City/Culture/Shopping,True,True,3,True,City/Culture/Shopping,579.0,28.9,True,5.0,5.0,True,True,True,True,City/Culture/Shopping,City/Culture/Shopping,8.5,579.0,False,False,2.0,Mid-Range,420.0,High,True,True,True,0.0,Mid,Completed,Outdoor/Higher-Risk,False,Medium,True,1.0
PS00901,25-34,Couple,Transit-Visa-Required,14.9,Evening,February,Checked-Through,2,Premium,Active/City,4,Airline Partner,83.6,High,premium fast-track/chauffeur,True,True,3,True,City/Culture/Shopping,623.0,15.8,1,2.0,3.0,True,True,True,True,Premium Fast-Track/Chauffeur,City/Culture/Shopping,14.9,623.0,False,False,2.0,Premium,804.0,High,True,True,True,0.0,Mid,Completed,Outdoor/Higher-Risk,True,Medium,True,0.0
PS00902,18-24,Friends/Group,Visa-Free/On-Arrival,3.8,Morning,March,Checked-Through,4,Budget,Shopping,4,Airport Signage,70.9,High,Indoor Micro-Experience,True,True,3,True,Indoor Micro-Experience,336.0,55.3,True,4.0,4.0,True,True,True,True,Indoor Micro-Experience,Indoor Micro-Experience,3.8,336.0,False,False,4.0,Budget,138.0,High,True,True,True,1.0,Mid,Completed,Indoor/Moderate-Risk,False,Medium,False,1.0
PS00903,25-34,Solo,Visa-Free/On-Arrival,4.3,Afternoon,September,Checked-Through,4,Mid-Range,Active/City,1,Airline Partner,66.5,Medium,Indoor Micro-Experience,True,True,3,True,Indoor Micro-Experience,305.0,53.4,True,4.0,5.0,True,True,True,True,Indoor Micro-Experience,Indoor Micro-Experience,4.3,305.0,False,False,4.0,Mid-Range,168.0,Medium,True,True,True,0.0,Mid,Completed,Indoor/Moderate-Risk,False,Medium,False,1.0
PS00904,35-44,Solo,Visa-Free/On-Arrival,9.0,Evening,January,Carry-On Only,,Mid-Range,Family/Indoor,2,Airport Signage,76.4,High,  City/Culture/Shopping ,True,True,2,True,City/Culture/Shopping,597.0,25.9,True,3.0,3.0,True,True,True,True,City/Culture/Shopping,City/Culture/Shopping,9.0,597.0,True,False,,Mid-Range,450.0,High,True,True,True,0.0,Mid,Completed,Outdoor/Higher-Risk,False,Low,True,1.0
PS00905,25-34,Family with kids,Visa-Free/On-Arrival,11.0,Afternoon,August,Checked-Through,5,Budget,Family/Indoor,2,Organic App Search,74.2,High,City/Culture/Shopping,True,True,1,True,City/Culture/Shopping,317.0,15.2,True,4.0,5.0,True,True,True,True,City/Culture/Shopping,City/Culture/Shopping,11.0,317.0,False,False,5.0,Budget,570.0,High,True,True,True,0.0,Mid,Completed,Outdoor/Higher-Risk,False,Low,True,1.0
PS00906,45-54,family with kids,Visa-Free/On-Arrival,2.5,Evening,August,Carry-On Only,3,Budget,Shopping,4,Social Media,60.7,Medium,Airport Lounge/Relaxation,True,True,1,True,Airport Lounge/Relaxation,139.0,60.2,True,5.0,5.0,True,True,True,True,Airport Lounge/Relaxation,Airport Lounge/Relaxation,2.5,139.0,False,False,3.0,Budget,60.0,Medium,True,True,True,1.0,Low,Completed,Airside/Low-Risk,False,Low,False,1.0
PS00907,45-54,Solo,Transit-Visa-Required,18.0,Night,July,checked-through,5,Budget,Relaxation & Wellness,5,Travel Agent,79.1,High,Indoor Micro-Experience,yes ,True,1,True,airport lounge/relaxation,252.0,8.3,True,2.0,1.0,True,True,True,True,Indoor Micro-Experience,Airport Lounge/Relaxation,18.0,252.0,False,False,5.0,Budget,990.0,High,True,True,True,0.0,Low,Completed,Indoor/Moderate-Risk,False,Low,True,0.0
PS00908,25-34,Solo,Visa-Free/On-Arrival,6.0,Afternoon,November,Carry-On Only,2,,Family/Indoor,1,Travel Agent,75.2,High,City/Culture/Shopping,True,1,4,True,City/Culture/Shopping,346.0,46.3,True,4.0,3.0,True,True,True,True,City/Culture/Shopping,City/Culture/Shopping,6.0,346.0,False,True,2.0,Unknown,270.0,High,True,True,True,0.0,Mid,Completed,Outdoor/Higher-Risk,False,Medium,True,1.0
PS00909,25-34,Solo,Transit-Visa-Required,2.7,Night,May,Checked-Through,5,Premium,Culture & Heritage,3,Word of Mouth/Referral,53.3,Medium,Indoor Micro-Experience,True,True,0,True,Indoor Micro-Experience,425.0,62.0,True,5.0,5.0,True,True,True,True,Indoor Micro-Experience,Indoor Micro-Experience,2.7,425.0,False,False,5.0,Premium,72.0,Medium,True,False,True,1.0,Mid,Completed,Indoor/Moderate-Risk,False,None,False,1.0
PS00910,25-34,Solo,Not-Eligible,2.4,Morning,April,Checked-Through,1,Mid-Range,culture & heritage,5,Organic App Search,30.0,Low,Stay Airside,True,True,0,False,,,,,,,True,True,False,,Stay Airside,,2.4,,False,False,1.0,Mid-Range,54.0,Low,False,False,False,,No Spend,Eligibility Checked,Airside/Low-Risk,False,None,False,
PS00911,35-44,Family with kids,Visa-Free/On-Arrival,2.3,Night,October,Carry-On Only,3,Budget,Shopping,3,Travel Agent,58.7,Medium,Airport Lounge/Relaxation,True,True,2,True,Airport Lounge/Relaxation,187.0,56.4,True,4.0,4.0,True,True,True,True,Airport Lounge/Relaxation,Airport Lounge/Relaxation,2.3,187.0,False,False,3.0,Budget,48.0,Medium,True,True,True,1.0,Low,Completed,Airside/Low-Risk,False,Low,False,1.0
PS00912,25-34,Couple,Visa-Free/On-Arrival,13.6,Morning,October,Carry-On Only,3,Mid-Range,Family/Indoor,4,Social Media,85.5,High,City/Culture/Shopping,True,True,2,True,Airport Lounge/Relaxation,277.0,0.0,True,3.0,2.0,True,True,True,True,City/Culture/Shopping,Airport Lounge/Relaxation,13.6,277.0,False,False,3.0,Mid-Range,726.0,High,True,True,True,0.0,Low,Completed,Outdoor/Higher-Risk,False,Low,True,0.0
PS00913,35-44,Solo,Visa-Free/On-Arrival,7.6,Morning,October,Checked-Through,3,Premium,Culture & Heritage,2,Airport Signage,80.2,High,Premium Fast-Track/Chauffeur,True,Y,3,True,Culture & Shopping,503.0,41.9,False,2.0,2.0,True,True,True,False,Premium Fast-Track/Chauffeur,City/Culture/Shopping,7.6,503.0,False,False,3.0,Premium,366.0,High,True,True,True,0.0,Mid,Completed,Outdoor/Higher-Risk,True,Medium,True,0.0
PS00914,25-34,solo,Transit-Visa-Required,13.7,Evening,October,Needs Storage,3,Budget,Relaxation & Wellness,3,Airport Signage,70.6,High,City/Culture/Shopping,True,True,3,True,City/Culture/Shopping,383.0,16.8,TRUE,4.0,3.0,True,True,True,True,City/Culture/Shopping,City/Culture/Shopping,13.7,383.0,False,False,3.0,Budget,732.0,High,True,True,True,0.0,Mid,Completed,Outdoor/Higher-Risk,False,Medium,True,1.0
PS00915,35-44,Solo,Transit-Visa-Required,6.8,Afternoon,June,Checked-Through,3,Premium,Relaxation & Wellness,3,Airport Signage,74.1,High,Premium Fast-Track/Chauffeur,True,True,1,False,,,,,,,True,True,False,,Premium Fast-Track/Chauffeur,,6.8,,False,False,3.0,Premium,318.0,High,False,True,False,,No Spend,Package Viewed,Outdoor/Higher-Risk,False,Low,True,
PS00916,25-34,Solo,Visa-Free/On-Arrival,13.4,Night,December,Checked-Through,5,Mid-Range,Culture & Heritage,4,Airport Signage,78.9,High,Indoor Micro-Experience,True,True,0,True,Indoor Micro-Experience,259.0,5.5,True,4.0,4.0,True,True,True,True,Indoor Micro-Experience,Indoor Micro-Experience,13.4,259.0,False,False,5.0,Mid-Range,714.0,High,True,False,True,0.0,Low,Completed,Indoor/Moderate-Risk,False,None,True,1.0
PS00917,25-34,Couple,Visa-Free/On-Arrival,6.7,Afternoon,November,Checked-Through,5,Budget,Relaxation & Wellness,2,Travel Agent,72.0,High,City/Culture/Shopping,True,False,1,False,,,,,,,True,False,False,,City/Culture/Shopping,,6.7,,False,False,5.0,Budget,312.0,High,False,True,False,,No Spend,Package Viewed,Outdoor/Higher-Risk,False,Low,True,
PS00918,55+,Friends/Group,Not-Eligible,10.0,Afternoon,January,Checked-Through,5,Budget,Culture & Heritage,2,Social Media,30.0,Low,Stay Airside,True,True,1,False,,,,,,,True,True,False,,Stay Airside,,10.0,,False,False,5.0,Budget,510.0,Low,False,True,False,,No Spend,Package Viewed,Airside/Low-Risk,False,Low,False,
PS00919,45-54,Family with kids,Visa-Free/On-Arrival,48.0,Afternoon,May,Checked-Through,5,Mid-Range,Relaxation & Wellness,3,Airline Partner,75.0,High,City/Culture/Shopping,True,True,3,False,,,,,,,True,True,False,,City/Culture/Shopping,,,,False,False,5.0,Mid-Range,,High,False,True,False,,No Spend,Package Viewed,Outdoor/Higher-Risk,False,Medium,False,
PS00920,18-24,Solo,Visa-Free/On-Arrival,6.4,Afternoon,April,Checked-Through,4,Mid-Range,Shopping,3,Organic App Search,71.8,High,Indoor Micro-Experience,True,True,3,True,Indoor Micro-Experience,292.0,37.5,True,4.0,4.0,True,True,True,True,Indoor Micro-Experience,Indoor Micro-Experience,6.4,292.0,False,False,4.0,Mid-Range,294.0,High,True,True,True,0.0,Low,Completed,Indoor/Moderate-Risk,False,Medium,True,1.0
PS00921,45-54,Friends/Group,Transit-Visa-Required,4.1,Afternoon,April,Carry-On Only,5,Premium,Shopping,5,Airport Signage,60.0,Medium,Indoor Micro-Experience,True,True,1,False,,,,,,,True,True,False,,Indoor Micro-Experience,,4.1,,False,False,5.0,Premium,155.99999999999997,Medium,False,True,False,,No Spend,Package Viewed,Indoor/Moderate-Risk,False,Low,False,
PS00922,25-34,family with kids,Transit-Visa-Required,10.8,Evening,July,Checked-Through,5,Mid-Range,Shopping,4,Social Media,71.8,High,Indoor Micro-Experience,True,True,2,True,Indoor Micro-Experience,417.0,16.0,True,4.0,4.0,True,True,True,True,Indoor Micro-Experience,Indoor Micro-Experience,10.8,417.0,False,False,5.0,Mid-Range,558.0,High,True,True,True,0.0,Mid,Completed,Indoor/Moderate-Risk,False,Low,True,1.0
PS00923,45-54,Family with kids,Not-Eligible,3.5,Evening,September,Carry-On Only,3,Budget,Relaxation & Wellness,1,Travel Agent,30.0,Low,Stay Airside,True,True,2,False,,,,,,,True,True,False,,Stay Airside,,3.5,,False,False,3.0,Budget,120.0,Low,False,True,False,,No Spend,Package Viewed,Airside/Low-Risk,False,Low,False,
PS00924,45-54,Couple,Transit-Visa-Required,10.8,Night,August,Checked-Through,4,Budget,Shopping,5,Social Media,71.9,High,Indoor Micro-Experience,True,True,2,True,Indoor Micro-Experience,294.0,10.2,True,3.0,3.0,True,True,True,True,Indoor Micro-Experience,Indoor Micro-Experience,10.8,294.0,False,False,4.0,Budget,558.0,High,True,True,True,0.0,Low,Completed,Indoor/Moderate-Risk,False,Low,True,1.0
PS00925,25-34,Solo,Transit-Visa-Required,7.8,Night,November,Checked-Through,5,Mid-Range,Shopping,1,Airport Signage,63.9,Medium,Indoor Micro-Experience,True,True,1,True,Indoor Micro-Experience,296.0,13.7,True,4.0,4.0,True,True,True,True,Indoor Micro-Experience,Indoor Micro-Experience,7.8,296.0,False,False,5.0,Mid-Range,378.0,Medium,True,True,True,0.0,Low,Completed,Indoor/Moderate-Risk,False,Low,True,1.0
PS00926,18-24,Solo,visa-free/on-arrival,11.0,Morning,December,Checked-Through,4,Budget,Culture & Heritage,3,Word of Mouth/Referral,78.7,High,City/Culture/Shopping,True,True,5,True,City/Culture/Shopping,349.0,6.8,True,3.0,2.0,True,True,True,True,City/Culture/Shopping,City/Culture/Shopping,11.0,349.0,False,False,4.0,Budget,570.0,High,True,True,True,0.0,Mid,Completed,Outdoor/Higher-Risk,False,High,False,1.0
PS00927,25-34,Solo,Transit-Visa-Required,8.3,Evening,August,Carry-On Only,3,Mid-Range,Shopping,4,Airline Partner,80.2,High,City/Culture/Shopping,True,no ,2,False,,,,,,,True,False,False,,City/Culture/Shopping,,8.3,,False,False,3.0,Mid-Range,408.00000000000006,High,False,True,False,,No Spend,Package Viewed,Outdoor/Higher-Risk,False,Low,True,
PS00928,35-44,Solo,Not-Eligible,14.3,Afternoon,May,Carry-On Only,,Budget,Relaxation & Wellness,1,Social Media,30.0,Low,Stay Airside,True,True,1,False,,,,,,,True,True,False,,Stay Airside,,14.3,,True,False,,Budget,768.0,Low,False,True,False,,No Spend,Package Viewed,Airside/Low-Risk,False,Low,False,
PS00929,35-44,Solo,Transit-Visa-Required,9.5,Evening,June,Carry-On Only,4,Budget,Family/Indoor,1,Airport Signage,62.2,Medium,Airport Lounge/Relaxation,True,True,5,True,City/Culture/Shopping,328.0,32.7,Y,,3.0,True,True,True,True,Airport Lounge/Relaxation,City/Culture/Shopping,9.5,328.0,False,False,4.0,Budget,480.0,Medium,True,True,True,0.0,Mid,Booked,Airside/Low-Risk,False,High,True,0.0
PS00930,25-34,couple,Visa-Free/On-Arrival,7.9,Afternoon,February,Checked-Through,5,Budget,Active/City,3,Social Media,77.3,High,City/Culture/Shopping,True,True,2,False,,,,,,,True,True,False,,City/Culture/Shopping,,7.9,,False,False,5.0,Budget,384.0,High,False,True,False,,No Spend,Package Viewed,Outdoor/Higher-Risk,False,Low,True,
PS00931,18-24,family with kids,Visa-Free/On-Arrival,2.0,Night,November,Carry-On Only,3,Budget,Shopping,4,Airline Partner,56.3,Medium,Airport Lounge/Relaxation,True,True,2,True,Airport Lounge/Relaxation,198.0,64.0,True,5.0,5.0,True,True,True,True,Airport Lounge/Relaxation,Airport Lounge/Relaxation,2.0,198.0,False,False,3.0,Budget,30.0,Medium,True,True,True,1.0,Low,Completed,Airside/Low-Risk,False,Low,False,1.0
PS00932,45-54,Couple,Visa-Free/On-Arrival,14.6,Evening,March,Carry-On Only,2,Mid-Range,Culture & Heritage,3,Word of Mouth/Referral,87.4,High,City/Culture/Shopping,True,True,2,True,City/Culture/Shopping,315.0,19.7,True,5.0,5.0,True,True,True,True,City/Culture/Shopping,City/Culture/Shopping,14.6,315.0,False,False,2.0,Mid-Range,786.0,High,True,True,True,0.0,Mid,Completed,Outdoor/Higher-Risk,False,Low,True,1.0
PS00933,55+,Solo,Visa-Free/On-Arrival,2.3,Night,May,Checked-Through,3,Budget,Relaxation & Wellness,3,Airline Partner,55.2,Medium,Airport Lounge/Relaxation,True,True,3,True,Airport Lounge/Relaxation,156.0,66.6,True,4.0,4.0,True,True,True,True,Airport Lounge/Relaxation,Airport Lounge/Relaxation,2.3,156.0,False,False,3.0,Budget,48.0,Medium,True,True,True,1.0,Low,Completed,Airside/Low-Risk,False,Medium,False,1.0
PS00934,35-44,Friends/Group,Visa-Free/On-Arrival,2.9,Night,February,Checked-Through,3,Premium,relaxation & wellness,4,Word of Mouth/Referral,71.0,High,Premium Fast-Track/Chauffeur,True,True,3,True,Premium Fast-Track/Chauffeur,1684.0,68.7,False,2.0,2.0,True,True,True,False,Premium Fast-Track/Chauffeur,Premium Fast-Track/Chauffeur,2.9,1684.0,False,False,3.0,Premium,84.0,High,True,True,True,1.0,High,Completed,Outdoor/Higher-Risk,True,Medium,False,1.0
PS00935,18-24,Friends/Group,Transit-Visa-Required,11.6,Night,March,Checked-Through,3,Mid-Range,Shopping,4,Word of Mouth/Referral,77.3,High,City/Culture/Shopping,True,True,2,False,,,,,,,True,True,False,,City/Culture/Shopping,,11.6,,False,False,3.0,Mid-Range,606.0,High,False,True,False,,No Spend,Package Viewed,Outdoor/Higher-Risk,False,Low,True,
PS00936,25-34,Family with kids,TRANSIT-VISA-REQUIRED,7.5,Evening,April,Carry-On Only,4,Mid-Range,Family/Indoor,4,Airport Signage,70.8,High,City/Culture/Shopping,True,True,1,True,City/Culture/Shopping,578.0,31.0,False,4.0,4.0,True,True,True,False,City/Culture/Shopping,City/Culture/Shopping,7.5,578.0,False,False,4.0,Mid-Range,360.0,High,True,True,True,0.0,Mid,Completed,Outdoor/Higher-Risk,False,Low,False,1.0
PS00937,18-24,Friends/Group,Visa-Free/On-Arrival,2.4,Afternoon,June,Checked-Through,,Mid-Range,Relaxation & Wellness,3,Airport Signage,59.7,Medium,Indoor Micro-Experience,True,True,2,False,,,,,,,True,True,False,,Indoor Micro-Experience,,2.4,,True,False,,Mid-Range,54.0,Medium,False,True,False,,No Spend,Package Viewed,Indoor/Moderate-Risk,False,Low,False,
PS00938,55+,Couple,Transit-Visa-Required,5.0,Morning,May,Carry-On Only,4,Mid-Range,Shopping,1,Travel Agent,57.2,Medium,Indoor Micro-Experience,True,True,4,True,Indoor Micro-Experience,375.0,44.0,True,4.0,,True,True,True,True,Indoor Micro-Experience,Indoor Micro-Experience,5.0,375.0,False,False,4.0,Mid-Range,210.0,Medium,True,True,True,0.0,Mid,Completed,Indoor/Moderate-Risk,False,Medium,True,1.0
PS00939,18-24,Friends/Group,Visa-Free/On-Arrival,14.2,Afternoon,October,Checked-Through,3,Budget,Relaxation & Wellness,2,Airline Partner,81.2,High,City/Culture/Shopping,Yes,True,5,True,City/Culture/Shopping,384.0,9.6,True,5.0,5.0,True,True,True,True,City/Culture/Shopping,City/Culture/Shopping,14.2,384.0,False,False,3.0,Budget,762.0,High,True,True,True,0.0,Mid,Completed,Outdoor/Higher-Risk,False,High,True,1.0
PS00940,35-44,Solo,Visa-Free/On-Arrival,8.1,Morning,April,Checked-Through,5,Premium,Culture & Heritage,4,Airline Partner,84.6,High,Premium Fast-Track/Chauffeur,True,True,1,False,,,,,,,True,True,False,,Premium Fast-Track/Chauffeur,,8.1,,False,False,5.0,Premium,396.0,High,False,True,False,,No Spend,Package Viewed,Outdoor/Higher-Risk,False,Low,True,
PS00941,25-34,Solo,Visa-Free/On-Arrival,7.6,Afternoon,February,Checked-Through,3,Mid-Range,Active/City,4,Airline Partner,82.1,High,City/Culture/Shopping,True,True,4,True,City/Culture/Shopping,,38.2,True,4.0,4.0,True,True,True,True,City/Culture/Shopping,City/Culture/Shopping,7.6,,False,False,3.0,Mid-Range,366.0,High,True,True,True,0.0,No Spend,Completed,Outdoor/Higher-Risk,False,Medium,True,1.0
PS00942,35-44,Solo,Visa-Free/On-Arrival,4.6,Afternoon,December,Carry-On Only,2,,Family/Indoor,5,Social Media,73.9,High,City/Culture/Shopping,True,True,0,True,City/Culture/Shopping,397.0,48.6,True,4.0,4.0,True,True,True,True,City/Culture/Shopping,City/Culture/Shopping,4.6,397.0,False,True,2.0,Unknown,186.0,High,True,False,True,0.0,Mid,Completed,Outdoor/Higher-Risk,False,None,True,1.0
PS00943,35-44,Solo,Visa-Free/On-Arrival,11.8,Afternoon,November,Checked-Through,3,Mid-Range,Shopping,2,Airline Partner,83.0,High,City/Culture/Shopping,True,True,1,True,Culture & Shopping,579.0,14.2,True,3.0,2.0,True,True,True,True,City/Culture/Shopping,City/Culture/Shopping,11.8,579.0,False,False,3.0,Mid-Range,618.0,High,True,True,True,0.0,Mid,Completed,Outdoor/Higher-Risk,False,Low,True,1.0
PS00944,45-54,Solo,Visa-Free/On-Arrival,6.9,Night,May,Checked-Through,4,Mid-Range,Culture & Heritage,2,Airport Signage,78.0,High,City/Culture/Shopping,True,False,1,False,,,,,,,True,False,False,,City/Culture/Shopping,,6.9,,False,False,4.0,Mid-Range,324.0,High,False,True,False,,No Spend,Package Viewed,Outdoor/Higher-Risk,False,Low,True,
PS00945,25-34,Couple,Visa-Free/On-Arrival,10.6,Night,May,Carry-On Only,4,Budget,Active/City,2,Social Media,75.9,High,Indoor Micro-Experience,True,True,3,True,Indoor Micro-Experience,309.0,2.8,yes ,4.0,4.0,True,True,True,True,Indoor Micro-Experience,Indoor Micro-Experience,10.6,309.0,False,False,4.0,Budget,546.0,High,True,True,True,0.0,Mid,Completed,Indoor/Moderate-Risk,False,Medium,True,1.0
PS00946,18-24,Family with kids,Transit-Visa-Required,4.3,Morning,November,Checked-Through,5,Premium,Relaxation & Wellness,2,Airline Partner,57.6,Medium,Indoor Micro-Experience,True,True,2,N,,,,,,,True,True,False,,Indoor Micro-Experience,,4.3,,False,False,5.0,Premium,168.0,Medium,False,True,False,,No Spend,Package Viewed,Indoor/Moderate-Risk,False,Low,False,
PS00947,18-24,Couple,Visa-Free/On-Arrival,21.8,Afternoon,July,Checked-Through,3,Budget,Culture & Heritage,3,Airline Partner,80.0,High,City/Culture/Shopping,True,True,2,True,City/Culture/Shopping,297.0,12.3,True,4.0,5.0,True,True,True,True,City/Culture/Shopping,City/Culture/Shopping,21.8,297.0,False,False,3.0,Budget,1218.0,High,True,True,True,0.0,Low,Completed,Outdoor/Higher-Risk,False,Low,True,1.0
PS00948,55+,Solo,Transit-Visa-Required,15.6,Afternoon,January,Checked-Through,2,Mid-Range,Family/Indoor,5,Organic App Search,77.6,High,City/Culture/Shopping,True,True,0,True,City/Culture/Shopping,599.0,21.3,True,4.0,3.0,True,True,True,True,City/Culture/Shopping,City/Culture/Shopping,15.6,599.0,False,False,2.0,Mid-Range,846.0,High,True,False,True,0.0,Mid,Completed,Outdoor/Higher-Risk,False,None,True,1.0
PS00949,45-54,Family with kids,Transit-Visa-Required,8.1,Afternoon,April,Checked-Through,1,Premium,Family/Indoor,3,Travel Agent,86.1,High,Premium Fast-Track/Chauffeur,True,True,1,True,Premium Fast-Track/Chauffeur,1978.0,27.0,False,3.0,3.0,True,True,True,False,Premium Fast-Track/Chauffeur,Premium Fast-Track/Chauffeur,8.1,1978.0,False,False,1.0,Premium,396.0,High,True,True,True,0.0,High,Completed,Outdoor/Higher-Risk,False,Low,True,1.0
PS00950,35-44,Couple,Transit-Visa-Required,9.1,Evening,November,Checked-Through,4,Budget,Shopping,3,Airport Signage,68.7,Medium,airport lounge/relaxation,True,True,4,True,Airport Lounge/Relaxation,168.0,14.9,True,5.0,4.0,True,True,True,True,Airport Lounge/Relaxation,Airport Lounge/Relaxation,9.1,168.0,False,False,4.0,Budget,456.0,Medium,True,True,True,0.0,Low,Completed,Airside/Low-Risk,False,Medium,True,1.0
PS00951,35-44,Solo,Not-Eligible,5.1,Afternoon,May,Checked-Through,4,Budget,Shopping,4,Airline Partner,30.0,Low,Stay Airside,True,0,1,False,,,,,,,True,False,False,,Stay Airside,,5.1,,False,False,4.0,Budget,216.0,Low,False,True,False,,No Spend,Package Viewed,Airside/Low-Risk,False,Low,False,
PS00952,35-44,Family with kids,Visa-Free/On-Arrival,11.1,Evening,August,Checked-Through,3,Budget,Family/Indoor,1,Social Media,75.8,High,City/Culture/Shopping,True,True,3,True,City/Culture/Shopping,383.0,17.0,True,4.0,4.0,True,True,True,True,City/Culture/Shopping,City/Culture/Shopping,11.1,383.0,False,False,3.0,Budget,576.0,High,True,True,True,0.0,Mid,Completed,Outdoor/Higher-Risk,False,Medium,True,1.0
PS00953,18-24,Solo,Visa-Free/On-Arrival,2.0,Night,December,Checked-Through,3,Budget,Culture & Heritage,4,Airline Partner,64.8,Medium,Airport Lounge/Relaxation,True,TRUE,4,True,Airport Lounge/Relaxation,161.0,61.9,True,4.0,3.0,True,True,True,True,Airport Lounge/Relaxation,Airport Lounge/Relaxation,2.0,161.0,False,False,3.0,Budget,30.0,Medium,True,True,True,1.0,Low,Completed,Airside/Low-Risk,False,Medium,False,1.0
PS00954,55+,Solo,Not-Eligible,17.9,Evening,December,Needs Storage,5,Budget,Shopping,4,Organic App Search,30.0,Low,stay airside,True,True,3,False,,,,,,,True,True,False,,Stay Airside,,17.9,,False,False,5.0,Budget,984.0,Low,False,True,False,,No Spend,Package Viewed,Airside/Low-Risk,False,Medium,False,
PS00955,25-34,Friends/Group,Visa-Free/On-Arrival,10.7,Morning,August,Checked-Through,5,Premium,RELAXATION & WELLNESS,2,Travel Agent,80.0,High,Premium Fast-Track/Chauffeur,True,True,3,True,Premium Fast-Track/Chauffeur,1022.0,16.4,True,4.0,4.0,True,True,True,True,Premium Fast-Track/Chauffeur,Premium Fast-Track/Chauffeur,10.7,1022.0,False,False,5.0,Premium,552.0,High,True,True,True,0.0,High,Completed,Outdoor/Higher-Risk,True,Medium,True,1.0
PS00956,25-34,Solo,Transit-Visa-Required,3.8,Evening,January,Checked-Through,2,Premium,Family/Indoor,4,Organic App Search,70.9,High,Premium Fast-Track/Chauffeur,True,True,2,True,Premium Fast-Track/Chauffeur,2775.0,52.2,False,2.0,2.0,True,True,True,False,Premium Fast-Track/Chauffeur,Premium Fast-Track/Chauffeur,3.8,2775.0,False,False,2.0,Premium,138.0,High,True,True,True,0.0,High,Completed,Outdoor/Higher-Risk,True,Low,False,1.0
PS00957,35-44,Couple,Transit-Visa-Required,17.6,Afternoon,May,Checked-Through,4,Mid-Range,Culture & Heritage,3,Word of Mouth/Referral,64.3,Medium,INDOOR MICRO-EXPERIENCE,True,True,1,False,,,,,,,True,True,False,,Indoor Micro-Experience,,17.6,,False,False,4.0,Mid-Range,966.0,Medium,False,True,False,,No Spend,Package Viewed,Indoor/Moderate-Risk,False,Low,True,
PS00958,18-24,Friends/Group,Transit-Visa-Required,20.8,Afternoon,October,Checked-Through,4,Budget,Shopping,1,Social Media,68.2,Medium,Airport Lounge/Relaxation,True,True,3,True,Airport Lounge/Relaxation,182.0,1.0,True,5.0,5.0,True,True,True,True,Airport Lounge/Relaxation,Airport Lounge/Relaxation,20.8,182.0,False,False,4.0,Budget,1158.0,Medium,True,True,True,0.0,Low,Completed,Airside/Low-Risk,False,Medium,True,1.0
PS00959,18-24,Family with kids,NOT-ELIGIBLE,9.4,Morning,January,Needs Storage,2,Premium,Family/Indoor,2,Travel Agent,30.0,Low,Stay Airside,True,True,0,False,,,,,,,True,True,False,,Stay Airside,,9.4,,False,False,2.0,Premium,474.0,Low,False,False,False,,No Spend,Eligibility Checked,Airside/Low-Risk,False,None,False,
PS00960,35-44,Solo,Not-Eligible,4.4,Afternoon,January,carry-on only,3,Mid-Range,Relaxation & Wellness,3,Word of Mouth/Referral,30.0,Low,Stay Airside,Y,True,1,True,Stay Airside,0.0,42.9,True,3.0,2.0,True,True,True,True,Stay Airside,Stay Airside,4.4,0.0,False,False,3.0,Mid-Range,174.0,Low,True,True,True,0.0,Low,Completed,Airside/Low-Risk,False,Low,False,1.0
PS00961,18-24,Solo,Transit-Visa-Required,7.7,Afternoon,February,Checked-Through,2,Budget,Relaxation & Wellness,2,Social Media,71.6,High,City/Culture/Shopping,True,False,2,False,,,,,,,True,False,False,,City/Culture/Shopping,,7.7,,False,False,2.0,Budget,372.0,High,False,True,False,,No Spend,Package Viewed,Outdoor/Higher-Risk,False,Low,True,
PS00962,35-44,Solo,Visa-Free/On-Arrival,10.2,Morning,February,Carry-On Only,2,Mid-Range,Shopping,2,Airline Partner,80.4,High,City/Culture/Shopping,True,yes ,4,True,Airport Lounge/Relaxation,263.0,16.7,True,2.0,1.0,True,True,True,True,City/Culture/Shopping,Airport Lounge/Relaxation,10.2,263.0,False,False,2.0,Mid-Range,522.0,High,True,True,True,0.0,Low,Completed,Outdoor/Higher-Risk,False,Medium,True,0.0
PS00963,25-34,Couple,Transit-Visa-Required,9.0,Evening,September,Checked-Through,4,Budget,Family/Indoor,3,Social Media,73.0,High,City/Culture/Shopping,True,True,2,True,City/Culture/Shopping,503.0,25.3,True,4.0,4.0,True,True,True,True,City/Culture/Shopping,City/Culture/Shopping,9.0,503.0,False,False,4.0,Budget,450.0,High,True,True,True,0.0,Mid,Completed,Outdoor/Higher-Risk,False,Low,True,1.0
PS00964,25-34,Couple,Visa-Free/On-Arrival,3.8,Evening,April,NEEDS STORAGE,3,Premium,Active/City,3,Airline Partner,69.0,Medium,Indoor Micro-Experience,True,True,0,False,,,,,,,True,True,False,,Indoor Micro-Experience,,3.8,,False,False,3.0,Premium,138.0,Medium,False,False,False,,No Spend,Eligibility Checked,Indoor/Moderate-Risk,False,None,False,
PS00965,25-34,Solo,Visa-Free/On-Arrival,10.1,Morning,March,Needs Storage,3,,Culture & Heritage,4,Travel Agent,81.5,High,City/Culture/Shopping,True,False,2,False,,,,,,,True,False,False,,City/Culture/Shopping,,10.1,,False,True,3.0,Unknown,516.0,High,False,True,False,,No Spend,Package Viewed,Outdoor/Higher-Risk,False,Low,True,
PS00966,25-34,Friends/Group,Not-Eligible,14.1,Morning,November,Carry-On Only,3,Mid-Range,Shopping,5,Travel Agent,30.0,Low,Stay Airside,True,False,2,False,,,,,,,True,False,False,,Stay Airside,,14.1,,False,False,3.0,Mid-Range,756.0,Low,False,True,False,,No Spend,Package Viewed,Airside/Low-Risk,False,Low,False,
PS00967,35-44,Couple,Visa-Free/On-Arrival,3.2,Night,January,Checked-Through,1,Mid-Range,Relaxation & Wellness,4,Organic App Search,82.6,High,City/Culture/Shopping,1,True,1,False,,,,,,,True,True,False,,City/Culture/Shopping,,3.2,,False,False,1.0,Mid-Range,102.0,High,False,True,False,,No Spend,Package Viewed,Outdoor/Higher-Risk,False,Low,False,
PS00968,25-34,Solo,Visa-Free/On-Arrival,3.4,Morning,December,Checked-Through,4,Mid-Range,Shopping,3,Social Media,64.0,Medium,indoor micro-experience,True,True,0,False,,,,,,,True,True,False,,Indoor Micro-Experience,,3.4,,False,False,4.0,Mid-Range,114.0,Medium,False,False,False,,No Spend,Eligibility Checked,Indoor/Moderate-Risk,False,None,False,
PS00969,35-44,Couple,Visa-Free/On-Arrival,4.9,Night,February,Checked-Through,3,Budget,Culture & Heritage,4,Word of Mouth/Referral,71.4,High,Culture & Shopping,True,True,1,False,,,,,,,True,True,False,,City/Culture/Shopping,,4.9,,False,False,3.0,Budget,204.0,High,False,True,False,,No Spend,Package Viewed,Outdoor/Higher-Risk,False,Low,True,
PS00970,25-34,Family with kids,Transit-Visa-Required,6.5,Evening,June,Checked-Through,3,Mid-Range,Shopping,4,Airport Signage,69.0,Medium,Indoor Micro-Experience,True,True,1,False,,,,,,,True,True,False,,Indoor Micro-Experience,,6.5,,False,False,3.0,Mid-Range,300.0,Medium,False,True,False,,No Spend,Package Viewed,Indoor/Moderate-Risk,False,Low,True,
PS00971,35-44,Solo,Visa-Free/On-Arrival,12.0,Afternoon,September,CHECKED-THROUGH,5,Premium,Culture & Heritage,2,Airport Signage,72.5,High,Indoor Micro-Experience,True,True,3,False,,,,,,,True,True,False,,Indoor Micro-Experience,,12.0,,False,False,5.0,Premium,630.0,High,False,True,False,,No Spend,Package Viewed,Indoor/Moderate-Risk,True,Medium,True,
PS00972,55+,Solo,Transit-Visa-Required,14.0,Morning,May,Needs Storage,3,Budget,Culture & Heritage,3,Organic App Search,66.1,Medium,Airport Lounge/Relaxation,True,True,2,False,,,,,,,True,True,False,,Airport Lounge/Relaxation,,14.0,,False,False,3.0,Budget,750.0,Medium,False,True,False,,No Spend,Package Viewed,Airside/Low-Risk,False,Low,True,
PS00973,35-44,Family with kids,Visa-Free/On-Arrival,4.3,Morning,April,Checked-Through,4,Premium,Shopping,4,Word of Mouth/Referral,73.0,High,Premium Fast-Track/Chauffeur,Y,0,4,No,,,,,,,True,False,False,,Premium Fast-Track/Chauffeur,,4.3,,False,False,4.0,Premium,168.0,High,False,True,False,,No Spend,Package Viewed,Outdoor/Higher-Risk,True,Medium,False,
PS00974,25-34,Couple,Transit-Visa-Required,8.4,Morning,May,Carry-On Only,3,Mid-Range,Active/City,4,Travel Agent,79.6,High,City/Culture/Shopping,True,True,4,True,Indoor Micro-Experience,377.0,23.6,True,2.0,2.0,True,True,True,True,City/Culture/Shopping,Indoor Micro-Experience,8.4,377.0,False,False,3.0,Mid-Range,414.0,High,True,True,True,0.0,Mid,Completed,Outdoor/Higher-Risk,False,Medium,True,0.0
PS00975,18-24,Couple,Transit-Visa-Required,13.7,Morning,September,Carry-On Only,5,Budget,Family/Indoor,5,Airport Signage,71.8,High,City/Culture/Shopping,True,True,0,True,City/Culture/Shopping,431.0,4.3,True,4.0,4.0,True,True,True,True,City/Culture/Shopping,City/Culture/Shopping,13.7,431.0,False,False,5.0,Budget,732.0,High,True,False,True,0.0,Mid,Completed,Outdoor/Higher-Risk,False,None,True,1.0
PS00976,25-34,Couple,Visa-Free/On-Arrival,22.5,Evening,December,Needs Storage,4,Mid-Range,Family/Indoor,4,Travel Agent,83.0,High,City/Culture/Shopping,True,True,5,True,City/Culture/Shopping,583.0,11.8,True,4.0,4.0,True,True,True,True,City/Culture/Shopping,City/Culture/Shopping,22.5,583.0,False,False,4.0,Mid-Range,1260.0,High,True,True,True,0.0,Mid,Completed,Outdoor/Higher-Risk,False,High,True,1.0
PS00977,35-44,Solo,Visa-Free/On-Arrival,8.4,Morning,July,Checked-Through,2,Premium,Culture & Heritage,5,Word of Mouth/Referral,97.2,High,Premium Fast-Track/Chauffeur,True,yes ,3,True,Stay Airside,0.0,19.6,True,4.0,4.0,True,True,True,True,Premium Fast-Track/Chauffeur,Stay Airside,8.4,0.0,False,False,2.0,Premium,414.0,High,True,True,True,0.0,Low,Completed,Outdoor/Higher-Risk,True,Medium,True,0.0
PS00978,18-24,Solo,Visa-Free/On-Arrival,8.7,Afternoon,August,Checked-Through,4,Mid-Range,Relaxation & Wellness,1,Airline Partner,71.3,High,Indoor Micro-Experience,True,True,2,True,Indoor Micro-Experience,353.0,27.2,True,4.0,4.0,True,True,True,True,Indoor Micro-Experience,Indoor Micro-Experience,8.7,353.0,False,False,4.0,Mid-Range,432.0,High,True,True,True,0.0,Mid,Completed,Indoor/Moderate-Risk,False,Low,True,1.0
PS00979,25-34,COUPLE,Not-Eligible,9.4,Evening,April,Carry-On Only,1,Mid-Range,Culture & Heritage,3,Travel Agent,30.0,Low,Stay Airside,True,False,2,False,,,,,,,True,False,False,,Stay Airside,,9.4,,False,False,1.0,Mid-Range,474.0,Low,False,True,False,,No Spend,Package Viewed,Airside/Low-Risk,False,Low,False,
PS00980,35-44,Solo,Transit-Visa-Required,6.1,Afternoon,November,Carry-On Only,5,Mid-Range,Relaxation & Wellness,5,Airport Signage,70.1,High,Indoor Micro-Experience,True,True,4,True,INDOOR MICRO-EXPERIENCE,314.0,34.5,False,3.0,3.0,True,True,True,False,Indoor Micro-Experience,Indoor Micro-Experience,6.1,314.0,False,False,5.0,Mid-Range,276.0,High,True,True,True,0.0,Mid,Completed,Indoor/Moderate-Risk,False,Medium,True,1.0
PS00981,25-34,Solo,Not-Eligible,8.0,Morning,August,Needs Storage,3,Mid-Range,Relaxation & Wellness,2,Airline Partner,30.0,Low,Stay Airside,True,True,1,False,,,,,,,True,True,False,,Stay Airside,,8.0,,False,False,3.0,Mid-Range,390.0,Low,False,True,False,,No Spend,Package Viewed,Airside/Low-Risk,False,Low,False,
PS00982,45-54,Family with kids,Visa-Free/On-Arrival,2.0,Morning,June,Carry-On Only,4,Budget,Relaxation & Wellness,2,Word of Mouth/Referral,49.7,Medium,Airport Lounge/Relaxation,True,True,2,No,,,,,,,True,True,False,,Airport Lounge/Relaxation,,2.0,,False,False,4.0,Budget,30.0,Medium,False,True,False,,No Spend,Package Viewed,Airside/Low-Risk,False,Low,False,
PS00983,18-24,Friends/Group,Transit-Visa-Required,5.1,Morning,May,Checked-Through,3,Budget,Family/Indoor,3,Airline Partner,61.1,Medium,Airport Lounge/Relaxation,Yes,True,3,True,Premium Fast-Track/Chauffeur,2011.0,49.3,True,2.0,2.0,True,True,True,True,Airport Lounge/Relaxation,Premium Fast-Track/Chauffeur,5.1,2011.0,False,False,3.0,Budget,216.0,Medium,True,True,True,0.0,High,Completed,Airside/Low-Risk,False,Medium,True,0.0
PS00984,18-24,Family with kids,Transit-Visa-Required,10.0,Evening,December,Checked-Through,4,Budget,Relaxation & Wellness,4,Airport Signage,68.4,Medium,Airport Lounge/Relaxation,True,True,6,True,Airport Lounge/Relaxation,136.0,14.4,True,4.0,5.0,True,True,True,True,Airport Lounge/Relaxation,Airport Lounge/Relaxation,10.0,136.0,False,False,4.0,Budget,510.0,Medium,True,True,True,0.0,Low,Completed,Airside/Low-Risk,False,High,True,1.0
PS00985,35-44,Friends/Group,Transit-Visa-Required,4.1,Afternoon,July,Checked-Through,5,Budget,Family/Indoor,1,Word of Mouth/Referral,41.3,Medium,Airport Lounge/Relaxation,True,yes ,3,True,Airport Lounge/Relaxation,155.0,39.4,True,3.0,3.0,True,True,True,True,Airport Lounge/Relaxation,Airport Lounge/Relaxation,4.1,155.0,False,False,5.0,Budget,155.99999999999997,Medium,True,True,True,0.0,Low,Completed,Airside/Low-Risk,False,Medium,False,1.0
PS00986,25-34,Solo,Not-Eligible,12.1,Evening,June,Carry-On Only,5,Budget,Shopping,4,Travel Agent,30.0,Low,Stay Airside,True,True,1,False,,,,,,,True,True,False,,Stay Airside,,12.1,,False,False,5.0,Budget,636.0,Low,False,True,False,,No Spend,Package Viewed,Airside/Low-Risk,False,Low,False,
PS00987,35-44,Friends/Group,visa-free/on-arrival,2.1,Afternoon,March,Carry-On Only,2,Mid-Range,Shopping,2,Airport Signage,55.2,Medium,Indoor Micro-Experience,True,TRUE,2,True,indoor micro-experience,318.0,56.1,True,3.0,4.0,True,True,True,True,Indoor Micro-Experience,Indoor Micro-Experience,2.1,318.0,False,False,2.0,Mid-Range,36.0,Medium,True,True,True,1.0,Mid,Completed,Indoor/Moderate-Risk,False,Low,False,1.0
PS00988,25-34,Solo,VISA-FREE/ON-ARRIVAL,11.9,Afternoon,May,Carry-On Only,3,Mid-Range,Active/City,3,Organic App Search,76.0,High,City/Culture/Shopping,True,True,3,True,City / Culture / Shopping,535.0,16.5,True,5.0,5.0,True,True,True,True,City/Culture/Shopping,City/Culture/Shopping,11.9,535.0,False,False,3.0,Mid-Range,624.0,High,True,True,True,0.0,Mid,Completed,Outdoor/Higher-Risk,False,Medium,False,1.0
PS00989,25-34,Friends/Group,Transit-Visa-Required,11.9,Afternoon,September,Needs Storage,3,Budget,Shopping,5,Airline Partner,72.8,High,CITY/CULTURE/SHOPPING,True,True,1,Yes,City/Culture/Shopping,485.0,14.3,True,4.0,4.0,True,True,True,True,City/Culture/Shopping,City/Culture/Shopping,11.9,485.0,False,False,3.0,Budget,624.0,High,True,True,True,0.0,Mid,Completed,Outdoor/Higher-Risk,False,Low,True,1.0
PS00990,45-54,Friends/Group,Transit-Visa-Required,22.7,Evening,July,Carry-On Only,3,Budget,Relaxation & Wellness,2,Organic App Search,69.9,High,City/Culture/Shopping,True,True,2,True,City/Culture/Shopping,,14.5,True,4.0,4.0,True,True,True,True,City/Culture/Shopping,City/Culture/Shopping,22.7,,False,False,3.0,Budget,1272.0,High,True,True,True,0.0,No Spend,Completed,Outdoor/Higher-Risk,False,Low,True,1.0
PS00991,45-54,Family with kids,Transit-Visa-Required,6.0,Morning,December,Checked-Through,3,Budget,Shopping,1,Travel Agent,61.4,Medium,Airport Lounge/Relaxation,True,True,1,True,Airport Lounge/Relaxation,164.0,32.4,TRUE,4.0,4.0,True,True,True,True,Airport Lounge/Relaxation,Airport Lounge/Relaxation,6.0,164.0,False,False,3.0,Budget,270.0,Medium,True,True,True,0.0,Low,Completed,Airside/Low-Risk,False,Low,True,1.0
PS00992,35-44,Friends/Group,Visa-Free/On-Arrival,7.5,Morning,April,Checked-Through,3,Budget,Culture & Heritage,3,Airport Signage,77.4,High,City / Culture / Shopping,True,True,2,False,,,,,,,True,True,False,,City/Culture/Shopping,,7.5,,False,False,3.0,Budget,360.0,High,False,True,False,,No Spend,Package Viewed,Outdoor/Higher-Risk,False,Low,True,
PS00993,25-34,Couple,Visa-Free/On-Arrival,16.9,Evening,July,Needs Storage,,Budget,Relaxation & Wellness,3,Airline Partner,78.3,High,City/Culture/Shopping,True,True,2,True,City/Culture/Shopping,345.0,6.8,True,5.0,5.0,True,True,True,True,City/Culture/Shopping,City/Culture/Shopping,16.9,345.0,True,False,,Budget,923.9999999999999,High,True,True,True,0.0,Mid,Completed,Outdoor/Higher-Risk,False,Low,True,1.0
PS00994,35-44,Solo,visa-free/on-arrival,15.7,Afternoon,May,Checked-Through,,Mid-Range,Shopping,2,Airport Signage,81.4,High,City/Culture/Shopping,True,True,2,False,,,,,,,True,True,False,,City/Culture/Shopping,,15.7,,True,False,,Mid-Range,852.0,High,False,True,False,,No Spend,Package Viewed,Outdoor/Higher-Risk,False,Low,False,
PS00995,25-34,Couple,Visa-Free/On-Arrival,13.2,Afternoon,November,Checked-Through,3,Budget,Relaxation & Wellness,3,Airline Partner,81.6,High,City/Culture/Shopping,True,True,3,True,City/Culture/Shopping,422.0,16.4,True,5.0,5.0,True,True,True,True,City/Culture/Shopping,City/Culture/Shopping,13.2,422.0,False,False,3.0,Budget,702.0,High,True,True,True,0.0,Mid,Completed,Outdoor/Higher-Risk,False,Medium,True,1.0
PS00996,18-24,Couple,Transit-Visa-Required,9.1,Evening,February,Checked-Through,2,Mid-Range,Relaxation & Wellness,5,Social Media,84.1,High,City/Culture/Shopping,True,True,2,True,Stay Airside,0.0,15.2,True,3.0,3.0,True,True,True,True,City/Culture/Shopping,Stay Airside,9.1,0.0,False,False,2.0,Mid-Range,456.0,High,True,True,True,0.0,Low,Completed,Outdoor/Higher-Risk,False,Low,True,0.0
PS00997,55+,Solo,Transit-Visa-Required,16.6,Afternoon,June,Checked-Through,2,Mid-Range,Family/Indoor,3,Airport Signage,75.4,High,City / Culture / Shopping,True,True,2,Yes,Indoor Micro-Experience,282.0,0.0,True,4.0,4.0,True,True,True,True,City/Culture/Shopping,Indoor Micro-Experience,16.6,282.0,False,False,2.0,Mid-Range,906.0000000000001,High,True,True,True,0.0,Low,Completed,Outdoor/Higher-Risk,False,Low,True,0.0
PS00998,18-24,Couple,Visa-Free/On-Arrival,26.0,Evening,July,Checked-Through,4,Budget,Family/Indoor,3,Airport Signage,74.6,High,Indoor Micro-Experience,True,True,3,True,Indoor Micro-Experience,306.0,5.5,TRUE,4.0,3.0,True,True,True,True,Indoor Micro-Experience,Indoor Micro-Experience,26.0,306.0,False,False,4.0,Budget,1470.0,High,True,True,True,0.0,Mid,Completed,Indoor/Moderate-Risk,False,Medium,True,1.0
PS00999,55+,Friends/Group,Visa-Free/On-Arrival,10.5,Afternoon,August,Needs Storage,1,Budget,Shopping,3,Word of Mouth/Referral,76.4,High,City/Culture/Shopping,True,True,2,yes ,City/Culture/Shopping,405.0,28.9,True,4.0,4.0,True,True,True,True,City/Culture/Shopping,City/Culture/Shopping,10.5,405.0,False,False,1.0,Budget,540.0,High,True,True,True,0.0,Mid,Completed,Outdoor/Higher-Risk,False,Low,True,1.0
PS01000,25-34,Solo,Visa-Free/On-Arrival,7.7,Evening,June,Needs Storage,3,Budget,Culture & Heritage,3,Airline Partner,76.8,High,City/Culture/Shopping,True,True,2,True,City/Culture/Shopping,436.0,39.8,True,4.0,4.0,True,True,True,True,City/Culture/Shopping,City/Culture/Shopping,7.7,436.0,False,False,3.0,Budget,372.0,High,True,True,True,0.0,Mid,Completed,Outdoor/Higher-Risk,False,Low,True,1.0
PS01001,25-34,Family with kids,Visa-Free/On-Arrival,11.3,Evening,August,Needs Storage,3,Budget,Shopping,1,Social Media,70.8,High,City/Culture/Shopping,True,TRUE,0,True,City/Culture/Shopping,409.0,10.7,True,5.0,5.0,True,True,True,True,City/Culture/Shopping,City/Culture/Shopping,11.3,409.0,False,False,3.0,Budget,588.0,High,True,False,True,0.0,Mid,Completed,Outdoor/Higher-Risk,False,None,True,1.0
PS01002,35-44,Friends/Group,Transit-Visa-Required,8.3,Afternoon,July,Checked-Through,3,Budget,Culture & Heritage,4,Airline Partner,71.3,High,City/Culture/Shopping,Y,True,3,TRUE,City/Culture/Shopping,280.0,34.0,True,,3.0,True,True,True,True,City/Culture/Shopping,City/Culture/Shopping,8.3,280.0,False,False,3.0,Budget,408.00000000000006,High,True,True,True,0.0,Low,Booked,Outdoor/Higher-Risk,False,Medium,True,1.0
PS01003,45-54,Friends/Group,Not-Eligible,6.3,Evening,February,Needs Storage,4,Mid-Range,Active/City,5,Travel Agent,30.0,Low,Stay Airside,True,True,1,True,Stay Airside,0.0,30.2,True,4.0,5.0,True,True,True,True,Stay Airside,Stay Airside,6.3,0.0,False,False,4.0,Mid-Range,288.0,Low,True,True,True,0.0,Low,Completed,Airside/Low-Risk,False,Low,False,1.0
PS01004,35-44,Friends/Group,Visa-Free/On-Arrival,12.2,Night,June,Needs Storage,3,Budget,Family/Indoor,2,Social Media,72.7,High,City/Culture/Shopping,True,True,0,Yes,City/Culture/Shopping,431.0,22.2,True,4.0,4.0,True,True,True,True,City/Culture/Shopping,City/Culture/Shopping,12.2,431.0,False,False,3.0,Budget,642.0,High,True,False,True,0.0,Mid,Completed,Outdoor/Higher-Risk,False,None,True,1.0
PS01005,45-54,Couple,Transit-Visa-Required,5.4,Afternoon,September,Needs Storage,2,Premium,Relaxation & Wellness,4,Word of Mouth/Referral,67.7,Medium,Indoor Micro-Experience,True,True,2,True,Indoor Micro-Experience,305.0,37.0,True,5.0,,True,True,True,True,Indoor Micro-Experience,Indoor Micro-Experience,5.4,305.0,False,False,2.0,Premium,234.0,Medium,True,True,True,0.0,Mid,Completed,Indoor/Moderate-Risk,False,Low,True,1.0
PS01006,35-44,Friends/Group,Not-Eligible,10.4,Afternoon,December,Carry-On Only,,Budget,Family/Indoor,1,Airline Partner,30.0,Low,Stay Airside,True,True,0,False,,,,,,,True,True,False,,Stay Airside,,10.4,,True,False,,Budget,534.0,Low,False,False,False,,No Spend,Eligibility Checked,Airside/Low-Risk,False,None,False,
PS01007,35-44,Family with kids,Transit-Visa-Required,2.5,Evening,June,Carry-On Only,5,Mid-Range,Shopping,4,Airline Partner,47.3,Medium,Indoor Micro-Experience,True,True,2,True,Indoor Micro-Experience,328.0,66.5,True,4.0,3.0,True,True,True,True,Indoor Micro-Experience,Indoor Micro-Experience,2.5,328.0,False,False,5.0,Mid-Range,60.0,Medium,True,True,True,1.0,Mid,Completed,Indoor/Moderate-Risk,False,Low,False,1.0
PS01008,45-54,Solo,Visa-Free/On-Arrival,18.3,Evening,April,Checked-Through,1,Mid-Range,Family/Indoor,3,Airline Partner,89.0,High,City/Culture/Shopping,True,True,3,True,Premium Fast-Track/Chauffeur,1509.0,4.0,yes ,3.0,3.0,True,True,True,True,City/Culture/Shopping,Premium Fast-Track/Chauffeur,18.3,1509.0,False,False,1.0,Mid-Range,1008.0,High,True,True,True,0.0,High,Completed,Outdoor/Higher-Risk,False,Medium,True,0.0
PS01009,25-34,Couple,NOT-ELIGIBLE,4.5,Morning,July,Needs Storage,3,Budget,Relaxation & Wellness,3,Airline Partner,30.0,Low,Stay Airside,True,1,2,False,,,,,,,True,True,False,,Stay Airside,,4.5,,False,False,3.0,Budget,180.0,Low,False,True,False,,No Spend,Package Viewed,Airside/Low-Risk,False,Low,False,
PS01010,25-34,family with kids,Visa-Free/On-Arrival,2.9,Night,March,Checked-Through,3,Budget,Shopping,3,Airline Partner,61.0,Medium,Airport Lounge/Relaxation,True,True,0,False,,,,,,,True,True,False,,Airport Lounge/Relaxation,,2.9,,False,False,3.0,Budget,84.0,Medium,False,False,False,,No Spend,Eligibility Checked,Airside/Low-Risk,False,None,False,
PS01011,25-34,Solo,Visa-Free/On-Arrival,15.4,Morning,May,Checked-Through,2,Mid-Range,Relaxation & Wellness,2,Social Media,87.5,High,City/Culture/Shopping,True,False,0,True,city/culture/shopping,335.0,15.7,True,4.0,4.0,True,False,True,True,City/Culture/Shopping,City/Culture/Shopping,15.4,335.0,False,False,2.0,Mid-Range,834.0,High,True,False,True,0.0,Mid,Completed,Outdoor/Higher-Risk,False,None,True,1.0
PS01012,55+,Couple,Visa-Free/On-Arrival,17.0,Evening,January,Needs Storage,3,Premium,Family/Indoor,4,Social Media,84.8,High,Premium Fast-Track/Chauffeur,True,True,3,True,Premium Fast-Track/Chauffeur,980.0,13.2,True,4.0,,True,True,True,True,Premium Fast-Track/Chauffeur,Premium Fast-Track/Chauffeur,17.0,980.0,False,False,3.0,Premium,930.0,High,True,True,True,0.0,High,Completed,Outdoor/Higher-Risk,True,Medium,True,1.0
PS01013,55+,Family with kids,Visa-Free/On-Arrival,9.0,Evening,October,Checked-Through,4,Budget,Shopping,3,Word of Mouth/Referral,78.1,High,City/Culture/Shopping,True,True,4,True,City/Culture/Shopping,273.0,34.8,False,3.0,3.0,True,True,True,False,City/Culture/Shopping,City/Culture/Shopping,9.0,273.0,False,False,4.0,Budget,450.0,High,True,True,True,0.0,Low,Completed,Outdoor/Higher-Risk,False,Medium,True,1.0
PS01014,18-24,Solo,Visa-Free/On-Arrival,7.0,Night,March,Checked-Through,2,Budget,Family/Indoor,2,Airport Signage,77.6,High,City/Culture/Shopping,True,yes ,2,True,Premium Fast-Track/Chauffeur,1325.0,40.8,True,3.0,3.0,True,True,True,True,City/Culture/Shopping,Premium Fast-Track/Chauffeur,7.0,1325.0,False,False,2.0,Budget,330.0,High,True,True,True,0.0,High,Completed,Outdoor/Higher-Risk,False,Low,True,0.0
PS01015,35-44,Couple,Visa-Free/On-Arrival,6.0,Morning,August,Needs Storage,5,Budget,Culture & Heritage,5,Social Media,78.5,High,City/Culture/Shopping,yes ,False,4,False,,,,,,,True,False,False,,City/Culture/Shopping,,6.0,,False,False,5.0,Budget,270.0,High,False,True,False,,No Spend,Package Viewed,Outdoor/Higher-Risk,False,Medium,True,
PS01016,55+,Family with kids,Visa-Free/On-Arrival,8.7,Evening,September,Needs Storage,3,Budget,Culture & Heritage,1,Organic App Search,71.0,High,City/Culture/Shopping,Yes,True,2,True,City/Culture/Shopping,316.0,23.2,True,5.0,4.0,True,True,True,True,City/Culture/Shopping,City/Culture/Shopping,8.7,316.0,False,False,3.0,Budget,432.0,High,True,True,True,0.0,Mid,Completed,Outdoor/Higher-Risk,False,Low,True,1.0
PS01017,25-34,Couple,TRANSIT-VISA-REQUIRED,7.3,Afternoon,September,Checked-Through,,Premium,Relaxation & Wellness,4,Social Media,83.5,High,Premium Fast-Track/Chauffeur,True,True,3,True,Premium Fast-Track/Chauffeur,1101.0,35.2,TRUE,3.0,2.0,True,True,True,True,Premium Fast-Track/Chauffeur,Premium Fast-Track/Chauffeur,7.3,1101.0,True,False,,Premium,348.0,High,True,True,True,0.0,High,Completed,Outdoor/Higher-Risk,True,Medium,False,1.0
PS01018,35-44,Solo,Transit-Visa-Required,6.7,Afternoon,October,Needs Storage,4,Mid-Range,Active/City,3,Social Media,66.1,Medium,Indoor Micro-Experience,True,True,2,False,,,,,,,True,True,False,,Indoor Micro-Experience,,6.7,,False,False,4.0,Mid-Range,312.0,Medium,False,True,False,,No Spend,Package Viewed,Indoor/Moderate-Risk,False,Low,True,
PS01019,55+,Solo,Visa-Free/On-Arrival,4.1,Morning,February,Checked-Through,1,Budget,Relaxation & Wellness,3,Organic App Search,76.2,High,  City/Culture/Shopping ,True,True,3,False,,,,,,,True,True,False,,City/Culture/Shopping,,4.1,,False,False,1.0,Budget,155.99999999999997,High,False,True,False,,No Spend,Package Viewed,Outdoor/Higher-Risk,False,Medium,False,
PS01020,18-24,Solo,Transit-Visa-Required,3.4,Evening,April,Checked-Through,3,Budget,Relaxation & Wellness,2,Organic App Search,54.8,Medium,Airport Lounge/Relaxation,True,True,0,False,,,,,,,True,True,False,,Airport Lounge/Relaxation,,3.4,,False,False,3.0,Budget,114.0,Medium,False,False,False,,No Spend,Eligibility Checked,Airside/Low-Risk,False,None,False,
PS01021,35-44,Friends/Group,Transit-Visa-Required,7.9,Afternoon,May,Checked-Through,3,Budget,Active/City,3,Airport Signage,72.8,High,City/Culture/Shopping,True,True,2,False,,,,,,,True,True,False,,City/Culture/Shopping,,7.9,,False,False,3.0,Budget,384.0,High,False,True,False,,No Spend,Package Viewed,Outdoor/Higher-Risk,False,Low,True,
PS01022,25-34,Solo,Transit-Visa-Required,8.6,Morning,March,Checked-Through,3,Premium,Active/City,1,Social Media,68.4,Medium,Indoor Micro-Experience,True,True,3,False,,,,,,,True,True,False,,Indoor Micro-Experience,,8.6,,False,False,3.0,Premium,426.0,Medium,False,True,False,,No Spend,Package Viewed,Indoor/Moderate-Risk,False,Medium,True,
PS01023,55+,Couple,Visa-Free/On-Arrival,4.6,Evening,November,Checked-Through,3,Premium,shopping,4,Social Media,73.8,High,Premium Fast-Track/Chauffeur,True,True,0,False,,,,,,,True,True,False,,Premium Fast-Track/Chauffeur,,4.6,,False,False,3.0,Premium,186.0,High,False,False,False,,No Spend,Eligibility Checked,Outdoor/Higher-Risk,False,None,True,
PS01024,55+,Solo,transit-visa-required,5.1,Evening,January,Checked-Through,1,Budget,Family/Indoor,4,Travel Agent,68.7,Medium,Airport Lounge/Relaxation,True,True,2,False,,,,,,,True,True,False,,Airport Lounge/Relaxation,,5.1,,False,False,1.0,Budget,216.0,Medium,False,True,False,,No Spend,Package Viewed,Airside/Low-Risk,False,Low,False,
PS01025,55+,Solo,Not-Eligible,8.6,Evening,June,Needs Storage,2,Mid-Range,Shopping,4,Organic App Search,30.0,Low,Stay Airside,True,True,0,False,,,,,,,True,True,False,,Stay Airside,,8.6,,False,False,2.0,Mid-Range,426.0,Low,False,False,False,,No Spend,Eligibility Checked,Airside/Low-Risk,False,None,False,
PS01026,25-34,Family with kids,Transit-Visa-Required,4.1,Night,October,Carry-On Only,2,Premium,Family/Indoor,5,Airport Signage,71.2,High,Premium Fast-Track/Chauffeur,True,True,1,False,,,,,,,True,True,False,,Premium Fast-Track/Chauffeur,,4.1,,False,False,2.0,Premium,155.99999999999997,High,False,True,False,,No Spend,Package Viewed,Outdoor/Higher-Risk,False,Low,False,
PS01027,45-54,Family with kids,Visa-Free/On-Arrival,13.5,Afternoon,February,Needs Storage,5,Budget,Active/City,5,Word of Mouth/Referral,75.0,High,City/Culture/Shopping,True,True,3,True,City/Culture/Shopping,320.0,16.6,True,5.0,5.0,True,True,True,True,City/Culture/Shopping,City/Culture/Shopping,13.5,320.0,False,False,5.0,Budget,720.0,High,True,True,True,0.0,Mid,Completed,Outdoor/Higher-Risk,False,Medium,True,1.0
PS01028,45-54,Solo,Visa-Free/On-Arrival,10.2,Night,September,Carry-On Only,1,Budget,Shopping,3,Travel Agent,78.6,High,City/Culture/Shopping,True,True,2,1,city/culture/shopping,390.0,27.2,True,5.0,4.0,True,True,True,True,City/Culture/Shopping,City/Culture/Shopping,10.2,390.0,False,False,1.0,Budget,522.0,High,True,True,True,0.0,Mid,Completed,Outdoor/Higher-Risk,False,Low,True,1.0
PS01029,25-34,Couple,Transit-Visa-Required,4.6,Night,January,Checked-Through,2,Budget,Family/Indoor,4,Airport Signage,68.5,Medium,Airport Lounge/Relaxation,True,True,0,False,,,,,,,True,True,False,,Airport Lounge/Relaxation,,4.6,,False,False,2.0,Budget,186.0,Medium,False,False,False,,No Spend,Eligibility Checked,Airside/Low-Risk,False,None,True,
PS01030,45-54,Solo,Visa-Free/On-Arrival,9.9,Afternoon,November,Needs Storage,5,Budget,Family/Indoor,1,Word of Mouth/Referral,65.8,Medium,airport lounge/relaxation,True,True,4,True,Airport Lounge/Relaxation,222.0,7.9,True,5.0,5.0,True,True,True,True,Airport Lounge/Relaxation,Airport Lounge/Relaxation,9.9,222.0,False,False,5.0,Budget,504.0,Medium,True,True,True,0.0,Low,Completed,Airside/Low-Risk,False,Medium,True,1.0
PS01031,18-24,Couple,Visa-Free/On-Arrival,4.1,Morning,September,Needs Storage,4,Budget,Shopping,4,Airport Signage,63.0,Medium,  Airport Lounge/Relaxation ,True,True,0,True,Airport Lounge/Relaxation,,43.7,False,4.0,4.0,True,True,True,False,Airport Lounge/Relaxation,Airport Lounge/Relaxation,4.1,,False,False,4.0,Budget,155.99999999999997,Medium,True,False,True,0.0,No Spend,Completed,Airside/Low-Risk,False,None,False,1.0
PS01032,35-44,Family with kids,Visa-Free/On-Arrival,11.9,Afternoon,July,Checked-Through,,Premium,Shopping,4,Airline Partner,92.8,High,Premium Fast-Track/Chauffeur,True,True,2,True,Fast Track Premium,2211.0,2.7,True,4.0,4.0,True,True,True,True,Premium Fast-Track/Chauffeur,Premium Fast-Track/Chauffeur,11.9,2211.0,True,False,,Premium,624.0,High,True,True,True,0.0,High,Completed,Outdoor/Higher-Risk,True,Low,True,1.0
PS01033,25-34,Solo,Transit-Visa-Required,4.3,Afternoon,November,Checked-Through,1,Mid-Range,Family/Indoor,1,Organic App Search,58.8,Medium,Indoor Micro-Experience,True,True,6,True,Indoor Micro-Experience,369.0,49.2,True,4.0,4.0,True,True,True,True,Indoor Micro-Experience,Indoor Micro-Experience,4.3,369.0,False,False,1.0,Mid-Range,168.0,Medium,True,True,True,0.0,Mid,Completed,Indoor/Moderate-Risk,False,High,False,1.0
PS01034,18-24,Solo,Transit-Visa-Required,7.0,Evening,October,Carry-On Only,4,Budget,Shopping,3,Airport Signage,65.0,Medium,Airport Lounge/Relaxation,True,True,0,False,,,,,,,True,True,False,,Airport Lounge/Relaxation,,7.0,,False,False,4.0,Budget,330.0,Medium,False,False,False,,No Spend,Eligibility Checked,Airside/Low-Risk,False,None,True,
PS01035,18-24,Solo,visa-free/on-arrival,8.2,Evening,February,Carry-On Only,,,family/indoor,5,Social Media,87.5,High,City/Culture/Shopping,True,True,5,Yes,City/Culture/Shopping,484.0,35.2,True,4.0,3.0,True,True,True,True,City/Culture/Shopping,City/Culture/Shopping,8.2,484.0,True,True,,Unknown,401.99999999999994,High,True,True,True,0.0,Mid,Completed,Outdoor/Higher-Risk,False,High,False,1.0
PS01036,35-44,Friends/Group,Not-Eligible,16.9,Evening,June,Needs Storage,4,Mid-Range,Family/Indoor,2,Word of Mouth/Referral,30.0,Low,Stay Airside,True,True,0,False,,,,,,,True,True,False,,Stay Airside,,16.9,,False,False,4.0,Mid-Range,923.9999999999999,Low,False,False,False,,No Spend,Eligibility Checked,Airside/Low-Risk,False,None,False,
PS01037,25-34,Friends/Group,Visa-Free/On-Arrival,4.4,Afternoon,August,Checked-Through,5,Budget,Family/Indoor,3,Organic App Search,58.2,Medium,Airport Lounge/Relaxation,True,True,2,False,,,,,,,True,True,False,,Airport Lounge/Relaxation,,4.4,,False,False,5.0,Budget,174.0,Medium,False,True,False,,No Spend,Package Viewed,Airside/Low-Risk,False,Low,False,
PS01038,35-44,Solo,Transit-Visa-Required,4.3,Morning,February,Checked-Through,3,Budget,Shopping,3,Word of Mouth/Referral,61.3,Medium,airport lounge/relaxation,True,True,5,True,Stay Airside,0.0,45.0,True,3.0,4.0,True,True,True,True,Airport Lounge/Relaxation,Stay Airside,4.3,0.0,False,False,3.0,Budget,168.0,Medium,True,True,True,0.0,Low,Completed,Airside/Low-Risk,False,High,False,0.0
PS01039,18-24,Family with kids,Transit-Visa-Required,2.6,Night,May,Carry-On Only,,Budget,Family/Indoor,3,Social Media,53.4,Medium,Airport Lounge/Relaxation,True,True,1,True,Airport Lounge/Relaxation,150.0,56.1,True,4.0,4.0,True,True,True,True,Airport Lounge/Relaxation,Airport Lounge/Relaxation,2.6,150.0,True,False,,Budget,66.0,Medium,True,True,True,1.0,Low,Completed,Airside/Low-Risk,False,Low,False,1.0
PS01040,25-34,Solo,Transit-Visa-Required,19.7,Afternoon,December,Carry-On Only,4,Mid-Range,Shopping,1,Social Media,66.4,Medium,Indoor Micro-Experience,True,True,3,False,,,,,,,True,True,False,,Indoor Micro-Experience,,19.7,,False,False,4.0,Mid-Range,1092.0,Medium,False,True,False,,No Spend,Package Viewed,Indoor/Moderate-Risk,False,Medium,True,
PS01041,35-44,Solo,Not-Eligible,7.6,Night,November,Checked-Through,3,Budget,Active/City,2,Airport Signage,30.0,Low,Stay Airside,True,True,2,False,,,,,,,True,True,False,,Stay Airside,,7.6,,False,False,3.0,Budget,366.0,Low,False,True,False,,No Spend,Package Viewed,Airside/Low-Risk,False,Low,False,
PS01042,45-54,Family with kids,Visa-Free/On-Arrival,13.6,Morning,June,Checked-Through,3,Budget,Culture & Heritage,2,Social Media,80.0,High,City/Culture/Shopping,True,True,0,True,City/Culture/Shopping,376.0,13.4,True,4.0,4.0,True,True,True,True,City/Culture/Shopping,City/Culture/Shopping,13.6,376.0,False,False,3.0,Budget,726.0,High,True,False,True,0.0,Mid,Completed,Outdoor/Higher-Risk,False,None,True,1.0
PS01043,25-34,Friends/Group,Transit-Visa-Required,5.1,Night,March,Carry-On Only,3,Mid-Range,Active/City,5,Organic App Search,67.4,Medium,Indoor Micro-Experience,1,True,2,False,,,,,,,True,True,False,,Indoor Micro-Experience,,5.1,,False,False,3.0,Mid-Range,216.0,Medium,False,True,False,,No Spend,Package Viewed,Indoor/Moderate-Risk,False,Low,True,
PS01044,35-44,Friends/Group,Visa-Free/On-Arrival,5.5,Morning,December,Carry-On Only,4,Budget,Relaxation & Wellness,3,Travel Agent,68.9,Medium,Airport Lounge/Relaxation,True,True,3,False,,,,,,,True,True,False,,Airport Lounge/Relaxation,,5.5,,False,False,4.0,Budget,240.0,Medium,False,True,False,,No Spend,Package Viewed,Airside/Low-Risk,False,Medium,True,
PS01045,45-54,Couple,Transit-Visa-Required,7.3,Morning,February,Checked-Through,3,Premium,Relaxation & Wellness,3,Airline Partner,84.1,High,Premium Fast-Track/Chauffeur,True,True,4,True,Premium Fast-Track/Chauffeur,2249.0,34.7,True,4.0,4.0,True,True,True,True,Premium Fast-Track/Chauffeur,Premium Fast-Track/Chauffeur,7.3,2249.0,False,False,3.0,Premium,348.0,High,True,True,True,0.0,High,Completed,Outdoor/Higher-Risk,True,Medium,True,1.0
PS01046,35-44,Solo,Transit-Visa-Required,7.4,Morning,November,Checked-Through,5,Mid-Range,Culture & Heritage,3,Airline Partner,71.6,High,City/Culture/Shopping,True,True,4,True,Culture & Shopping,456.0,37.4,TRUE,4.0,4.0,True,True,True,True,City/Culture/Shopping,City/Culture/Shopping,7.4,456.0,False,False,5.0,Mid-Range,354.0,High,True,True,True,0.0,Mid,Completed,Outdoor/Higher-Risk,False,Medium,True,1.0
PS01047,25-34,Family with kids,Transit-Visa-Required,11.0,Evening,June,Carry-On Only,4,Budget,Shopping,2,Organic App Search,65.5,Medium,Airport Lounge/Relaxation,True,True,0,False,,,,,,,True,True,False,,Airport Lounge/Relaxation,,11.0,,False,False,4.0,Budget,570.0,Medium,False,False,False,,No Spend,Eligibility Checked,Airside/Low-Risk,False,None,True,
PS01048,18-24,Solo,Visa-Free/On-Arrival,7.8,Night,March,Needs Storage,2,Budget,Culture & Heritage,5,Word of Mouth/Referral,90.6,High,City/Culture/Shopping,True,True,1,False,,,,,,,True,True,False,,City/Culture/Shopping,,7.8,,False,False,2.0,Budget,378.0,High,False,True,False,,No Spend,Package Viewed,Outdoor/Higher-Risk,False,Low,True,
PS01049,45-54,Couple,Transit-Visa-Required,5.9,Afternoon,February,Checked-Through,4,Mid-Range,Shopping,4,Social Media,66.6,Medium,Indoor Micro-Experience,True,True,1,True,Indoor Micro-Experience,340.0,30.4,True,4.0,4.0,True,True,True,True,Indoor Micro-Experience,Indoor Micro-Experience,5.9,340.0,False,False,4.0,Mid-Range,264.0,Medium,True,True,True,0.0,Mid,Completed,Indoor/Moderate-Risk,False,Low,True,1.0
PS01050,18-24,Solo,Visa-Free/On-Arrival,19.9,Night,January,Checked-Through,2,Budget,Active/City,3,Social Media,84.3,High,City/Culture/Shopping,True,True,6,True,City/Culture/Shopping,503.0,9.2,True,4.0,4.0,True,True,True,True,City/Culture/Shopping,City/Culture/Shopping,19.9,503.0,False,False,2.0,Budget,1104.0,High,True,True,True,0.0,Mid,Completed,Outdoor/Higher-Risk,False,High,True,1.0
PS01051,45-54,Family with kids,Visa-Free/On-Arrival,4.1,Evening,August,Needs Storage,4,Mid-Range,Culture & Heritage,3,Airport Signage,60.8,Medium,Indoor Micro-Experience,True,True,2,True,Indoor Micro-Experience,438.0,53.1,FALSE,3.0,4.0,True,True,True,False,Indoor Micro-Experience,Indoor Micro-Experience,4.1,438.0,False,False,4.0,Mid-Range,155.99999999999997,Medium,True,True,True,0.0,Mid,Completed,Indoor/Moderate-Risk,False,Low,False,1.0
PS01052,35-44,Solo,Transit-Visa-Required,4.5,Evening,January,Checked-Through,2,Mid-Range,Active/City,4,Word of Mouth/Referral,67.2,Medium,Indoor Micro-Experience,True,True,1,True,Indoor Micro-Experience,372.0,45.8,False,3.0,4.0,True,True,True,False,Indoor Micro-Experience,Indoor Micro-Experience,4.5,372.0,False,False,2.0,Mid-Range,180.0,Medium,True,True,True,0.0,Mid,Completed,Indoor/Moderate-Risk,False,Low,True,1.0
PS01053,55+,Solo,Visa-Free/On-Arrival,4.2,Night,December,Carry-On Only,3,Mid-Range,Relaxation & Wellness,3,Social Media,73.5,High,City/Culture/Shopping,True,True,2,TRUE,City/Culture/Shopping,432.0,55.3,True,4.0,,True,True,True,True,City/Culture/Shopping,City/Culture/Shopping,4.2,432.0,False,False,3.0,Mid-Range,162.0,High,True,True,True,1.0,Mid,Completed,Outdoor/Higher-Risk,False,Low,False,1.0
PS01054,45-54,Friends/Group,Transit-Visa-Required,11.3,Afternoon,May,Carry-On Only,4,Premium,Shopping,1,Travel Agent,68.3,Medium,Indoor Micro-Experience,True,True,1,yes ,Indoor Micro-Experience,481.0,13.5,True,4.0,3.0,True,True,True,True,Indoor Micro-Experience,Indoor Micro-Experience,11.3,481.0,False,False,4.0,Premium,588.0,Medium,True,True,True,0.0,Mid,Completed,Indoor/Moderate-Risk,False,Low,True,1.0
PS01055,55+,Solo,Visa-Free/On-Arrival,9.7,Afternoon,November,Checked-Through,2,Budget,Relaxation & Wellness,3,Airport Signage,88.2,High,City/Culture/Shopping,True,TRUE,1,0,,,,,,,True,True,False,,City/Culture/Shopping,,9.7,,False,False,2.0,Budget,492.0,High,False,True,False,,No Spend,Package Viewed,Outdoor/Higher-Risk,False,Low,True,
PS01056,25-34,Couple,Visa-Free/On-Arrival,6.8,Night,June,Carry-On Only,4,Mid-Range,Culture & Heritage,5,Airport Signage,81.8,High,Indoor Micro-Experience,True,True,3,Yes,Indoor Micro-Experience,353.0,39.6,True,4.0,3.0,True,True,True,True,Indoor Micro-Experience,Indoor Micro-Experience,6.8,353.0,False,False,4.0,Mid-Range,318.0,High,True,True,True,0.0,Mid,Completed,Indoor/Moderate-Risk,False,Medium,True,1.0
PS01057,45-54,Solo,Transit-Visa-Required,4.0,Night,November,Carry-On Only,4,Mid-Range,Shopping,2,Airline Partner,56.6,Medium,Indoor Micro-Experience,True,True,2,False,,,,,,,True,True,False,,Indoor Micro-Experience,,4.0,,False,False,4.0,Mid-Range,150.0,Medium,False,True,False,,No Spend,Package Viewed,Indoor/Moderate-Risk,False,Low,False,
PS01058,25-34,Solo,Visa-Free/On-Arrival,8.1,Night,December,Carry-On Only,3,Premium,Culture & Heritage,3,Organic App Search,85.2,High,Premium Fast-Track/Chauffeur,True,True,2,False,,,,,,,True,True,False,,Premium Fast-Track/Chauffeur,,8.1,,False,False,3.0,Premium,396.0,High,False,True,False,,No Spend,Package Viewed,Outdoor/Higher-Risk,True,Low,True,
PS01059,25-34,Solo,VISA-FREE/ON-ARRIVAL,12.2,Night,December,Checked-Through,3,Mid-Range,Active/City,1,Organic App Search,77.2,High,City/Culture/Shopping,True,True,2,Yes,City/Culture/Shopping,599.0,10.3,1,5.0,5.0,True,True,True,True,City/Culture/Shopping,City/Culture/Shopping,12.2,599.0,False,False,3.0,Mid-Range,642.0,High,True,True,True,0.0,Mid,Completed,Outdoor/Higher-Risk,False,Low,False,1.0
PS01060,35-44,Solo,Transit-Visa-Required,17.3,Morning,March,Needs Storage,5,Mid-Range,Family/Indoor,2,Word of Mouth/Referral,62.6,Medium,Indoor Micro-Experience,True,True,4,True,Indoor Micro-Experience,-387.0,13.5,True,4.0,4.0,True,True,True,True,Indoor Micro-Experience,Indoor Micro-Experience,17.3,,False,False,5.0,Mid-Range,948.0,Medium,True,True,True,0.0,No Spend,Completed,Indoor/Moderate-Risk,False,Medium,True,1.0
PS01061,45-54,Friends/Group,Visa-Free/On-Arrival,5.0,Night,July,Checked-Through,2,Budget,Relaxation & Wellness,3,Organic App Search,74.7,High,Culture & Shopping,True,True,1,False,,,,,,,True,True,False,,City/Culture/Shopping,,5.0,,False,False,2.0,Budget,210.0,High,False,True,False,,No Spend,Package Viewed,Outdoor/Higher-Risk,False,Low,True,
PS01062,55+,Solo,Transit-Visa-Required,6.8,Afternoon,February,Carry-On Only,4,Mid-Range,Culture & Heritage,2,Travel Agent,64.3,Medium,Indoor Micro-Experience,TRUE,True,0,False,,,,,,,True,True,False,,Indoor Micro-Experience,,6.8,,False,False,4.0,Mid-Range,318.0,Medium,False,False,False,,No Spend,Eligibility Checked,Indoor/Moderate-Risk,False,None,True,
PS01063,45-54,Friends/Group,Visa-Free/On-Arrival,9.7,Night,July,Needs Storage,4,Budget,Family/Indoor,5,Airline Partner,75.3,High,City/Culture/Shopping,True,True,3,True,CITY/CULTURE/SHOPPING,272.0,23.8,True,4.0,4.0,True,True,True,True,City/Culture/Shopping,City/Culture/Shopping,9.7,272.0,False,False,4.0,Budget,492.0,High,True,True,True,0.0,Low,Completed,Outdoor/Higher-Risk,False,Medium,True,1.0
PS01064,25-34,Couple,Transit-Visa-Required,5.9,Afternoon,February,Checked-Through,5,Mid-Range,Culture & Heritage,3,Word of Mouth/Referral,62.7,Medium,Indoor Micro-Experience,True,True,1,Y,Indoor Micro-Experience,330.0,43.6,True,4.0,4.0,True,True,True,True,Indoor Micro-Experience,Indoor Micro-Experience,5.9,330.0,False,False,5.0,Mid-Range,264.0,Medium,True,True,True,0.0,Mid,Completed,Indoor/Moderate-Risk,False,Low,True,1.0
PS01065,25-34,Couple,Transit-Visa-Required,2.9,Evening,May,Carry-On Only,4,Budget,Culture & Heritage,2,Airport Signage,46.2,Medium,Airport Lounge/Relaxation,True,True,3,False,,,,,,,True,True,False,,Airport Lounge/Relaxation,,2.9,,False,False,4.0,Budget,84.0,Medium,False,True,False,,No Spend,Package Viewed,Airside/Low-Risk,False,Medium,False,
PS01066,35-44,Couple,Transit-Visa-Required,6.8,Afternoon,July,Needs Storage,3,Budget,Shopping,3,Airport Signage,71.0,High,City/Culture/Shopping,True,True,3,True,City/Culture/Shopping,441.0,42.0,True,4.0,4.0,True,True,True,True,City/Culture/Shopping,City/Culture/Shopping,6.8,441.0,False,False,3.0,Budget,318.0,High,True,True,True,0.0,Mid,Completed,Outdoor/Higher-Risk,False,Medium,True,1.0
PS01067,25-34,Couple,Visa-Free/On-Arrival,3.2,Afternoon,November,Checked-Through,5,Premium,Culture & Heritage,4,Airport Signage,58.8,Medium,Indoor Micro-Experience,yes ,False,3,False,,,,,,,True,False,False,,Indoor Micro-Experience,,3.2,,False,False,5.0,Premium,102.0,Medium,False,True,False,,No Spend,Package Viewed,Indoor/Moderate-Risk,False,Medium,False,
PS01068,18-24,Family with kids,Transit-Visa-Required,12.8,Morning,November,Checked-Through,4,,Relaxation & Wellness,1,Airport Signage,68.9,Medium,Airport Lounge/Relaxation,yes ,True,5,True,Airport Lounge/Relaxation,235.0,0.8,True,4.0,3.0,True,True,True,True,Airport Lounge/Relaxation,Airport Lounge/Relaxation,12.8,235.0,False,True,4.0,Unknown,678.0,Medium,True,True,True,0.0,Low,Completed,Airside/Low-Risk,False,High,True,1.0
PS01069,25-34,solo,Transit-Visa-Required,6.2,Night,March,Needs Storage,4,Budget,Shopping,3,Travel Agent,63.7,Medium,Airport Lounge/Relaxation,True,True,2,False,,,,,,,True,True,False,,Airport Lounge/Relaxation,,6.2,,False,False,4.0,Budget,282.0,Medium,False,True,False,,No Spend,Package Viewed,Airside/Low-Risk,False,Low,True,
PS01070,25-34,Solo,Transit-Visa-Required,7.2,Evening,November,Checked-Through,1,Budget,Active/City,4,Airline Partner,81.6,High,City/Culture/Shopping,True,True,0,True,City / Culture / Shopping,462.0,43.8,True,,4.0,True,True,True,True,City/Culture/Shopping,City/Culture/Shopping,7.2,462.0,False,False,1.0,Budget,342.0,High,True,False,True,0.0,Mid,Booked,Outdoor/Higher-Risk,False,None,True,1.0
PS01071,25-34,Friends/Group,Visa-Free/On-Arrival,4.5,Morning,April,Checked-Through,3,Budget,Shopping,2,Airline Partner,65.0,Medium,Airport Lounge/Relaxation,True,True,2,True,Airport Lounge/Relaxation,252.0,41.5,TRUE,4.0,4.0,True,True,True,True,Airport Lounge/Relaxation,Airport Lounge/Relaxation,4.5,252.0,False,False,3.0,Budget,180.0,Medium,True,True,True,0.0,Low,Completed,Airside/Low-Risk,False,Low,True,1.0
PS01072,25-34,Friends/Group,Transit-Visa-Required,7.4,Evening,January,Needs Storage,4,Mid-Range,Family/Indoor,5,Travel Agent,71.0,High,Indoor Micro-Experience,True,True,1,False,,,,,,,True,True,False,,Indoor Micro-Experience,,7.4,,False,False,4.0,Mid-Range,354.0,High,False,True,False,,No Spend,Package Viewed,Indoor/Moderate-Risk,False,Low,True,
PS01073,18-24,Friends/Group,Transit-Visa-Required,15.0,Evening,March,Carry-On Only,3,Budget,Shopping,2,Word of Mouth/Referral,73.4,High,City/Culture/Shopping,True,True,2,True,Premium Fast-Track/Chauffeur,1387.0,9.2,True,2.0,1.0,True,True,True,True,City/Culture/Shopping,Premium Fast-Track/Chauffeur,15.0,1387.0,False,False,3.0,Budget,810.0,High,True,True,True,0.0,High,Completed,Outdoor/Higher-Risk,False,Low,True,0.0
PS01074,18-24,Couple,Visa-Free/On-Arrival,13.6,Afternoon,September,Needs Storage,3,Budget,Shopping,2,Social Media,77.7,High,City/Culture/Shopping,True,True,2,True,City/Culture/Shopping,291.0,14.0,Y,4.0,5.0,True,True,True,True,City/Culture/Shopping,City/Culture/Shopping,13.6,291.0,False,False,3.0,Budget,726.0,High,True,True,True,0.0,Low,Completed,Outdoor/Higher-Risk,False,Low,True,1.0
PS01075,55+,Family with kids,Visa-Free/On-Arrival,3.5,Morning,October,Checked-Through,2,,Active/City,3,Airline Partner,66.9,Medium,Airport Lounge/Relaxation,True,True,0,False,,,,,,,True,True,False,,Airport Lounge/Relaxation,,3.5,,False,True,2.0,Unknown,120.0,Medium,False,False,False,,No Spend,Eligibility Checked,Airside/Low-Risk,False,None,False,
PS01076,25-34,Couple,Not-Eligible,2.0,Night,May,Checked-Through,3,Budget,Relaxation & Wellness,2,Airport Signage,30.0,Low,Stay Airside,True,True,2,True,Stay Airside,0.0,55.1,False,4.0,4.0,True,True,True,False,Stay Airside,Stay Airside,2.0,0.0,False,False,3.0,Budget,30.0,Low,True,True,True,1.0,Low,Completed,Airside/Low-Risk,False,Low,False,1.0
PS01077,25-34,Couple,Visa-Free/On-Arrival,6.8,Evening,August,Checked-Through,2,Budget,Relaxation & Wellness,4,Word of Mouth/Referral,83.8,High,City/Culture/Shopping,True,False,0,False,,,,,,,True,False,False,,City/Culture/Shopping,,6.8,,False,False,2.0,Budget,318.0,High,False,False,False,,No Spend,App Viewed,Outdoor/Higher-Risk,False,None,True,
PS01078,35-44,Solo,Not-Eligible,6.2,Afternoon,February,Carry-On Only,2,Mid-Range,Active/City,3,Travel Agent,30.0,Low,Stay Airside,True,False,3,False,,,,,,,True,False,False,,Stay Airside,,6.2,,False,False,2.0,Mid-Range,282.0,Low,False,True,False,,No Spend,Package Viewed,Airside/Low-Risk,False,Medium,False,
PS01079,25-34,Couple,Transit-Visa-Required,5.9,Evening,March,Carry-On Only,3,Budget,Relaxation & Wellness,2,Airline Partner,61.7,Medium,Airport Lounge/Relaxation,True,True,1,True,Airport Lounge/Relaxation,211.0,30.8,False,3.0,3.0,True,True,True,False,Airport Lounge/Relaxation,Airport Lounge/Relaxation,5.9,211.0,False,False,3.0,Budget,264.0,Medium,True,True,True,0.0,Low,Completed,Airside/Low-Risk,False,Low,True,1.0
PS01080,55+,Solo,Transit-Visa-Required,5.2,Morning,July,Checked-Through,4,Budget,Family/Indoor,5,Organic App Search,65.8,Medium,Airport Lounge/Relaxation,True,TRUE,4,False,,,,,,,True,True,False,,Airport Lounge/Relaxation,,5.2,,False,False,4.0,Budget,222.0,Medium,False,True,False,,No Spend,Package Viewed,Airside/Low-Risk,False,Medium,True,
PS01081,45-54,Solo,Visa-Free/On-Arrival,3.5,Afternoon,October,Checked-Through,3,Premium,Relaxation & Wellness,4,Airline Partner,74.6,High,Premium Fast-Track/Chauffeur,True,True,4,True,Stay Airside,0.0,50.5,True,3.0,2.0,True,True,True,True,Premium Fast-Track/Chauffeur,Stay Airside,3.5,0.0,False,False,3.0,Premium,120.0,High,True,True,True,0.0,Low,Completed,Outdoor/Higher-Risk,True,Medium,False,0.0
PS01082,18-24,Friends/Group,Visa-Free/On-Arrival,23.6,Morning,April,Carry-On Only,2,Premium,Culture & Heritage,3,Airline Partner,95.3,High,Premium Fast-Track/Chauffeur,True,True,2,True,Airport Lounge/Relaxation,193.0,8.6,True,3.0,3.0,True,True,True,True,Premium Fast-Track/Chauffeur,Airport Lounge/Relaxation,23.6,193.0,False,False,2.0,Premium,1326.0,High,True,True,True,0.0,Low,Completed,Outdoor/Higher-Risk,True,Low,True,0.0
PS01083,25-34,Solo,Not-Eligible,19.7,Morning,September,Carry-On Only,2,Budget,Family/Indoor,3,Social Media,30.0,Low,Stay Airside,True,True,0,False,,,,,,,True,True,False,,Stay Airside,,19.7,,False,False,2.0,Budget,1092.0,Low,False,False,False,,No Spend,Eligibility Checked,Airside/Low-Risk,False,None,False,
PS01084,45-54,Solo,Visa-Free/On-Arrival,5.8,Evening,July,Checked-Through,3,Budget,Relaxation & Wellness,2,Airport Signage,71.4,High,CITY/CULTURE/SHOPPING,True,True,3,False,,,,,,,True,True,False,,City/Culture/Shopping,,5.8,,False,False,3.0,Budget,258.0,High,False,True,False,,No Spend,Package Viewed,Outdoor/Higher-Risk,False,Medium,True,
PS01085,55+,Solo,Transit-Visa-Required,8.1,Night,November,Needs Storage,4,Mid-Range,Shopping,4,Organic App Search,75.7,High,City/Culture/Shopping,True,True,1,True,City/Culture/Shopping,592.0,35.2,False,3.0,1.0,True,True,True,False,City/Culture/Shopping,City/Culture/Shopping,8.1,592.0,False,False,4.0,Mid-Range,396.0,High,True,True,True,0.0,Mid,Completed,Outdoor/Higher-Risk,False,Low,True,1.0
PS01086,25-34,Friends/Group,Visa-Free/On-Arrival,12.9,Afternoon,December,Checked-Through,4,Mid-Range,Active/City,4,Airline Partner,85.3,High,Indoor Micro-Experience,True,True,5,Y,Stay Airside,0.0,0.0,True,2.0,3.0,True,True,True,True,Indoor Micro-Experience,Stay Airside,12.9,0.0,False,False,4.0,Mid-Range,684.0,High,True,True,True,0.0,Low,Completed,Indoor/Moderate-Risk,False,High,True,0.0
PS01087,35-44,Couple,Visa-Free/On-Arrival,8.1,Morning,January,Carry-On Only,2,Premium,Shopping,2,Airport Signage,86.5,High,Premium Fast-Track/Chauffeur,True,True,1,False,,,,,,,True,True,False,,Premium Fast-Track/Chauffeur,,8.1,,False,False,2.0,Premium,396.0,High,False,True,False,,No Spend,Package Viewed,Outdoor/Higher-Risk,False,Low,True,
PS01088,18-24,Couple,Visa-Free/On-Arrival,5.5,Evening,April,Needs Storage,3,Budget,Active/City,3,Airport Signage,77.5,High,City/Culture/Shopping,True,True,5,True,Premium Fast-Track/Chauffeur,1776.0,56.8,True,3.0,3.0,True,True,True,True,City/Culture/Shopping,Premium Fast-Track/Chauffeur,5.5,1776.0,False,False,3.0,Budget,240.0,High,True,True,True,1.0,High,Completed,Outdoor/Higher-Risk,False,High,True,0.0
PS01089,55+,Family with kids,Visa-Free/On-Arrival,2.9,Night,October,Carry-On Only,5,Mid-Range,culture & heritage,3,Social Media,60.1,Medium,Indoor Micro-Experience,True,True,2,False,,,,,,,True,True,False,,Indoor Micro-Experience,,2.9,,False,False,5.0,Mid-Range,84.0,Medium,False,True,False,,No Spend,Package Viewed,Indoor/Moderate-Risk,False,Low,False,
PS01090,25-34,Family with kids,Not-Eligible,7.5,Evening,November,Checked-Through,,Premium,Culture & Heritage,3,Airline Partner,30.0,Low,Stay Airside,True,yes ,1,False,,,,,,,True,True,False,,Stay Airside,,7.5,,True,False,,Premium,360.0,Low,False,True,False,,No Spend,Package Viewed,Airside/Low-Risk,False,Low,False,
PS01091,55+,Solo,Visa-Free/On-Arrival,3.2,Night,June,Checked-Through,3,Mid-Range,Shopping,4,Airline Partner,65.9,Medium,Indoor Micro-Experience,True,True,1,False,,,,,,,True,True,False,,Indoor Micro-Experience,,3.2,,False,False,3.0,Mid-Range,102.0,Medium,False,True,False,,No Spend,Package Viewed,Indoor/Moderate-Risk,False,Low,False,
PS01092,35-44,Family with kids,Visa-Free/On-Arrival,14.4,Afternoon,June,Needs Storage,3,Budget,Active/City,1,Airport Signage,70.7,High,City/Culture/Shopping,True,no ,2,False,,,,,,,True,False,False,,City/Culture/Shopping,,14.4,,False,False,3.0,Budget,774.0,High,False,True,False,,No Spend,Package Viewed,Outdoor/Higher-Risk,False,Low,True,
PS01093,35-44,Family with kids,Visa-Free/On-Arrival,7.3,Evening,October,Checked-Through,2,Budget,Shopping,2,Social Media,77.9,High,City/Culture/Shopping,True,yes ,3,TRUE,City/Culture/Shopping,505.0,38.0,True,4.0,4.0,True,True,True,True,City/Culture/Shopping,City/Culture/Shopping,7.3,505.0,False,False,2.0,Budget,348.0,High,True,True,True,0.0,Mid,Completed,Outdoor/Higher-Risk,False,Medium,True,1.0
PS01094,35-44,Family with kids,Visa-Free/On-Arrival,10.1,Morning,June,Carry-On Only,1,Budget,Family/Indoor,1,Word of Mouth/Referral,78.2,High,City / Culture / Shopping,True,True,4,True,City/Culture/Shopping,351.0,21.2,True,3.0,4.0,True,True,True,True,City/Culture/Shopping,City/Culture/Shopping,10.1,351.0,False,False,1.0,Budget,516.0,High,True,True,True,0.0,Mid,Completed,Outdoor/Higher-Risk,False,Medium,True,1.0
PS01095,25-34,solo,Visa-Free/On-Arrival,6.1,Afternoon,May,Needs Storage,3,Budget,Family/Indoor,3,Travel Agent,71.7,High,City/Culture/Shopping,True,False,1,False,,,,,,,True,False,False,,City/Culture/Shopping,,6.1,,False,False,3.0,Budget,276.0,High,False,True,False,,No Spend,Package Viewed,Outdoor/Higher-Risk,False,Low,True,
PS01096,18-24,Friends/Group,Transit-Visa-Required,11.9,Afternoon,March,Needs Storage,1,Mid-Range,Culture & Heritage,2,Social Media,76.3,High,City / Culture / Shopping,True,TRUE,1,True,Indoor Micro-Experience,253.0,0.0,True,2.0,2.0,True,True,True,True,City/Culture/Shopping,Indoor Micro-Experience,11.9,253.0,False,False,1.0,Mid-Range,624.0,High,True,True,True,0.0,Low,Completed,Outdoor/Higher-Risk,False,Low,True,0.0
PS01097,25-34,Couple,Visa-Free/On-Arrival,4.9,Afternoon,February,Checked-Through,2,Budget,Active/City,5,Airport Signage,70.6,High,city/culture/shopping,True,True,2,True,City / Culture / Shopping,,47.4,True,4.0,4.0,True,True,True,True,City/Culture/Shopping,City/Culture/Shopping,4.9,,False,False,2.0,Budget,204.0,High,True,True,True,0.0,No Spend,Completed,Outdoor/Higher-Risk,False,Low,True,1.0
PS01098,25-34,Solo,Visa-Free/On-Arrival,8.9,Night,March,Carry-On Only,3,Budget,Shopping,4,Word of Mouth/Referral,79.2,High,City/Culture/Shopping,True,Yes,2,True,airport lounge/relaxation,143.0,25.4,True,2.0,2.0,True,True,True,True,City/Culture/Shopping,Airport Lounge/Relaxation,8.9,143.0,False,False,3.0,Budget,444.0,High,True,True,True,0.0,Low,Completed,Outdoor/Higher-Risk,False,Low,True,0.0
PS01099,45-54,Couple,Visa-Free/On-Arrival,5.9,Night,September,Needs Storage,1,Premium,Family/Indoor,1,Social Media,78.0,High,Premium Fast-Track/Chauffeur,Yes,1,4,True,Premium Fast-Track/Chauffeur,2346.0,60.1,Yes,5.0,5.0,True,True,True,True,Premium Fast-Track/Chauffeur,Premium Fast-Track/Chauffeur,5.9,2346.0,False,False,1.0,Premium,264.0,High,True,True,True,1.0,High,Completed,Outdoor/Higher-Risk,True,Medium,True,1.0
PS01100,25-34,Solo,Not-Eligible,6.5,Morning,March,Checked-Through,3,Mid-Range,Family/Indoor,4,Airport Signage,30.0,Low,  Stay Airside ,True,True,0,False,,,,,,,True,True,False,,Stay Airside,,6.5,,False,False,3.0,Mid-Range,300.0,Low,False,False,False,,No Spend,Eligibility Checked,Airside/Low-Risk,False,None,False,
PS01101,18-24,Solo,Visa-Free/On-Arrival,12.8,Morning,March,Checked-Through,2,Budget,Shopping,4,Social Media,84.8,High,City/Culture/Shopping,1,TRUE,1,False,,,,,,,True,True,False,,City/Culture/Shopping,,12.8,,False,False,2.0,Budget,678.0,High,False,True,False,,No Spend,Package Viewed,Outdoor/Higher-Risk,False,Low,True,
PS01102,55+,Family with kids,Visa-Free/On-Arrival,4.5,Afternoon,January,Checked-Through,3,Budget,Shopping,2,Travel Agent,63.3,Medium,Airport Lounge/Relaxation,Y,True,2,True,Airport Lounge/Relaxation,191.0,52.4,True,5.0,5.0,True,True,True,True,Airport Lounge/Relaxation,Airport Lounge/Relaxation,4.5,191.0,False,False,3.0,Budget,180.0,Medium,True,True,True,0.0,Low,Completed,Airside/Low-Risk,False,Low,True,1.0
PS01103,45-54,Solo,Transit-Visa-Required,9.2,Afternoon,February,Checked-Through,4,Budget,Relaxation & Wellness,1,Airport Signage,63.7,Medium,Airport Lounge/Relaxation,True,True,2,False,,,,,,,True,True,False,,Airport Lounge/Relaxation,,9.2,,False,False,4.0,Budget,462.0,Medium,False,True,False,,No Spend,Package Viewed,Airside/Low-Risk,False,Low,True,
PS01104,55+,Couple,Transit-Visa-Required,15.4,Evening,November,Needs Storage,4,Budget,Active/City,2,Airline Partner,68.0,Medium,Airport Lounge/Relaxation,Yes,True,4,True,Airport Lounge/Relaxation,224.0,0.0,True,4.0,4.0,True,True,True,True,Airport Lounge/Relaxation,Airport Lounge/Relaxation,15.4,224.0,False,False,4.0,Budget,834.0,Medium,True,True,True,0.0,Low,Completed,Airside/Low-Risk,False,Medium,True,1.0
PS01105,55+,Couple,Visa-Free/On-Arrival,12.6,Night,December,Carry-On Only,3,Premium,Shopping,2,Airline Partner,81.7,High,Premium Fast Track,True,True,1,True,Premium Fast-Track/Chauffeur,1554.0,12.4,True,5.0,5.0,True,True,True,True,Premium Fast-Track/Chauffeur,Premium Fast-Track/Chauffeur,12.6,1554.0,False,False,3.0,Premium,666.0,High,True,True,True,0.0,High,Completed,Outdoor/Higher-Risk,False,Low,True,1.0
PS01106,18-24,Solo,Visa-Free/On-Arrival,5.0,Night,March,NEEDS STORAGE,1,Budget,Shopping,4,Word of Mouth/Referral,68.9,Medium,Airport Lounge/Relaxation,True,True,1,Y,Airport Lounge/Relaxation,233.0,41.1,True,4.0,5.0,True,True,True,True,Airport Lounge/Relaxation,Airport Lounge/Relaxation,5.0,233.0,False,False,1.0,Budget,210.0,Medium,True,True,True,0.0,Low,Completed,Airside/Low-Risk,False,Low,True,1.0
PS01107,25-34,Friends/Group,Transit-Visa-Required,10.0,Evening,February,Carry-On Only,4,Mid-Range,Active/City,3,Airline Partner,75.7,High,Indoor Micro-Experience,True,True,2,False,,,,,,,True,True,False,,Indoor Micro-Experience,,10.0,,False,False,4.0,Mid-Range,510.0,High,False,True,False,,No Spend,Package Viewed,Indoor/Moderate-Risk,False,Low,True,
PS01108,45-54,Solo,Visa-Free/On-Arrival,2.1,Night,August,Carry-On Only,2,Budget,Shopping,5,Social Media,67.1,Medium,Airport Lounge/Relaxation,True,True,1,False,,,,,,,True,True,False,,Airport Lounge/Relaxation,,2.1,,False,False,2.0,Budget,36.0,Medium,False,True,False,,No Spend,Package Viewed,Airside/Low-Risk,False,Low,False,
PS01109,35-44,Solo,Transit-Visa-Required,13.1,Afternoon,June,Carry-On Only,1,Premium,Family/Indoor,4,Airline Partner,81.1,High,Premium Fast-Track/Chauffeur,True,True,3,True,Fast Track Premium,2288.0,8.2,1,4.0,3.0,True,True,True,True,Premium Fast-Track/Chauffeur,Premium Fast-Track/Chauffeur,13.1,2288.0,False,False,1.0,Premium,696.0,High,True,True,True,0.0,High,Completed,Outdoor/Higher-Risk,True,Medium,True,1.0
PS01110,18-24,Solo,Transit-Visa-Required,26.0,Morning,July,Checked-Through,4,Mid-Range,Family/Indoor,2,Airline Partner,67.0,Medium,Indoor Micro-Experience,yes ,True,1,False,,,,,,,True,True,False,,Indoor Micro-Experience,,26.0,,False,False,4.0,Mid-Range,1470.0,Medium,False,True,False,,No Spend,Package Viewed,Indoor/Moderate-Risk,False,Low,True,
PS01111,45-54,Solo,Visa-Free/On-Arrival,8.9,Afternoon,January,Needs Storage,5,Premium,Culture & Heritage,4,Airport Signage,78.1,High,Premium Fast-Track/Chauffeur,True,True,3,True,Premium Fast-Track/Chauffeur,2975.0,19.1,True,5.0,5.0,True,True,True,True,Premium Fast-Track/Chauffeur,Premium Fast-Track/Chauffeur,8.9,2975.0,False,False,5.0,Premium,444.0,High,True,True,True,0.0,High,Completed,Outdoor/Higher-Risk,True,Medium,True,1.0
PS01112,25-34,Solo,Visa-Free/On-Arrival,15.8,Evening,June,Checked-Through,3,Budget,Relaxation & Wellness,2,Airline Partner,77.4,High,City/Culture/Shopping,True,True,1,False,,,,,,,True,True,False,,City/Culture/Shopping,,15.8,,False,False,3.0,Budget,858.0,High,False,True,False,,No Spend,Package Viewed,Outdoor/Higher-Risk,False,Low,True,
PS01113,25-34,Family with kids,Visa-Free/On-Arrival,2.9,Evening,February,Carry-On Only,1,Premium,Active/City,1,Airline Partner,69.6,High,Premium Fast-Track/Chauffeur,True,True,4,True,Premium Fast-Track/Chauffeur,1324.0,64.2,False,4.0,4.0,True,True,True,False,Premium Fast-Track/Chauffeur,Premium Fast-Track/Chauffeur,2.9,1324.0,False,False,1.0,Premium,84.0,High,True,True,True,1.0,High,Completed,Outdoor/Higher-Risk,True,Medium,False,1.0
PS01114,35-44,Friends/Group,Transit-Visa-Required,3.8,Morning,June,Checked-Through,5,Premium,Family/Indoor,4,Travel Agent,53.5,Medium,Indoor Micro-Experience,True,True,2,True,Indoor Micro-Experience,312.0,45.9,TRUE,5.0,5.0,True,True,True,True,Indoor Micro-Experience,Indoor Micro-Experience,3.8,312.0,False,False,5.0,Premium,138.0,Medium,True,True,True,0.0,Mid,Completed,Indoor/Moderate-Risk,False,Low,False,1.0
PS01115,35-44,Solo,Visa-Free/On-Arrival,6.1,Afternoon,March,Needs Storage,1,Mid-Range,Relaxation & Wellness,3,Social Media,80.1,High,City/Culture/Shopping,True,True,0,False,,,,,,,True,True,False,,City/Culture/Shopping,,6.1,,False,False,1.0,Mid-Range,276.0,High,False,False,False,,No Spend,Eligibility Checked,Outdoor/Higher-Risk,False,None,True,
PS01116,35-44,Family with kids,Visa-Free/On-Arrival,6.8,Afternoon,July,Needs Storage,5,Budget,Family/Indoor,3,Word of Mouth/Referral,67.9,Medium,Airport Lounge/Relaxation,True,True,1,False,,,,,,,True,True,False,,Airport Lounge/Relaxation,,6.8,,False,False,5.0,Budget,318.0,Medium,False,True,False,,No Spend,Package Viewed,Airside/Low-Risk,False,Low,True,
PS01117,18-24,Family with kids,Transit-Visa-Required,9.0,Night,March,Checked-Through,3,,Family/Indoor,4,Airline Partner,74.3,High,City/Culture/Shopping,True,yes ,2,True,City/Culture/Shopping,-472.0,17.5,False,5.0,5.0,True,True,True,False,City/Culture/Shopping,City/Culture/Shopping,9.0,,False,True,3.0,Unknown,450.0,High,True,True,True,0.0,No Spend,Completed,Outdoor/Higher-Risk,False,Low,True,1.0
PS01118,45-54,Family with kids,Not-Eligible,5.0,Afternoon,September,Carry-On Only,3,Budget,Shopping,5,Word of Mouth/Referral,30.0,Low,Stay Airside,True,True,1,no ,,,,,,,True,True,False,,Stay Airside,,5.0,,False,False,3.0,Budget,210.0,Low,False,True,False,,No Spend,Package Viewed,Airside/Low-Risk,False,Low,False,
PS01119,25-34,Couple,Visa-Free/On-Arrival,8.1,Evening,March,Carry-On Only,3,Budget,Relaxation & Wellness,3,Organic App Search,83.1,High,City/Culture/Shopping,True,False,4,False,,,,,,,True,False,False,,City/Culture/Shopping,,8.1,,False,False,3.0,Budget,396.0,High,False,True,False,,No Spend,Package Viewed,Outdoor/Higher-Risk,False,Medium,True,
PS01120,18-24,Solo,Not-Eligible,12.8,Evening,July,Checked-Through,5,Mid-Range,Culture & Heritage,3,Airline Partner,30.0,Low,Stay Airside,True,True,1,False,,,,,,,True,True,False,,Stay Airside,,12.8,,False,False,5.0,Mid-Range,678.0,Low,False,True,False,,No Spend,Package Viewed,Airside/Low-Risk,False,Low,False,
PS01121,45-54,Solo,Visa-Free/On-Arrival,10.0,Morning,December,Checked-Through,5,Mid-Range,Shopping,3,Organic App Search,76.1,High,City/Culture/Shopping,True,True,3,True,City/Culture/Shopping,402.0,21.0,True,4.0,4.0,True,True,True,True,City/Culture/Shopping,City/Culture/Shopping,10.0,402.0,False,False,5.0,Mid-Range,510.0,High,True,True,True,0.0,Mid,Completed,Outdoor/Higher-Risk,False,Medium,True,1.0
PS01122,55+,Family with kids,Visa-Free/On-Arrival,5.9 hrs,Evening,April,Carry-On Only,3,Mid-Range,Active/City,4,Airline Partner,78.7,High,City/Culture/Shopping,True,True,1,Yes,CITY/CULTURE/SHOPPING,429.0,34.8,False,4.0,5.0,True,True,True,False,City/Culture/Shopping,City/Culture/Shopping,5.9,429.0,False,False,3.0,Mid-Range,264.0,High,True,True,True,0.0,Mid,Completed,Outdoor/Higher-Risk,False,Low,True,1.0
PS01123,45-54,Family with kids,Visa-Free/On-Arrival,11.4,Night,August,Checked-Through,4,Budget,Relaxation & Wellness,2,Travel Agent,74.2,High,City/Culture/Shopping,True,False,1,False,,,,,,,True,False,False,,City/Culture/Shopping,,11.4,,False,False,4.0,Budget,594.0,High,False,True,False,,No Spend,Package Viewed,Outdoor/Higher-Risk,False,Low,True,
PS01124,45-54,Solo,Visa-Free/On-Arrival,5.8,Afternoon,February,Checked-Through,3,Budget,Active/City,5,Airport Signage,77.1,High,City/Culture/Shopping,True,True,2,True,City/Culture/Shopping,491.0,44.2,FALSE,3.0,3.0,True,True,True,False,City/Culture/Shopping,City/Culture/Shopping,5.8,491.0,False,False,3.0,Budget,258.0,High,True,True,True,0.0,Mid,Completed,Outdoor/Higher-Risk,False,Low,True,1.0
PS01125,35-44,Solo,Visa-Free/On-Arrival,7.9,Night,August,Checked-Through,4,Budget,Culture & Heritage,4,Social Media,77.7,High,City/Culture/Shopping,yes ,True,2,True,City/Culture/Shopping,367.0,38.6,True,4.0,,True,True,True,True,City/Culture/Shopping,City/Culture/Shopping,7.9,367.0,False,False,4.0,Budget,384.0,High,True,True,True,0.0,Mid,Completed,Outdoor/Higher-Risk,False,Low,True,1.0
PS01126,35-44,Friends/Group,Visa-Free/On-Arrival,12.4,Morning,September,Checked-Through,4,Mid-Range,relaxation & wellness,4,Social Media,90.6,High,Indoor Micro-Experience,True,True,1,False,,,,,,,True,True,False,,Indoor Micro-Experience,,12.4,,False,False,4.0,Mid-Range,654.0,High,False,True,False,,No Spend,Package Viewed,Indoor/Moderate-Risk,False,Low,True,
PS01127,18-24,Family with kids,Not-Eligible,6.7,Morning,August,Checked-Through,1,Mid-Range,Family/Indoor,5,Airport Signage,30.0,Low,Stay Airside,TRUE,True,0,False,,,,,,,True,True,False,,Stay Airside,,6.7,,False,False,1.0,Mid-Range,312.0,Low,False,False,False,,No Spend,Eligibility Checked,Airside/Low-Risk,False,None,False,
PS01128,25-34,Friends/Group,Transit-Visa-Required,3.2,Night,June,Checked-Through,3,Budget,Active/City,5,Travel Agent,58.7,Medium,Airport Lounge/Relaxation,True,1,0,True,Airport Lounge/Relaxation,165.0,59.5,True,4.0,5.0,True,True,True,True,Airport Lounge/Relaxation,Airport Lounge/Relaxation,3.2,165.0,False,False,3.0,Budget,102.0,Medium,True,False,True,1.0,Low,Completed,Airside/Low-Risk,False,None,False,1.0
PS01129,25-34,FAMILY WITH KIDS,Transit-Visa-Required,7.7,Night,October,Checked-Through,5,,Active/City,2,Social Media,69.6,High,City/Culture/Shopping,True,True,4,True,City/Culture/Shopping,318.0,40.0,True,4.0,4.0,True,True,True,True,City/Culture/Shopping,City/Culture/Shopping,7.7,318.0,False,True,5.0,Unknown,372.0,High,True,True,True,0.0,Mid,Completed,Outdoor/Higher-Risk,False,Medium,True,1.0
PS01130,25-34,Solo,Visa-Free/On-Arrival,12.5,Night,January,Checked-Through,5,Mid-Range,Active/City,2,Social Media,75.4,High,City/Culture/Shopping,True,True,5,True,City/Culture/Shopping,433.0,12.8,True,3.0,3.0,True,True,True,True,City/Culture/Shopping,City/Culture/Shopping,12.5,433.0,False,False,5.0,Mid-Range,660.0,High,True,True,True,0.0,Mid,Completed,Outdoor/Higher-Risk,False,High,True,1.0
PS01131,35-44,Couple,Visa-Free/On-Arrival,13.2,Evening,July,Carry-On Only,1,Premium,Active/City,4,Organic App Search,93.4,High,Premium Fast-Track/Chauffeur,True,True,2,False,,,,,,,True,True,False,,Premium Fast-Track/Chauffeur,,13.2,,False,False,1.0,Premium,702.0,High,False,True,False,,No Spend,Package Viewed,Outdoor/Higher-Risk,True,Low,True,
PS01132,25-34,Family with kids,Visa-Free/On-Arrival,3.6,Night,January,Needs Storage,2,Budget,Shopping,5,Organic App Search,66.7,Medium,Airport Lounge/Relaxation,True,True,1,True,Airport Lounge/Relaxation,211.0,48.7,True,5.0,5.0,True,True,True,True,Airport Lounge/Relaxation,Airport Lounge/Relaxation,3.6,211.0,False,False,2.0,Budget,126.0,Medium,True,True,True,0.0,Low,Completed,Airside/Low-Risk,False,Low,False,1.0
PS01133,18-24,Solo,Transit-Visa-Required,11.1,Night,July,Checked-Through,5,Mid-Range,Relaxation & Wellness,4,Organic App Search,70.5,High,City/Culture/Shopping,True,True,3,1,City/Culture/Shopping,-381.0,11.8,Y,4.0,4.0,True,True,True,True,City/Culture/Shopping,City/Culture/Shopping,11.1,,False,False,5.0,Mid-Range,576.0,High,True,True,True,0.0,No Spend,Completed,Outdoor/Higher-Risk,False,Medium,True,1.0
PS01134,25-34,Couple,Not-Eligible,6.4,Night,February,Needs Storage,3,Budget,Culture & Heritage,3,Word of Mouth/Referral,30.0,Low,Stay Airside,True,N,3,False,,,,,,,True,False,False,,Stay Airside,,6.4,,False,False,3.0,Budget,294.0,Low,False,True,False,,No Spend,Package Viewed,Airside/Low-Risk,False,Medium,False,
PS01135,35-44,Family with kids,Visa-Free/On-Arrival,16.4,Evening,August,Checked-Through,3,Budget,Relaxation & Wellness,4,Airport Signage,86.3,High,City/Culture/Shopping,True,True,2,True,City/Culture/Shopping,438.0,21.4,yes ,4.0,4.0,True,True,True,True,City/Culture/Shopping,City/Culture/Shopping,16.4,438.0,False,False,3.0,Budget,893.9999999999999,High,True,True,True,0.0,Mid,Completed,Outdoor/Higher-Risk,False,Low,True,1.0
PS01136,18-24,Solo,Visa-Free/On-Arrival,3.2,Afternoon,February,Carry-On Only,2,Mid-Range,active/city,2,Airport Signage,59.3,Medium,Indoor Micro-Experience,True,True,3,False,,,,,,,True,True,False,,Indoor Micro-Experience,,3.2,,False,False,2.0,Mid-Range,102.0,Medium,False,True,False,,No Spend,Package Viewed,Indoor/Moderate-Risk,False,Medium,False,
PS01137,45-54,Family with kids,Visa-Free/On-Arrival,11.0,Night,March,Checked-Through,5,Mid-Range,Shopping,5,Airline Partner,81.8,High,Indoor Micro-Experience,True,True,2,True,Indoor Micro-Experience,346.0,2.7,True,5.0,4.0,True,True,True,True,Indoor Micro-Experience,Indoor Micro-Experience,11.0,346.0,False,False,5.0,Mid-Range,570.0,High,True,True,True,0.0,Mid,Completed,Indoor/Moderate-Risk,False,Low,True,1.0
PS01138,25-34,Couple,Visa-Free/On-Arrival,6.0,Afternoon,December,Carry-On Only,2,Budget,Family/Indoor,3,Organic App Search,76.8,High,City/Culture/Shopping,True,True,1,True,City/Culture/Shopping,474.0,47.6,True,5.0,5.0,True,True,True,True,City/Culture/Shopping,City/Culture/Shopping,6.0,474.0,False,False,2.0,Budget,270.0,High,True,True,True,0.0,Mid,Completed,Outdoor/Higher-Risk,False,Low,True,1.0
PS01139,25-34,Friends/Group,Visa-Free/On-Arrival,5.1,Afternoon,March,Carry-On Only,2,Budget,Relaxation & Wellness,5,Airline Partner,81.8,High,City/Culture/Shopping,True,True,2,True,CITY/CULTURE/SHOPPING,296.0,55.4,True,4.0,3.0,True,True,True,True,City/Culture/Shopping,City/Culture/Shopping,5.1,296.0,False,False,2.0,Budget,216.0,High,True,True,True,1.0,Low,Completed,Outdoor/Higher-Risk,False,Low,True,1.0
PS01140,35-44,Solo,TRANSIT-VISA-REQUIRED,12.8,Afternoon,January,Checked-Through,2,Mid-Range,Culture & Heritage,3,Airport Signage,80.0,High,City/Culture/Shopping,True,True,3,True,City/Culture/Shopping,527.0,4.1,True,4.0,3.0,True,True,True,True,City/Culture/Shopping,City/Culture/Shopping,12.8,527.0,False,False,2.0,Mid-Range,678.0,High,True,True,True,0.0,Mid,Completed,Outdoor/Higher-Risk,False,Medium,False,1.0
PS01141,45-54,Solo,Transit-Visa-Required,13.9,Evening,May,Checked-Through,5,Budget,Shopping,5,Airline Partner,70.6,High,City/Culture/Shopping,True,1,1,True,City/Culture/Shopping,493.0,1.9,True,4.0,4.0,True,True,True,True,City/Culture/Shopping,City/Culture/Shopping,13.9,493.0,False,False,5.0,Budget,744.0,High,True,True,True,0.0,Mid,Completed,Outdoor/Higher-Risk,False,Low,True,1.0
PS01142,25-34,Couple,Visa-Free/On-Arrival,2.0,Afternoon,May,Needs Storage,4,Mid-Range,Shopping,3,Airline Partner,54.8,Medium,Indoor Micro-Experience,True,True,4,True,Indoor Micro-Experience,398.0,66.0,False,4.0,4.0,True,True,True,False,Indoor Micro-Experience,Indoor Micro-Experience,2.0,398.0,False,False,4.0,Mid-Range,30.0,Medium,True,True,True,1.0,Mid,Completed,Indoor/Moderate-Risk,False,Medium,False,1.0
PS01143,35-44,Solo,Visa-Free/On-Arrival,12.9,Morning,October,Checked-Through,,Premium,Shopping,4,Airline Partner,85.4,High,Indoor Micro-Experience,True,yes ,2,Y,Indoor Micro-Experience,397.0,0.0,True,4.0,4.0,True,True,True,True,Indoor Micro-Experience,Indoor Micro-Experience,12.9,397.0,True,False,,Premium,684.0,High,True,True,True,0.0,Mid,Completed,Indoor/Moderate-Risk,True,Low,True,1.0
PS01144,35-44,Family with kids,Not-Eligible,7.2,Night,May,Checked-Through,3,Mid-Range,Relaxation & Wellness,5,Social Media,30.0,Low,Stay Airside,True,True,2,True,Airport Lounge/Relaxation,185.0,31.3,TRUE,3.0,3.0,True,True,True,True,Stay Airside,Airport Lounge/Relaxation,7.2,185.0,False,False,3.0,Mid-Range,342.0,Low,True,True,True,0.0,Low,Completed,Airside/Low-Risk,False,Low,False,0.0
PS01145,25-34,family with kids,Visa-Free/On-Arrival,7.6,Afternoon,September,Checked-Through,5,Mid-Range,Family/Indoor,4,Airline Partner,83.9,High,City/Culture/Shopping,True,True,2,True,City/Culture/Shopping,330.0,33.0,True,5.0,5.0,True,True,True,True,City/Culture/Shopping,City/Culture/Shopping,7.6,330.0,False,False,5.0,Mid-Range,366.0,High,True,True,True,0.0,Mid,Completed,Outdoor/Higher-Risk,False,Low,True,1.0
PS01146,45-54,Solo,Visa-Free/On-Arrival,3.1,Evening,June,Checked-Through,4,Mid-Range,Shopping,4,Social Media,62.3,Medium,Indoor Micro-Experience,yes ,True,0,No,,,,,,,True,True,False,,Indoor Micro-Experience,,3.1,,False,False,4.0,Mid-Range,96.0,Medium,False,False,False,,No Spend,Eligibility Checked,Indoor/Moderate-Risk,False,None,False,
PS01147,45-54,Couple,Visa-Free/On-Arrival,10.6,Morning,June,Checked-Through,4,Premium,ACTIVE/CITY,2,Word of Mouth/Referral,80.6,High,Indoor Micro-Experience,True,True,4,True,Indoor Micro-Experience,454.0,12.7,True,5.0,5.0,True,True,True,True,Indoor Micro-Experience,Indoor Micro-Experience,10.6,454.0,False,False,4.0,Premium,546.0,High,True,True,True,0.0,Mid,Completed,Indoor/Moderate-Risk,True,Medium,True,1.0
PS01148,35-44,Couple,Visa-Free/On-Arrival,23.9,Morning,March,Checked-Through,5,Mid-Range,Relaxation & Wellness,3,Word of Mouth/Referral,77.7,High,City/Culture/Shopping,True,True,3,True,City/Culture/Shopping,343.0,16.0,True,,3.0,True,True,True,True,City/Culture/Shopping,City/Culture/Shopping,23.9,343.0,False,False,5.0,Mid-Range,1344.0,High,True,True,True,0.0,Mid,Booked,Outdoor/Higher-Risk,False,Medium,True,1.0
PS01149,45-54,Solo,Visa-Free/On-Arrival,5.3,Morning,May,Checked-Through,3,Budget,Family/Indoor,5,Airline Partner,75.5,High,City/Culture/Shopping,True,True,1,True,City/Culture/Shopping,469.0,56.2,Yes,,3.0,True,True,True,True,City/Culture/Shopping,City/Culture/Shopping,5.3,469.0,False,False,3.0,Budget,228.0,High,True,True,True,1.0,Mid,Booked,Outdoor/Higher-Risk,False,Low,True,1.0
PS01150,45-54,Friends/Group,Transit-Visa-Required,14.6,Evening,October,Checked-Through,4,Budget,Culture & Heritage,2,Organic App Search,66.1,Medium,Airport Lounge/Relaxation,True,True,1,False,,,,,,,True,True,False,,Airport Lounge/Relaxation,,14.6,,False,False,4.0,Budget,786.0,Medium,False,True,False,,No Spend,Package Viewed,Airside/Low-Risk,False,Low,True,
PS01151,35-44,Family with kids,Visa-Free/On-Arrival,7.4,Morning,July,Carry-On Only,5,Premium,Relaxation & Wellness,4,Word of Mouth/Referral,86.0,High,Indoor Micro-Experience,True,True,1,True,Indoor Micro-Experience,531.0,32.8,True,,5.0,True,True,True,True,Indoor Micro-Experience,Indoor Micro-Experience,7.4,531.0,False,False,5.0,Premium,354.0,High,True,True,True,0.0,Mid,Booked,Indoor/Moderate-Risk,False,Low,True,1.0
PS01152,45-54,Family with kids,Visa-Free/On-Arrival,5.4,Night,March,Carry-On Only,4,Budget,Culture & Heritage,4,Airline Partner,72.0,High,City/Culture/Shopping,True,True,4,True,City/Culture/Shopping,290.0,51.7,False,3.0,3.0,True,True,True,False,City/Culture/Shopping,City/Culture/Shopping,5.4,290.0,False,False,4.0,Budget,234.0,High,True,True,True,0.0,Low,Completed,Outdoor/Higher-Risk,False,Medium,True,1.0
PS01153,35-44,Family with kids,TRANSIT-VISA-REQUIRED,2.7,Morning,February,Needs Storage,3,Mid-Range,Relaxation & Wellness,2,Travel Agent,48.6,Medium,Indoor Micro-Experience,True,True,1,False,,,,,,,True,True,False,,Indoor Micro-Experience,,2.7,,False,False,3.0,Mid-Range,72.0,Medium,False,True,False,,No Spend,Package Viewed,Indoor/Moderate-Risk,False,Low,False,
PS01154,35-44,Couple,Visa-Free/On-Arrival,15.8,Morning,May,NEEDS STORAGE,1,Premium,Relaxation & Wellness,2,Travel Agent,88.9,High,Premium Fast-Track/Chauffeur,True,False,1,False,,,,,,,True,False,False,,Premium Fast-Track/Chauffeur,,15.8,,False,False,1.0,Premium,858.0,High,False,True,False,,No Spend,Package Viewed,Outdoor/Higher-Risk,False,Low,True,
PS01155,35-44,Friends/Group,Transit-Visa-Required,8.0,Morning,March,Needs Storage,4,Mid-Range,Shopping,3,Social Media,67.3,Medium,Indoor Micro-Experience,1,True,4,False,,,,,,,True,True,False,,Indoor Micro-Experience,,8.0,,False,False,4.0,Mid-Range,390.0,Medium,False,True,False,,No Spend,Package Viewed,Indoor/Moderate-Risk,False,Medium,True,
PS01156,45-54,Family with kids,Transit-Visa-Required,5.6,Morning,May,Carry-On Only,3,Budget,Active/City,2,Airline Partner,54.0,Medium,Airport Lounge/Relaxation,True,True,0,Yes,Airport Lounge/Relaxation,175.0,48.1,TRUE,,4.0,True,True,True,True,Airport Lounge/Relaxation,Airport Lounge/Relaxation,5.6,175.0,False,False,3.0,Budget,246.0,Medium,True,False,True,0.0,Low,Booked,Airside/Low-Risk,False,None,True,1.0
PS01157,18-24,Family with kids,Visa-Free/On-Arrival,6.2,Evening,September,Carry-On Only,2,Budget,Family/Indoor,5,Social Media,74.7,High,City/Culture/Shopping,True,True,1,True,City/Culture/Shopping,494.0,40.9,True,4.0,4.0,True,True,True,True,City/Culture/Shopping,City/Culture/Shopping,6.2,494.0,False,False,2.0,Budget,282.0,High,True,True,True,0.0,Mid,Completed,Outdoor/Higher-Risk,False,Low,True,1.0
PS01158,45-54,Friends/Group,Transit-Visa-Required,11.1,Night,November,Checked-Through,5,Budget,Culture & Heritage,4,Word of Mouth/Referral,71.0,High,Indoor Micro-Experience,True,True,1,True,Indoor Micro-Experience,AED 293.0,8.7,True,5.0,5.0,True,True,True,True,Indoor Micro-Experience,Indoor Micro-Experience,11.1,293.0,False,False,5.0,Budget,576.0,High,True,True,True,0.0,Low,Completed,Indoor/Moderate-Risk,False,Low,True,1.0
PS01159,45-54,Solo,Visa-Free/On-Arrival,5.6,Evening,October,Carry-On Only,3,Budget,Active/City,3,Airport Signage,69.5,High,City/Culture/Shopping,yes ,True,3,True,Culture & Shopping,392.0,54.0,no ,3.0,3.0,True,True,True,False,City/Culture/Shopping,City/Culture/Shopping,5.6,392.0,False,False,3.0,Budget,246.0,High,True,True,True,0.0,Mid,Completed,Outdoor/Higher-Risk,False,Medium,True,1.0
PS01160,18-24,Family with kids,Not-Eligible,4.0,Morning,January,Checked-Through,3,Premium,Culture & Heritage,2,Travel Agent,30.0,Low,Stay Airside,True,False,1,0,,,,,,,True,False,False,,Stay Airside,,4.0,,False,False,3.0,Premium,150.0,Low,False,True,False,,No Spend,Package Viewed,Airside/Low-Risk,False,Low,False,
PS01161,45-54,Solo,Visa-Free/On-Arrival,7.0,Afternoon,April,Needs Storage,4,Mid-Range,Relaxation & Wellness,4,Airport Signage,80.1,High,City/Culture/Shopping,True,True,2,True,Culture & Shopping,524.0,27.7,True,4.0,4.0,True,True,True,True,City/Culture/Shopping,City/Culture/Shopping,7.0,524.0,False,False,4.0,Mid-Range,330.0,High,True,True,True,0.0,Mid,Completed,Outdoor/Higher-Risk,False,Low,True,1.0
PS01162,18-24,Solo,Not-Eligible,6.8,Afternoon,October,Checked-Through,3,Mid-Range,Relaxation & Wellness,3,Social Media,30.0,Low,Stay Airside,True,False,0,False,,,,,,,True,False,False,,Stay Airside,,6.8,,False,False,3.0,Mid-Range,318.0,Low,False,False,False,,No Spend,App Viewed,Airside/Low-Risk,False,None,False,
PS01163,25-34,Solo,Transit-Visa-Required,6.7,Night,May,Carry-On Only,1,Mid-Range,Shopping,2,Airport Signage,71.8,High,City/Culture/Shopping,True,True,5,True,City/Culture/Shopping,363.0,50.4,True,3.0,3.0,True,True,True,True,City/Culture/Shopping,City/Culture/Shopping,6.7,363.0,False,False,1.0,Mid-Range,312.0,High,True,True,True,0.0,Mid,Completed,Outdoor/Higher-Risk,False,High,True,1.0
PS01164,35-44,Friends/Group,Visa-Free/On-Arrival,5.7,Morning,February,Checked-Through,3,Budget,Active/City,3,Airport Signage,73.9,High,City/Culture/Shopping,yes ,True,3,False,,,,,,,True,True,False,,City/Culture/Shopping,,5.7,,False,False,3.0,Budget,252.0,High,False,True,False,,No Spend,Package Viewed,Outdoor/Higher-Risk,False,Medium,True,
PS01165,18-24,Friends/Group,Visa-Free/On-Arrival,14.9,Evening,December,Checked-Through,1,Budget,Family/Indoor,5,Word of Mouth/Referral,96.2,High,City/Culture/Shopping,True,True,5,True,City/Culture/Shopping,505.0,13.2,True,,3.0,True,True,True,True,City/Culture/Shopping,City/Culture/Shopping,14.9,505.0,False,False,1.0,Budget,804.0,High,True,True,True,0.0,Mid,Booked,Outdoor/Higher-Risk,False,High,True,1.0
PS01166,45-54,Family with kids,Not-Eligible,26.0,Afternoon,February,Checked-Through,2,Budget,Culture & Heritage,1,Word of Mouth/Referral,30.0,Low,Stay Airside,True,True,5,False,,,,,,,True,True,False,,Stay Airside,,26.0,,False,False,2.0,Budget,1470.0,Low,False,True,False,,No Spend,Package Viewed,Airside/Low-Risk,False,High,False,
PS01167,45-54,Family with kids,Transit-Visa-Required,3.7,Afternoon,January,Checked-Through,1,Mid-Range,Active/City,3,Airport Signage,64.5,Medium,Indoor Micro-Experience,True,True,3,True,city/culture/shopping,534.0,62.9,True,3.0,3.0,True,True,True,True,Indoor Micro-Experience,City/Culture/Shopping,3.7,534.0,False,False,1.0,Mid-Range,132.0,Medium,True,True,True,1.0,Mid,Completed,Indoor/Moderate-Risk,False,Medium,False,0.0
PS01168,35-44,Couple,Visa-Free/On-Arrival,2.0,Afternoon,August,CHECKED-THROUGH,2,Mid-Range,Family/Indoor,5,Airport Signage,72.6,High,City/Culture/Shopping,True,False,5,True,Stay Airside,0.0,54.5,True,2.0,2.0,True,False,True,True,City/Culture/Shopping,Stay Airside,2.0,0.0,False,False,2.0,Mid-Range,30.0,High,True,True,True,0.0,Low,Completed,Outdoor/Higher-Risk,False,High,False,0.0
PS01169,18-24,Friends/Group,Transit-Visa-Required,6.4,Morning,February,Checked-Through,3,Mid-Range,Relaxation & Wellness,1,Travel Agent,62.0,Medium,Indoor Micro-Experience,yes ,True,2,True,Indoor Micro-Experience,282.0,38.8,False,4.0,4.0,True,True,True,False,Indoor Micro-Experience,Indoor Micro-Experience,6.4,282.0,False,False,3.0,Mid-Range,294.0,Medium,True,True,True,0.0,Low,Completed,Indoor/Moderate-Risk,False,Low,True,1.0
PS01170,25-34,Couple,Visa-Free/On-Arrival,2.0,Evening,March,Checked-Through,3,Mid-Range,Relaxation & Wellness,5,Word of Mouth/Referral,67.5,Medium,Indoor Micro-Experience,Yes,True,4,True,Indoor Micro-Experience,272.0,64.3,True,4.0,5.0,True,True,True,True,Indoor Micro-Experience,Indoor Micro-Experience,2.0,272.0,False,False,3.0,Mid-Range,30.0,Medium,True,True,True,1.0,Low,Completed,Indoor/Moderate-Risk,False,Medium,False,1.0
PS01171,35-44,Solo,Visa-Free/On-Arrival,2.5,Morning,December,Checked-Through,5,Premium,Shopping,3,Travel Agent,57.1,Medium,Indoor Micro-Experience,True,True,2,False,,,,,,,True,True,False,,Indoor Micro-Experience,,2.5,,False,False,5.0,Premium,60.0,Medium,False,True,False,,No Spend,Package Viewed,Indoor/Moderate-Risk,False,Low,False,
PS01172,55+,Solo,Visa-Free/On-Arrival,5.4,Evening,February,Needs Storage,3,Budget,Shopping,2,Social Media,64.4,Medium,Airport Lounge/Relaxation,True,True,1,False,,,,,,,True,True,False,,Airport Lounge/Relaxation,,5.4,,False,False,3.0,Budget,234.0,Medium,False,True,False,,No Spend,Package Viewed,Airside/Low-Risk,False,Low,True,
PS01173,35-44,Family with kids,visa-free/on-arrival,11.0,Morning,April,Checked-Through,4,Mid-Range,Shopping,1,Organic App Search,68.7,Medium,Indoor Micro-Experience,True,True,0,False,,,,,,,True,True,False,,Indoor Micro-Experience,,11.0,,False,False,4.0,Mid-Range,570.0,Medium,False,False,False,,No Spend,Eligibility Checked,Indoor/Moderate-Risk,False,None,False,
PS01174,25-34,Family with kids,Transit-Visa-Required,6.4,Night,January,Checked-Through,3,Budget,Active/City,1,Word of Mouth/Referral,64.2,Medium,Airport Lounge/Relaxation,True,True,4,True,Airport Lounge/Relaxation,247.0,29.0,False,2.0,2.0,True,True,True,False,Airport Lounge/Relaxation,Airport Lounge/Relaxation,6.4,247.0,False,False,3.0,Budget,294.0,Medium,True,True,True,0.0,Low,Completed,Airside/Low-Risk,False,Medium,True,1.0
PS01175,35-44,Solo,Visa-Free/On-Arrival,2.0,Morning,March,Needs Storage,4,Mid-Range,Shopping,2,Airline Partner,51.5,Medium,Indoor Micro-Experience,True,True,2,False,,,,,,,True,True,False,,Indoor Micro-Experience,,2.0,,False,False,4.0,Mid-Range,30.0,Medium,False,True,False,,No Spend,Package Viewed,Indoor/Moderate-Risk,False,Low,False,
PS01176,35-44,Solo,Transit-Visa-Required,6.3,Night,May,Carry-On Only,4,Budget,Culture & Heritage,1,Social Media,52.7,Medium,Airport Lounge/Relaxation,True,True,1,False,,,,,,,True,True,False,,Airport Lounge/Relaxation,,6.3,,False,False,4.0,Budget,288.0,Medium,False,True,False,,No Spend,Package Viewed,Airside/Low-Risk,False,Low,True,
PS01177,45-54,Family with kids,Visa-Free/On-Arrival,6.6,Evening,October,Checked-Through,3,Mid-Range,Culture & Heritage,3,Airport Signage,81.0,High,City/Culture/Shopping,True,True,1,True,City/Culture/Shopping,506.0,41.2,True,5.0,5.0,True,True,True,True,City/Culture/Shopping,City/Culture/Shopping,6.6,506.0,False,False,3.0,Mid-Range,306.0,High,True,True,True,0.0,Mid,Completed,Outdoor/Higher-Risk,False,Low,True,1.0
PS01178,18-24,Solo,Visa-Free/On-Arrival,6.7,Night,January,Checked-Through,2,Budget,Culture & Heritage,1,Word of Mouth/Referral,74.8,High,City/Culture/Shopping,True,True,0,True,City/Culture/Shopping,265.0,45.3,True,4.0,4.0,True,True,True,True,City/Culture/Shopping,City/Culture/Shopping,6.7,265.0,False,False,2.0,Budget,312.0,High,True,False,True,0.0,Low,Completed,Outdoor/Higher-Risk,False,None,True,1.0
PS01179,45-54,Family with kids,VISA-FREE/ON-ARRIVAL,13.7,Afternoon,April,Carry-On Only,3,Budget,Relaxation & Wellness,4,Airline Partner,80.4,High,City/Culture/Shopping,True,True,2,True,City/Culture/Shopping,291.0,21.4,False,3.0,3.0,True,True,True,False,City/Culture/Shopping,City/Culture/Shopping,13.7,291.0,False,False,3.0,Budget,732.0,High,True,True,True,0.0,Low,Completed,Outdoor/Higher-Risk,False,Low,False,1.0
PS01180,35-44,Friends/Group,Visa-Free/On-Arrival,12.4,Evening,June,Checked-Through,4,Premium,Active/City,4,Airport Signage,91.7,High,Premium Fast-Track/Chauffeur,True,yes ,3,True,Premium Fast-Track/Chauffeur,1058.0,8.1,True,4.0,4.0,True,True,True,True,Premium Fast-Track/Chauffeur,Premium Fast-Track/Chauffeur,12.4,1058.0,False,False,4.0,Premium,654.0,High,True,True,True,0.0,High,Completed,Outdoor/Higher-Risk,True,Medium,True,1.0
PS01181,55+,couple,Visa-Free/On-Arrival,7.8,Afternoon,April,checked-through,3,Budget,Culture & Heritage,5,Airport Signage,88.0,High,City/Culture/Shopping,True,False,2,False,,,,,,,True,False,False,,City/Culture/Shopping,,7.8,,False,False,3.0,Budget,378.0,High,False,True,False,,No Spend,Package Viewed,Outdoor/Higher-Risk,False,Low,True,
PS01182,25-34,Solo,Visa-Free/On-Arrival,21.4,Morning,July,Carry-On Only,5,Budget,Culture & Heritage,3,Airline Partner,76.9,High,Indoor Micro-Experience,True,True,3,True,Indoor Micro-Experience,378.0,0.0,True,4.0,3.0,True,True,True,True,Indoor Micro-Experience,Indoor Micro-Experience,21.4,378.0,False,False,5.0,Budget,1194.0,High,True,True,True,0.0,Mid,Completed,Indoor/Moderate-Risk,False,Medium,True,1.0
PS01183,35-44,Family with kids,Transit-Visa-Required,5.4,Afternoon,July,Checked-Through,2,Mid-Range,relaxation & wellness,5,Airport Signage,75.8,High,City/Culture/Shopping,True,True,4,True,City/Culture/Shopping,449.0,52.4,True,5.0,5.0,True,True,True,True,City/Culture/Shopping,City/Culture/Shopping,5.4,449.0,False,False,2.0,Mid-Range,234.0,High,True,True,True,0.0,Mid,Completed,Outdoor/Higher-Risk,False,Medium,True,1.0
PS01184,55+,Family with kids,Visa-Free/On-Arrival,6.9,Morning,June,Needs Storage,1,Mid-Range,Culture & Heritage,1,Travel Agent,73.1,High,City/Culture/Shopping,True,True,2,True,City/Culture/Shopping,439.0,40.1,True,4.0,4.0,True,True,True,True,City/Culture/Shopping,City/Culture/Shopping,6.9,439.0,False,False,1.0,Mid-Range,324.0,High,True,True,True,0.0,Mid,Completed,Outdoor/Higher-Risk,False,Low,True,1.0
PS01185,18-24,Couple,Visa-Free/On-Arrival,7.4,Night,September,Checked-Through,3,Mid-Range,Active/City,2,Airport Signage,72.4,High,City/Culture/Shopping,True,True,5,False,,,,,,,True,True,False,,City/Culture/Shopping,,7.4,,False,False,3.0,Mid-Range,354.0,High,False,True,False,,No Spend,Package Viewed,Outdoor/Higher-Risk,False,High,True,
PS01186,55+,Friends/Group,Visa-Free/On-Arrival,2.7,Morning,February,Carry-On Only,5,Mid-Range,Family/Indoor,2,Social Media,49.0,Medium,Indoor Micro-Experience,True,True,4,False,,,,,,,True,True,False,,Indoor Micro-Experience,,2.7,,False,False,5.0,Mid-Range,72.0,Medium,False,True,False,,No Spend,Package Viewed,Indoor/Moderate-Risk,False,Medium,False,
PS01187,35-44,Solo,Transit-Visa-Required,7.4,Evening,October,Carry-On Only,3,Budget,Culture & Heritage,4,Social Media,77.6,High,City/Culture/Shopping,True,True,1,False,,,,,,,True,True,False,,City/Culture/Shopping,,7.4,,False,False,3.0,Budget,354.0,High,False,True,False,,No Spend,Package Viewed,Outdoor/Higher-Risk,False,Low,True,
PS01188,18-24,Couple,Not-Eligible,2.3,Evening,August,Checked-Through,4,Budget,Active/City,5,Social Media,30.0,Low,Stay Airside,True,Y,1,False,,,,,,,True,True,False,,Stay Airside,,2.3,,False,False,4.0,Budget,48.0,Low,False,True,False,,No Spend,Package Viewed,Airside/Low-Risk,False,Low,False,
PS01189,25-34,Family with kids,Visa-Free/On-Arrival,4.8,Afternoon,August,Needs Storage,2,Mid-Range,Culture & Heritage,4,Social Media,78.4,High,City/Culture/Shopping,True,Y,2,Yes,City/Culture/Shopping,587.0,58.2,FALSE,4.0,4.0,True,True,True,False,City/Culture/Shopping,City/Culture/Shopping,4.8,587.0,False,False,2.0,Mid-Range,198.0,High,True,True,True,1.0,Mid,Completed,Outdoor/Higher-Risk,False,Low,True,1.0
PS01190,35-44,Friends/Group,Visa-Free/On-Arrival,8.0,Evening,November,Needs Storage,3,Budget,Shopping,3,Airline Partner,73.5,High,City/Culture/Shopping,yes ,True,3,False,,,,,,,True,True,False,,City/Culture/Shopping,,8.0,,False,False,3.0,Budget,390.0,High,False,True,False,,No Spend,Package Viewed,Outdoor/Higher-Risk,False,Medium,True,
PS01191,18-24,Solo,Visa-Free/On-Arrival,3.0,Morning,October,Checked-Through,,Premium,Shopping,4,Airline Partner,65.3,Medium,Indoor Micro-Experience,1,Y,3,False,,,,,,,True,True,False,,Indoor Micro-Experience,,3.0,,True,False,,Premium,90.0,Medium,False,True,False,,No Spend,Package Viewed,Indoor/Moderate-Risk,False,Medium,False,
PS01192,35-44,Family with kids,Not-Eligible,9.1,Evening,November,NEEDS STORAGE,5,Budget,Active/City,2,Word of Mouth/Referral,30.0,Low,Stay Airside,True,False,0,False,,,,,,,True,False,False,,Stay Airside,,9.1,,False,False,5.0,Budget,456.0,Low,False,False,False,,No Spend,App Viewed,Airside/Low-Risk,False,None,False,
PS01193,25-34,Couple,Visa-Free/On-Arrival,4.3,Afternoon,April,Checked-Through,2,Mid-Range,Relaxation & Wellness,3,Social Media,74.3,High,City/Culture/Shopping,yes ,True,1,False,,,,,,,True,True,False,,City/Culture/Shopping,,4.3,,False,False,2.0,Mid-Range,168.0,High,False,True,False,,No Spend,Package Viewed,Outdoor/Higher-Risk,False,Low,False,
PS01194,35-44,Solo,Visa-Free/On-Arrival,5.9,Night,June,Needs Storage,,Premium,Culture & Heritage,3,Travel Agent,72.8,High,Premium Fast-Track/Chauffeur,True,True,2,True,Premium Fast-Track/Chauffeur,1989.0,39.9,True,4.0,4.0,True,True,True,True,Premium Fast-Track/Chauffeur,Premium Fast-Track/Chauffeur,5.9,1989.0,True,False,,Premium,264.0,High,True,True,True,0.0,High,Completed,Outdoor/Higher-Risk,True,Low,True,1.0
PS01195,18-24,Solo,Visa-Free/On-Arrival,10.0,Evening,November,Checked-Through,4,Mid-Range,Relaxation & Wellness,2,Social Media,75.6,High,Indoor Micro-Experience,True,False,2,False,,,,,,,True,False,False,,Indoor Micro-Experience,,10.0,,False,False,4.0,Mid-Range,510.0,High,False,True,False,,No Spend,Package Viewed,Indoor/Moderate-Risk,False,Low,True,
PS01196,45-54,Friends/Group,Visa-Free/On-Arrival,7.1,Night,June,Checked-Through,1,Mid-Range,Family/Indoor,1,Airline Partner,80.1,High,City/Culture/Shopping,True,True,2,True,City/Culture/Shopping,455.0,33.6,True,4.0,4.0,True,True,True,True,City/Culture/Shopping,City/Culture/Shopping,7.1,455.0,False,False,1.0,Mid-Range,336.0,High,True,True,True,0.0,Mid,Completed,Outdoor/Higher-Risk,False,Low,True,1.0
PS01197,55+,Solo,Visa-Free/On-Arrival,9.0,Morning,May,Checked-Through,4,Mid-Range,Culture & Heritage,4,Word of Mouth/Referral,79.5,High,city/culture/shopping,True,False,1,False,,,,,,,True,False,False,,City/Culture/Shopping,,9.0,,False,False,4.0,Mid-Range,450.0,High,False,True,False,,No Spend,Package Viewed,Outdoor/Higher-Risk,False,Low,True,
PS01198,55+,Solo,Transit-Visa-Required,9.7,Afternoon,January,Checked-Through,3,Mid-Range,Relaxation & Wellness,3,Airline Partner,70.7,High,City/Culture/Shopping,Y,True,2,True,City/Culture/Shopping,595.0,32.6,False,1.0,1.0,True,True,True,False,City/Culture/Shopping,City/Culture/Shopping,9.7,595.0,False,False,3.0,Mid-Range,492.0,High,True,True,True,0.0,Mid,Completed,Outdoor/Higher-Risk,False,Low,True,1.0
PS01199,35-44,Solo,Visa-Free/On-Arrival,7.0,Morning,March,Checked-Through,2,Mid-Range,Relaxation & Wellness,3,Organic App Search,85.0,High,City/Culture/Shopping,True,True,2,True,City / Culture / Shopping,333.0,38.6,True,3.0,3.0,True,True,True,True,City/Culture/Shopping,City/Culture/Shopping,7.0,333.0,False,False,2.0,Mid-Range,330.0,High,True,True,True,0.0,Mid,Completed,Outdoor/Higher-Risk,False,Low,True,1.0
PS01200,18-24,Friends/Group,Transit-Visa-Required,9.3,Morning,July,Needs Storage,4,Budget,Family/Indoor,3,Airline Partner,61.5,Medium,Airport Lounge/Relaxation,True,True,1,True,Airport Lounge/Relaxation,253.0,12.7,True,3.0,3.0,True,True,True,True,Airport Lounge/Relaxation,Airport Lounge/Relaxation,9.3,253.0,False,False,4.0,Budget,468.0,Medium,True,True,True,0.0,Low,Completed,Airside/Low-Risk,False,Low,True,1.0
PS01201,45-54,Family with kids,visa-free/on-arrival,4.8,Morning,August,Needs Storage,2,Mid-Range,Shopping,5,Social Media,81.4,High,City/Culture/Shopping,True,True,6,True,City/Culture/Shopping,350.0,50.8,False,3.0,3.0,True,True,True,False,City/Culture/Shopping,City/Culture/Shopping,4.8,350.0,False,False,2.0,Mid-Range,198.0,High,True,True,True,0.0,Mid,Completed,Outdoor/Higher-Risk,False,High,False,1.0
PS01202,18-24,Family with kids,Visa-Free/On-Arrival,9.9,Evening,February,Checked-Through,5,Budget,Shopping,3,Airline Partner,77.7,High,City/Culture/Shopping,True,TRUE,5,True,City/Culture/Shopping,376.0,30.7,True,4.0,4.0,True,True,True,True,City/Culture/Shopping,City/Culture/Shopping,9.9,376.0,False,False,5.0,Budget,504.0,High,True,True,True,0.0,Mid,Completed,Outdoor/Higher-Risk,False,High,True,1.0
PS01203,18-24,Solo,Not-Eligible,6.5,Morning,March,Checked-Through,4,Budget,Relaxation & Wellness,2,Word of Mouth/Referral,30.0,Low,Stay Airside,True,False,0,False,,,,,,,True,False,False,,Stay Airside,,6.5,,False,False,4.0,Budget,300.0,Low,False,False,False,,No Spend,App Viewed,Airside/Low-Risk,False,None,False,
PS01204,25-34,Couple,Visa-Free/On-Arrival,15.1,Afternoon,April,Needs Storage,4,Mid-Range,Relaxation & Wellness,3,Organic App Search,79.8,High,City/Culture/Shopping,True,True,6,True,City/Culture/Shopping,401.0,25.5,True,4.0,3.0,True,True,True,True,City/Culture/Shopping,City/Culture/Shopping,15.1,401.0,False,False,4.0,Mid-Range,816.0,High,True,True,True,0.0,Mid,Completed,Outdoor/Higher-Risk,False,High,True,1.0
PS01205,25-34,Couple,Transit-Visa-Required,8.1,Night,November,Checked-Through,1,Budget,Relaxation & Wellness,4,Airline Partner,82.2,High,City/Culture/Shopping,True,True,6,True,Airport Lounge/Relaxation,249.0,20.5,True,2.0,2.0,True,True,True,True,City/Culture/Shopping,Airport Lounge/Relaxation,8.1,249.0,False,False,1.0,Budget,396.0,High,True,True,True,0.0,Low,Completed,Outdoor/Higher-Risk,False,High,True,0.0
PS01206,45-54,Family with kids,VISA-FREE/ON-ARRIVAL,5.2,Evening,May,Checked-Through,5,Mid-Range,Relaxation & Wellness,1,Airport Signage,65.6,Medium,Indoor Micro-Experience,TRUE,True,1,True,  Premium Fast-Track/Chauffeur ,1625.0,46.8,True,3.0,3.0,True,True,True,True,Indoor Micro-Experience,Premium Fast-Track/Chauffeur,5.2,1625.0,False,False,5.0,Mid-Range,222.0,Medium,True,True,True,0.0,High,Completed,Indoor/Moderate-Risk,False,Low,False,0.0
PS01207,35-44,Friends/Group,Visa-Free/On-Arrival,10.0,Afternoon,March,Checked-Through,4,Premium,Relaxation & Wellness,3,Airline Partner,82.6,High,Indoor Micro-Experience,True,True,2,True,Indoor Micro-Experience,306.0,16.6,True,4.0,4.0,True,True,True,True,Indoor Micro-Experience,Indoor Micro-Experience,10.0,306.0,False,False,4.0,Premium,510.0,High,True,True,True,0.0,Mid,Completed,Indoor/Moderate-Risk,True,Low,True,1.0
PS01208,25-34,Solo,Not-Eligible,15.5,Afternoon,May,Checked-Through,2,Premium,Active/City,3,Word of Mouth/Referral,30.0,Low,Stay Airside,True,False,2,FALSE,,,,,,,True,False,False,,Stay Airside,,15.5,,False,False,2.0,Premium,840.0,Low,False,True,False,,No Spend,Package Viewed,Airside/Low-Risk,False,Low,False,
PS01209,25-34,Family with kids,Visa-Free/On-Arrival,5.5,Afternoon,August,Checked-Through,3,Mid-Range,Shopping,3,Airport Signage,75.6,High,City/Culture/Shopping,True,True,3,True,  City/Culture/Shopping ,367.0,40.7,True,4.0,4.0,True,True,True,True,City/Culture/Shopping,City/Culture/Shopping,5.5,367.0,False,False,3.0,Mid-Range,240.0,High,True,True,True,0.0,Mid,Completed,Outdoor/Higher-Risk,False,Medium,True,1.0
PS01210,55+,Solo,Transit-Visa-Required,4.9,Morning,August,Carry-On Only,2,Mid-Range,Culture & Heritage,3,Social Media,66.9,Medium,Indoor Micro-Experience,True,True,5,False,,,,,,,True,True,False,,Indoor Micro-Experience,,4.9,,False,False,2.0,Mid-Range,204.0,Medium,False,True,False,,No Spend,Package Viewed,Indoor/Moderate-Risk,False,High,True,
PS01211,25-34,Couple,Visa-Free/On-Arrival,2.0,Evening,February,Carry-On Only,5,Budget,family/indoor,4,Airline Partner,50.2,Medium,Airport Lounge/Relaxation,True,True,1,False,,,,,,,True,True,False,,Airport Lounge/Relaxation,,2.0,,False,False,5.0,Budget,30.0,Medium,False,True,False,,No Spend,Package Viewed,Airside/Low-Risk,False,Low,False,
PS01212,25-34,Solo,Transit-Visa-Required,8.1,Afternoon,June,Checked-Through,5,Mid-Range,Culture & Heritage,5,Travel Agent,79.1,High,City/Culture/Shopping,True,True,4,True,City/Culture/Shopping,429.0,31.8,True,4.0,4.0,True,True,True,True,City/Culture/Shopping,City/Culture/Shopping,8.1,429.0,False,False,5.0,Mid-Range,396.0,High,True,True,True,0.0,Mid,Completed,Outdoor/Higher-Risk,False,Medium,True,1.0
PS01213,18-24,Solo,Visa-Free/On-Arrival,6.1,Night,April,Needs Storage,5,Budget,Relaxation & Wellness,5,Social Media,70.9,High,City/Culture/Shopping,TRUE,True,2,True,City/Culture/Shopping,427.0,55.9,False,2.0,2.0,True,True,True,False,City/Culture/Shopping,City/Culture/Shopping,6.1,427.0,False,False,5.0,Budget,276.0,High,True,True,True,1.0,Mid,Completed,Outdoor/Higher-Risk,False,Low,True,1.0
PS01214,45-54,Solo,Visa-Free/On-Arrival,10.0,Evening,September,Carry-On Only,4,Budget,active/city,4,Travel Agent,77.1,High,City/Culture/Shopping,True,yes ,1,True,City/Culture/Shopping,398.0,21.4,True,3.0,2.0,True,True,True,True,City/Culture/Shopping,City/Culture/Shopping,10.0,398.0,False,False,4.0,Budget,510.0,High,True,True,True,0.0,Mid,Completed,Outdoor/Higher-Risk,False,Low,True,1.0
PS01215,35-44,Couple,Transit-Visa-Required,10.1,Evening,October,Checked-Through,3,Mid-Range,Culture & Heritage,3,Word of Mouth/Referral,73.3,High,City/Culture/Shopping,True,True,3,False,,,,,,,True,True,False,,City/Culture/Shopping,,10.1,,False,False,3.0,Mid-Range,516.0,High,False,True,False,,No Spend,Package Viewed,Outdoor/Higher-Risk,False,Medium,True,
PS01216,25-34,Solo,Not-Eligible,2.8,Afternoon,February,Checked-Through,2,Budget,Active/City,4,Airline Partner,30.0,Low,Stay Airside,True,True,1,True,Stay Airside,0.0,58.5,True,5.0,4.0,True,True,True,True,Stay Airside,Stay Airside,2.8,0.0,False,False,2.0,Budget,78.0,Low,True,True,True,1.0,Low,Completed,Airside/Low-Risk,False,Low,False,1.0
PS01217,18-24,Family with kids,Not-Eligible,12.4,Morning,August,Checked-Through,2,Budget,Family/Indoor,4,Social Media,30.0,Low,Stay Airside,True,True,3,False,,,,,,,True,True,False,,Stay Airside,,12.4,,False,False,2.0,Budget,654.0,Low,False,True,False,,No Spend,Package Viewed,Airside/Low-Risk,False,Medium,False,
PS01218,35-44,Couple,Transit-Visa-Required,4.5,Evening,January,Checked-Through,2,Mid-Range,Family/Indoor,4,Social Media,69.3,High,City/Culture/Shopping,True,True,1,Yes,City/Culture/Shopping,555.0,55.7,True,5.0,5.0,True,True,True,True,City/Culture/Shopping,City/Culture/Shopping,4.5,555.0,False,False,2.0,Mid-Range,180.0,High,True,True,True,1.0,Mid,Completed,Outdoor/Higher-Risk,False,Low,True,1.0
PS01219,35-44,Solo,Not-Eligible,5.5,Afternoon,November,Checked-Through,3,Budget,Family/Indoor,2,Social Media,30.0,Low,Stay Airside,True,True,2,False,,,,,,,True,True,False,,Stay Airside,,5.5,,False,False,3.0,Budget,240.0,Low,False,True,False,,No Spend,Package Viewed,Airside/Low-Risk,False,Low,False,
PS01220,25-34,Family with kids,Visa-Free/On-Arrival,9.1,Morning,June,Checked-Through,5,Budget,Culture & Heritage,1,Airline Partner,68.9,Medium,Airport Lounge/Relaxation,True,True,0,FALSE,,,,,,,True,True,False,,Airport Lounge/Relaxation,,9.1,,False,False,5.0,Budget,456.0,Medium,False,False,False,,No Spend,Eligibility Checked,Airside/Low-Risk,False,None,True,
PS01221,55+,Solo,Visa-Free/On-Arrival,3.5,Morning,November,Checked-Through,5,Budget,Culture & Heritage,5,Word of Mouth/Referral,68.1,Medium,Airport Lounge/Relaxation,Y,Y,1,N,,,,,,,True,True,False,,Airport Lounge/Relaxation,,3.5,,False,False,5.0,Budget,120.0,Medium,False,True,False,,No Spend,Package Viewed,Airside/Low-Risk,False,Low,False,
PS01222,18-24,Couple,VISA-FREE/ON-ARRIVAL,5.0,Morning,November,Carry-On Only,2,Mid-Range,Family/Indoor,5,Organic App Search,79.9,High,City/Culture/Shopping,True,True,2,True,City/Culture/Shopping,,42.4,False,3.0,4.0,True,True,True,False,City/Culture/Shopping,City/Culture/Shopping,5.0,,False,False,2.0,Mid-Range,210.0,High,True,True,True,0.0,No Spend,Completed,Outdoor/Higher-Risk,False,Low,False,1.0
PS01223,25-34,Family with kids,Visa-Free/On-Arrival,3.3,Evening,December,Carry-On Only,4,Mid-Range,Active/City,3,Organic App Search,55.4,Medium,Indoor Micro-Experience,True,True,2,True,Indoor Micro-Experience,368.0,60.2,True,5.0,5.0,True,True,True,True,Indoor Micro-Experience,Indoor Micro-Experience,3.3,368.0,False,False,4.0,Mid-Range,108.0,Medium,True,True,True,1.0,Mid,Completed,Indoor/Moderate-Risk,False,Low,False,1.0
PS01224,55+,Solo,Visa-Free/On-Arrival,13.0,Morning,October,Checked-Through,3,,Family/Indoor,5,Word of Mouth/Referral,85.0,High,City/Culture/Shopping,True,True,2,False,,,,,,,True,True,False,,City/Culture/Shopping,,13.0,,False,True,3.0,Unknown,690.0,High,False,True,False,,No Spend,Package Viewed,Outdoor/Higher-Risk,False,Low,True,
PS01225,25-34,Solo,Visa-Free/On-Arrival,5.9,Afternoon,January,Carry-On Only,3,Budget,Culture & Heritage,4,Airport Signage,77.4,High,  City/Culture/Shopping ,True,True,3,True,Stay Airside,0.0,31.9,True,3.0,3.0,True,True,True,True,City/Culture/Shopping,Stay Airside,5.9,0.0,False,False,3.0,Budget,264.0,High,True,True,True,0.0,Low,Completed,Outdoor/Higher-Risk,False,Medium,True,0.0
PS01226,35-44,Solo,Visa-Free/On-Arrival,3.0,Afternoon,February,Needs Storage,4,Mid-Range,Shopping,3,Airport Signage,57.3,Medium,Indoor Micro-Experience,True,False,4,True,Indoor Micro-Experience,364.0,64.2,True,4.0,4.0,True,False,True,True,Indoor Micro-Experience,Indoor Micro-Experience,3.0,364.0,False,False,4.0,Mid-Range,90.0,Medium,True,True,True,1.0,Mid,Completed,Indoor/Moderate-Risk,False,Medium,False,1.0
PS01227,25-34,Friends/Group,Transit-Visa-Required,3.2,Evening,March,Carry-On Only,3,Mid-Range,Active/City,3,Airline Partner,54.2,Medium,Indoor Micro-Experience,True,True,3,yes ,Indoor Micro-Experience,306.0,56.8,False,4.0,4.0,True,True,True,False,Indoor Micro-Experience,Indoor Micro-Experience,3.2,306.0,False,False,3.0,Mid-Range,102.0,Medium,True,True,True,1.0,Mid,Completed,Indoor/Moderate-Risk,False,Medium,False,1.0
PS01228,25-34,Couple,Visa-Free/On-Arrival,11.8,Night,September,Checked-Through,5,Budget,FAMILY/INDOOR,3,Airport Signage,70.6,High,Indoor Micro-Experience,True,True,6,True,Indoor Micro-Experience,375.0,6.0,True,3.0,3.0,True,True,True,True,Indoor Micro-Experience,Indoor Micro-Experience,11.8,375.0,False,False,5.0,Budget,618.0,High,True,True,True,0.0,Mid,Completed,Indoor/Moderate-Risk,False,High,True,1.0
PS01229,55+,Family with kids,Visa-Free/On-Arrival,4.2,Night,May,Checked-Through,4,Mid-Range,Active/City,3,Airline Partner,64.8,Medium,Indoor Micro-Experience,True,False,1,False,,,,,,,True,False,False,,Indoor Micro-Experience,,4.2,,False,False,4.0,Mid-Range,162.0,Medium,False,True,False,,No Spend,Package Viewed,Indoor/Moderate-Risk,False,Low,False,
PS01230,25-34,Couple,Visa-Free/On-Arrival,5.5,Afternoon,October,NEEDS STORAGE,4,Mid-Range,Family/Indoor,5,Airport Signage,73.0,High,CITY/CULTURE/SHOPPING,True,True,3,N,,,,,,,True,True,False,,City/Culture/Shopping,,5.5,,False,False,4.0,Mid-Range,240.0,High,False,True,False,,No Spend,Package Viewed,Outdoor/Higher-Risk,False,Medium,True,
PS01231,45-54,Solo,Transit-Visa-Required,7.6,Morning,October,Checked-Through,2,Mid-Range,Family/Indoor,3,Word of Mouth/Referral,79.0,High,City/Culture/Shopping,True,True,3,True,City/Culture/Shopping,323.0,39.8,yes ,4.0,4.0,True,True,True,True,City/Culture/Shopping,City/Culture/Shopping,7.6,323.0,False,False,2.0,Mid-Range,366.0,High,True,True,True,0.0,Mid,Completed,Outdoor/Higher-Risk,False,Medium,True,1.0
PS01232,25-34,Couple,Transit-Visa-Required,6.1,Afternoon,December,Checked-Through,2,Mid-Range,Relaxation & Wellness,4,Organic App Search,75.4,High,City/Culture/Shopping,True,True,1,True,City/Culture/Shopping,419.0,48.3,True,4.0,4.0,True,True,True,True,City/Culture/Shopping,City/Culture/Shopping,6.1,419.0,False,False,2.0,Mid-Range,276.0,High,True,True,True,0.0,Mid,Completed,Outdoor/Higher-Risk,False,Low,True,1.0
PS01233,25-34,Family with kids,Transit-Visa-Required,2.0,Evening,February,Carry-On Only,,Budget,Culture & Heritage,4,Organic App Search,54.9,Medium,Airport Lounge/Relaxation,Yes,True,1,False,,,,,,,True,True,False,,Airport Lounge/Relaxation,,2.0,,True,False,,Budget,30.0,Medium,False,True,False,,No Spend,Package Viewed,Airside/Low-Risk,False,Low,False,
PS01234,18-24,Solo,Visa-Free/On-Arrival,10.7,Evening,October,Carry-On Only,4,Mid-Range,Relaxation & Wellness,1,Airline Partner,71.5,High,Indoor Micro-Experience,True,True,1,True,Indoor Micro-Experience,382.0,2.1,True,3.0,2.0,True,True,True,True,Indoor Micro-Experience,Indoor Micro-Experience,10.7,382.0,False,False,4.0,Mid-Range,552.0,High,True,True,True,0.0,Mid,Completed,Indoor/Moderate-Risk,False,Low,True,1.0
PS01235,35-44,Solo,Visa-Free/On-Arrival,6.4,Evening,May,Carry-On Only,5,Mid-Range,Family/Indoor,1,Organic App Search,65.0,Medium,Indoor Micro-Experience,True,True,1,True,Stay Airside,0.0,35.9,TRUE,2.0,2.0,True,True,True,True,Indoor Micro-Experience,Stay Airside,6.4,0.0,False,False,5.0,Mid-Range,294.0,Medium,True,True,True,0.0,Low,Completed,Indoor/Moderate-Risk,False,Low,True,0.0
PS01236,25-34,Solo,Visa-Free/On-Arrival,8.9,Morning,May,Checked-Through,3,Mid-Range,Relaxation & Wellness,4,Airline Partner,82.0,High,City/Culture/Shopping,True,True,3,Yes,City/Culture/Shopping,584.0,29.4,True,4.0,4.0,True,True,True,True,City/Culture/Shopping,City/Culture/Shopping,8.9,584.0,False,False,3.0,Mid-Range,444.0,High,True,True,True,0.0,Mid,Completed,Outdoor/Higher-Risk,False,Medium,True,1.0
PS01237,45-54,couple,Visa-Free/On-Arrival,11.1,Evening,January,Checked-Through,4,Mid-Range,Relaxation & Wellness,2,Social Media,80.0,High,Indoor Micro-Experience,True,True,6,TRUE,Indoor Micro-Experience,350.0,8.5,True,5.0,5.0,True,True,True,True,Indoor Micro-Experience,Indoor Micro-Experience,11.1,350.0,False,False,4.0,Mid-Range,576.0,High,True,True,True,0.0,Mid,Completed,Indoor/Moderate-Risk,False,High,True,1.0
PS01238,25-34,Friends/Group,Visa-Free/On-Arrival,2.0,Morning,March,Needs Storage,3,Premium,Shopping,4,Social Media,58.8,Medium,Indoor Micro-Experience,True,True,3,False,,,,,,,True,True,False,,Indoor Micro-Experience,,2.0,,False,False,3.0,Premium,30.0,Medium,False,True,False,,No Spend,Package Viewed,Indoor/Moderate-Risk,False,Medium,False,
PS01239,55+,Solo,Visa-Free/On-Arrival,11.2,Evening,May,Checked-Through,2,Premium,Family/Indoor,2,Social Media,87.2,High,Premium Fast-Track/Chauffeur,True,True,1,False,,,,,,,True,True,False,,Premium Fast-Track/Chauffeur,,11.2,,False,False,2.0,Premium,582.0,High,False,True,False,,No Spend,Package Viewed,Outdoor/Higher-Risk,False,Low,True,
PS01240,25-34,Couple,Visa-Free/On-Arrival,25.7,Afternoon,September,Checked-Through,4,Mid-Range,Shopping,3,Organic App Search,74.5,High,Indoor Micro-Experience,True,True,4,True,Indoor Micro-Experience,429.0,8.1,True,5.0,5.0,True,True,True,True,Indoor Micro-Experience,Indoor Micro-Experience,25.7,429.0,False,False,4.0,Mid-Range,1452.0,High,True,True,True,0.0,Mid,Completed,Indoor/Moderate-Risk,False,Medium,True,1.0
PS01241,45-54,Solo,Not-Eligible,9.5,Evening,October,Checked-Through,4,Mid-Range,Shopping,2,Airport Signage,30.0,Low,Stay Airside,Yes,True,2,False,,,,,,,True,True,False,,Stay Airside,,9.5,,False,False,4.0,Mid-Range,480.0,Low,False,True,False,,No Spend,Package Viewed,Airside/Low-Risk,False,Low,False,
PS01242,45-54,Friends/Group,Not-Eligible,15.3,Morning,January,Carry-On Only,,Budget,Relaxation & Wellness,2,Social Media,30.0,Low,Stay Airside,True,True,0,False,,,,,,,True,True,False,,Stay Airside,,15.3,,True,False,,Budget,828.0,Low,False,False,False,,No Spend,Eligibility Checked,Airside/Low-Risk,False,None,False,
PS01243,45-54,Solo,Visa-Free/On-Arrival,12.8,Afternoon,August,Carry-On Only,3,Mid-Range,Shopping,1,Airline Partner,80.2,High,City/Culture/Shopping,True,True,1,True,City/Culture/Shopping,331.0,18.5,True,3.0,4.0,True,True,True,True,City/Culture/Shopping,City/Culture/Shopping,12.8,331.0,False,False,3.0,Mid-Range,678.0,High,True,True,True,0.0,Mid,Completed,Outdoor/Higher-Risk,False,Low,True,1.0
PS01244,45-54,Couple,Visa-Free/On-Arrival,10.9,Evening,January,Needs Storage,3,Mid-Range,Family/Indoor,5,Word of Mouth/Referral,77.4,High,City/Culture/Shopping,True,True,3,False,,,,,,,True,True,False,,City/Culture/Shopping,,10.9,,False,False,3.0,Mid-Range,564.0,High,False,True,False,,No Spend,Package Viewed,Outdoor/Higher-Risk,False,Medium,True,
PS01245,45-54,Family with kids,Visa-Free/On-Arrival,13.0,Morning,September,Checked-Through,2,Budget,Shopping,3,Airport Signage,79.7,High,City/Culture/Shopping,True,True,3,False,,,,,,,True,True,False,,City/Culture/Shopping,,13.0,,False,False,2.0,Budget,690.0,High,False,True,False,,No Spend,Package Viewed,Outdoor/Higher-Risk,False,Medium,True,
PS01246,35-44,Family with kids,Visa-Free/On-Arrival,14.3,Evening,June,Checked-Through,5,Budget,Culture & Heritage,5,Travel Agent,86.0,High,Indoor Micro-Experience,True,True,1,False,,,,,,,True,True,False,,Indoor Micro-Experience,,14.3,,False,False,5.0,Budget,768.0,High,False,True,False,,No Spend,Package Viewed,Indoor/Moderate-Risk,False,Low,True,
PS01247,18-24,Couple,Not-Eligible,14.6,Evening,January,Checked-Through,3,Budget,Shopping,5,Travel Agent,30.0,Low,Stay Airside,True,True,0,False,,,,,,,True,True,False,,Stay Airside,,14.6,,False,False,3.0,Budget,786.0,Low,False,False,False,,No Spend,Eligibility Checked,Airside/Low-Risk,False,None,False,
PS01248,18-24,Solo,Visa-Free/On-Arrival,3.2,Evening,August,Needs Storage,2,Budget,Shopping,5,Travel Agent,65.0,Medium,Airport Lounge/Relaxation,True,True,1,True,Airport Lounge/Relaxation,195.0,59.1,True,5.0,4.0,True,True,True,True,Airport Lounge/Relaxation,Airport Lounge/Relaxation,3.2,195.0,False,False,2.0,Budget,102.0,Medium,True,True,True,1.0,Low,Completed,Airside/Low-Risk,False,Low,False,1.0
PS01249,55+,Solo,Transit-Visa-Required,13.5,Afternoon,May,Checked-Through,2,Budget,Relaxation & Wellness,3,Social Media,80.4,High,City/Culture/Shopping,yes ,True,6,False,,,,,,,True,True,False,,City/Culture/Shopping,,13.5,,False,False,2.0,Budget,720.0,High,False,True,False,,No Spend,Package Viewed,Outdoor/Higher-Risk,False,High,True,
PS01250,35-44,Solo,Visa-Free/On-Arrival,6.3,Afternoon,July,Checked-Through,5,Budget,Family/Indoor,4,Airport Signage,73.3,High,Indoor Micro-Experience,True,TRUE,2,False,,,,,,,True,True,False,,Indoor Micro-Experience,,6.3,,False,False,5.0,Budget,288.0,High,False,True,False,,No Spend,Package Viewed,Indoor/Moderate-Risk,False,Low,True,
PS01251,45-54,Solo,Not-Eligible,14.9,Evening,July,Carry-On Only,4,Mid-Range,Active/City,2,Social Media,30.0,Low,Stay Airside,True,True,1,no ,,,,,,,True,True,False,,Stay Airside,,14.9,,False,False,4.0,Mid-Range,804.0,Low,False,True,False,,No Spend,Package Viewed,Airside/Low-Risk,False,Low,False,
PS01252,25-34,Couple,Visa-Free/On-Arrival,9.9,Afternoon,July,Checked-Through,4,Budget,Shopping,1,Organic App Search,65.2,Medium,Airport Lounge/Relaxation,True,True,0,False,,,,,,,True,True,False,,Airport Lounge/Relaxation,,9.9,,False,False,4.0,Budget,504.0,Medium,False,False,False,,No Spend,Eligibility Checked,Airside/Low-Risk,False,None,True,
PS01253,18-24,Solo,Transit-Visa-Required,3.2,Evening,June,Checked-Through,1,,Relaxation & Wellness,5,Word of Mouth/Referral,73.4,High,City/Culture/Shopping,True,True,2,True,City / Culture / Shopping,336.0,67.1,False,4.0,4.0,True,True,True,False,City/Culture/Shopping,City/Culture/Shopping,3.2,336.0,False,True,1.0,Unknown,102.0,High,True,True,True,1.0,Mid,Completed,Outdoor/Higher-Risk,False,Low,False,1.0
PS01254,18-24,Solo,Visa-Free/On-Arrival,16.1,Afternoon,November,Needs Storage,5,Premium,Relaxation & Wellness,1,Airline Partner,72.8,High,Premium Fast-Track/Chauffeur,True,True,1,True,Premium Fast-Track/Chauffeur,2583.0,1.3,True,4.0,4.0,True,True,True,True,Premium Fast-Track/Chauffeur,Premium Fast-Track/Chauffeur,16.1,2583.0,False,False,5.0,Premium,876.0000000000001,High,True,True,True,0.0,High,Completed,Outdoor/Higher-Risk,False,Low,True,1.0
PS01255,35-44,Family with kids,Transit-Visa-Required,4.5,Morning,August,Checked-Through,3,Budget,Culture & Heritage,5,Airline Partner,65.1,Medium,Airport Lounge/Relaxation,True,False,2,0,,,,,,,True,False,False,,Airport Lounge/Relaxation,,4.5,,False,False,3.0,Budget,180.0,Medium,False,True,False,,No Spend,Package Viewed,Airside/Low-Risk,False,Low,True,
PS01256,25-34,friends/group,Visa-Free/On-Arrival,6.2,Morning,September,Checked-Through,4,Premium,Relaxation & Wellness,4,Social Media,86.0,High,Premium Fast-Track/Chauffeur,True,True,1,False,,,,,,,True,True,False,,Premium Fast-Track/Chauffeur,,6.2,,False,False,4.0,Premium,282.0,High,False,True,False,,No Spend,Package Viewed,Outdoor/Higher-Risk,False,Low,True,
PS01257,25-34,Couple,Visa-Free/On-Arrival,18.2,Morning,December,CHECKED-THROUGH,5,Mid-Range,Relaxation & Wellness,3,Word of Mouth/Referral,75.2,High,City/Culture/Shopping,TRUE,True,2,Y,City/Culture/Shopping,433.0,13.6,True,5.0,5.0,True,True,True,True,City/Culture/Shopping,City/Culture/Shopping,18.2,433.0,False,False,5.0,Mid-Range,1002.0,High,True,True,True,0.0,Mid,Completed,Outdoor/Higher-Risk,False,Low,True,1.0
PS01258,25-34,Solo,Not-Eligible,8.1,Afternoon,February,Checked-Through,2,Budget,Family/Indoor,2,Airport Signage,30.0,Low,Stay Airside,True,Y,2,False,,,,,,,True,True,False,,Stay Airside,,8.1,,False,False,2.0,Budget,396.0,Low,False,True,False,,No Spend,Package Viewed,Airside/Low-Risk,False,Low,False,
PS01259,18-24,Solo,Not-Eligible,6.0,Evening,July,Checked-Through,3,Budget,Relaxation & Wellness,4,Travel Agent,30.0,Low,Stay Airside,True,True,1,False,,,,,,,True,True,False,,Stay Airside,,6.0,,False,False,3.0,Budget,270.0,Low,False,True,False,,No Spend,Package Viewed,Airside/Low-Risk,False,Low,False,
PS01260,35-44,Friends/Group,Not-Eligible,7.1,Evening,February,Carry-On Only,1,Budget,Culture & Heritage,3,Organic App Search,30.0,Low,Stay Airside,True,True,1,False,,,,,,,True,True,False,,Stay Airside,,7.1,,False,False,1.0,Budget,336.0,Low,False,True,False,,No Spend,Package Viewed,Airside/Low-Risk,False,Low,False,
PS01261,25-34,Solo,Transit-Visa-Required,5.9,Morning,June,Checked-Through,3,Budget,Culture & Heritage,4,Social Media,68.9,Medium,Airport Lounge/Relaxation,True,True,1,True,Airport Lounge/Relaxation,188.0,32.9,True,3.0,3.0,True,True,True,True,Airport Lounge/Relaxation,Airport Lounge/Relaxation,5.9,188.0,False,False,3.0,Budget,264.0,Medium,True,True,True,0.0,Low,Completed,Airside/Low-Risk,False,Low,True,1.0
PS01262,45-54,Solo,Transit-Visa-Required,11.8,Night,February,Needs Storage,2,Budget,Family/Indoor,3,Airline Partner,73.4,High,City / Culture / Shopping,True,True,5,True,City/Culture/Shopping,272.0,14.9,True,5.0,5.0,True,True,True,True,City/Culture/Shopping,City/Culture/Shopping,11.8,272.0,False,False,2.0,Budget,618.0,High,True,True,True,0.0,Low,Completed,Outdoor/Higher-Risk,False,High,True,1.0
PS01263,25-34,Couple,Visa-Free/On-Arrival,6.0,Afternoon,October,Checked-Through,5,Budget,Active/City,1,Organic App Search,57.8,Medium,Airport Lounge/Relaxation,True,True,3,True,Indoor Micro-Experience,287.0,38.0,True,2.0,2.0,True,True,True,True,Airport Lounge/Relaxation,Indoor Micro-Experience,6.0,287.0,False,False,5.0,Budget,270.0,Medium,True,True,True,0.0,Low,Completed,Airside/Low-Risk,False,Medium,True,0.0
PS01264,25-34,Couple,Visa-Free/On-Arrival,7.3,Night,June,Checked-Through,3,Budget,Culture & Heritage,3,Social Media,80.6,High,City/Culture/Shopping,True,True,2,True,City/Culture/Shopping,276.0,49.4,False,3.0,4.0,True,True,True,False,City/Culture/Shopping,City/Culture/Shopping,7.3,276.0,False,False,3.0,Budget,348.0,High,True,True,True,0.0,Low,Completed,Outdoor/Higher-Risk,False,Low,True,1.0
PS01265,18-24,Couple,visa-free/on-arrival,10.4,Evening,February,Checked-Through,4,Mid-Range,culture & heritage,3,Airport Signage,78.7,High,City/Culture/Shopping,True,True,2,FALSE,,,,,,,True,True,False,,City/Culture/Shopping,,10.4,,False,False,4.0,Mid-Range,534.0,High,False,True,False,,No Spend,Package Viewed,Outdoor/Higher-Risk,False,Low,False,
PS01266,18-24,Solo,Transit-Visa-Required,9.8,Evening,January,Carry-On Only,5,Budget,Family/Indoor,1,Airport Signage,57.7,Medium,Airport Lounge/Relaxation,True,True,2,True,Airport Lounge/Relaxation,166.0,7.4,True,5.0,5.0,True,True,True,True,Airport Lounge/Relaxation,Airport Lounge/Relaxation,9.8,166.0,False,False,5.0,Budget,498.0,Medium,True,True,True,0.0,Low,Completed,Airside/Low-Risk,False,Low,True,1.0
PS01267,25-34,Solo,Visa-Free/On-Arrival,4.7,Morning,July,Checked-Through,5,Mid-Range,Relaxation & Wellness,1,Airport Signage,64.0,Medium,Indoor Micro-Experience,True,True,0,False,,,,,,,True,True,False,,Indoor Micro-Experience,,4.7,,False,False,5.0,Mid-Range,192.0,Medium,False,False,False,,No Spend,Eligibility Checked,Indoor/Moderate-Risk,False,None,True,
PS01268,25-34,Friends/Group,Visa-Free/On-Arrival,11.9,Morning,March,Carry-On Only,3,Budget,Relaxation & Wellness,3,Travel Agent,81.0,High,City/Culture/Shopping,True,True,2,True,City/Culture/Shopping,287.0,14.1,Yes,4.0,4.0,True,True,True,True,City/Culture/Shopping,City/Culture/Shopping,11.9,287.0,False,False,3.0,Budget,624.0,High,True,True,True,0.0,Low,Completed,Outdoor/Higher-Risk,False,Low,True,1.0
PS01269,35-44,Solo,Transit-Visa-Required,5.3,Morning,December,Carry-On Only,3,Mid-Range,Shopping,4,Airport Signage,69.1,High,City/Culture/Shopping,True,True,2,False,,,,,,,True,True,False,,City/Culture/Shopping,,5.3,,False,False,3.0,Mid-Range,228.0,High,False,True,False,,No Spend,Package Viewed,Outdoor/Higher-Risk,False,Low,True,
PS01270,25-34,Family with kids,Transit-Visa-Required,3.7,Evening,April,Needs Storage,1,Budget,Relaxation & Wellness,4,Airport Signage,61.3,Medium,Airport Lounge/Relaxation,True,True,3,False,,,,,,,True,True,False,,Airport Lounge/Relaxation,,3.7,,False,False,1.0,Budget,132.0,Medium,False,True,False,,No Spend,Package Viewed,Airside/Low-Risk,False,Medium,False,
PS01271,35-44,Family with kids,Visa-Free/On-Arrival,2.0,Afternoon,June,Carry-On Only,1,Mid-Range,Family/Indoor,2,Travel Agent,66.9,Medium,Indoor Micro-Experience,True,True,0,1,Indoor Micro-Experience,317.0,63.6,True,4.0,4.0,True,True,True,True,Indoor Micro-Experience,Indoor Micro-Experience,2.0,317.0,False,False,1.0,Mid-Range,30.0,Medium,True,False,True,1.0,Mid,Completed,Indoor/Moderate-Risk,False,None,False,1.0
PS01272,45-54,Couple,Visa-Free/On-Arrival,6.7,Evening,May,Checked-Through,4,Budget,Family/Indoor,4,Airline Partner,78.2,High,City/Culture/Shopping,True,True,1,True,Stay Airside,0.0,26.5,True,2.0,3.0,True,True,True,True,City/Culture/Shopping,Stay Airside,6.7,0.0,False,False,4.0,Budget,312.0,High,True,True,True,0.0,Low,Completed,Outdoor/Higher-Risk,False,Low,True,0.0
PS01273,45-54,Solo,Visa-Free/On-Arrival,2.3,Afternoon,April,Carry-On Only,1,Mid-Range,Family/Indoor,4,Airline Partner,67.1,Medium,Indoor Micro-Experience,True,True,2,True,Indoor Micro-Experience,295.0,61.1,True,4.0,4.0,True,True,True,True,Indoor Micro-Experience,Indoor Micro-Experience,2.3,295.0,False,False,1.0,Mid-Range,48.0,Medium,True,True,True,1.0,Low,Completed,Indoor/Moderate-Risk,False,Low,False,1.0
PS01274,18-24,Solo,Visa-Free/On-Arrival,4.3,Evening,September,Needs Storage,3,Budget,Relaxation & Wellness,3,Travel Agent,68.1,Medium,Airport Lounge/Relaxation,True,False,4,False,,,,,,,True,False,False,,Airport Lounge/Relaxation,,4.3,,False,False,3.0,Budget,168.0,Medium,False,True,False,,No Spend,Package Viewed,Airside/Low-Risk,False,Medium,False,
PS01275,25-34,Couple,Visa-Free/On-Arrival,7.4,Morning,June,Needs Storage,1,Mid-Range,Relaxation & Wellness,3,Word of Mouth/Referral,88.3,High,City/Culture/Shopping,True,1,4,True,City/Culture/Shopping,386.0,49.3,True,3.0,2.0,True,True,True,True,City/Culture/Shopping,City/Culture/Shopping,7.4,386.0,False,False,1.0,Mid-Range,354.0,High,True,True,True,0.0,Mid,Completed,Outdoor/Higher-Risk,False,Medium,True,1.0
PS01276,18-24,Friends/Group,Transit-Visa-Required,14.1,Morning,June,Checked-Through,4,Budget,Family/Indoor,3,Airline Partner,64.7,Medium,Airport Lounge/Relaxation,TRUE,True,3,False,,,,,,,True,True,False,,Airport Lounge/Relaxation,,14.1,,False,False,4.0,Budget,756.0,Medium,False,True,False,,No Spend,Package Viewed,Airside/Low-Risk,False,Medium,True,
PS01277,25-34,Friends/Group,Transit-Visa-Required,6.3,Afternoon,February,Carry-On Only,3,Mid-Range,Family/Indoor,2,Airline Partner,65.6,Medium,Indoor Micro-Experience,Yes,True,0,False,,,,,,,True,True,False,,Indoor Micro-Experience,,6.3,,False,False,3.0,Mid-Range,288.0,Medium,False,False,False,,No Spend,Eligibility Checked,Indoor/Moderate-Risk,False,None,True,
PS01278,55+,Solo,TRANSIT-VISA-REQUIRED,2.7,Afternoon,June,Checked-Through,2,Budget,Culture & Heritage,3,Travel Agent,52.6,Medium,Airport Lounge/Relaxation,True,True,0,False,,,,,,,True,True,False,,Airport Lounge/Relaxation,,2.7,,False,False,2.0,Budget,72.0,Medium,False,False,False,,No Spend,Eligibility Checked,Airside/Low-Risk,False,None,False,
PS01279,18-24,Solo,Visa-Free/On-Arrival,7.0,Afternoon,July,Checked-Through,2,Mid-Range,Shopping,3,Social Media,77.8,High,City/Culture/Shopping,True,True,1,True,City/Culture/Shopping,345.0,42.8,True,5.0,5.0,True,True,True,True,City/Culture/Shopping,City/Culture/Shopping,7.0,345.0,False,False,2.0,Mid-Range,330.0,High,True,True,True,0.0,Mid,Completed,Outdoor/Higher-Risk,False,Low,True,1.0
PS01280,25-34,Friends/Group,Transit-Visa-Required,13.8,Evening,August,Carry-On Only,3,Budget,Active/City,3,Airport Signage,69.0,Medium,Airport Lounge/Relaxation,True,False,0,False,,,,,,,True,False,False,,Airport Lounge/Relaxation,,13.8,,False,False,3.0,Budget,738.0,Medium,False,False,False,,No Spend,App Viewed,Airside/Low-Risk,False,None,True,
PS01281,35-44,Family with kids,Visa-Free/On-Arrival,6.2,Morning,August,Needs Storage,4,,Family/Indoor,5,Airline Partner,77.5,High,City/Culture/Shopping,True,True,1,True,Airport Lounge/Relaxation,184.0,43.4,False,1.0,2.0,True,True,True,False,City/Culture/Shopping,Airport Lounge/Relaxation,6.2,184.0,False,True,4.0,Unknown,282.0,High,True,True,True,0.0,Low,Completed,Outdoor/Higher-Risk,False,Low,True,0.0
PS01282,35-44,Friends/Group,Visa-Free/On-Arrival,15.5,Afternoon,September,Carry-On Only,3,Mid-Range,Family/Indoor,3,Airline Partner,85.4,High,City/Culture/Shopping,True,True,1,True,Indoor Micro-Experience,350.0,3.7,True,3.0,3.0,True,True,True,True,City/Culture/Shopping,Indoor Micro-Experience,15.5,350.0,False,False,3.0,Mid-Range,840.0,High,True,True,True,0.0,Mid,Completed,Outdoor/Higher-Risk,False,Low,True,0.0
PS01283,35-44,Solo,Transit-Visa-Required,7.4,Night,October,Needs Storage,4,Premium,Relaxation & Wellness,4,Word of Mouth/Referral,74.1,High,Premium Fast-Track/Chauffeur,True,True,3,True,Premium Fast-Track/Chauffeur,2667.0,38.5,True,5.0,5.0,True,True,True,True,Premium Fast-Track/Chauffeur,Premium Fast-Track/Chauffeur,7.4,2667.0,False,False,4.0,Premium,354.0,High,True,True,True,0.0,High,Completed,Outdoor/Higher-Risk,True,Medium,True,1.0
PS01284,18-24,Couple,Visa-Free/On-Arrival,11.2,Morning,November,Checked-Through,2,Mid-Range,Shopping,4,Social Media,88.1,High,City/Culture/Shopping,True,True,1,False,,,,,,,True,True,False,,City/Culture/Shopping,,11.2,,False,False,2.0,Mid-Range,582.0,High,False,True,False,,No Spend,Package Viewed,Outdoor/Higher-Risk,False,Low,True,
PS01285,25-34,Family with kids,Visa-Free/On-Arrival,8.5,Night,December,Checked-Through,1,Mid-Range,Active/City,2,Word of Mouth/Referral,90.0,High,City/Culture/Shopping,True,True,2,True,City/Culture/Shopping,462.0,27.9,True,4.0,4.0,True,True,True,True,City/Culture/Shopping,City/Culture/Shopping,8.5,462.0,False,False,1.0,Mid-Range,420.0,High,True,True,True,0.0,Mid,Completed,Outdoor/Higher-Risk,False,Low,True,1.0
PS01286,35-44,Family with kids,Not-Eligible,15.0,Night,March,Carry-On Only,1,Mid-Range,Relaxation & Wellness,5,Social Media,30.0,Low,Stay Airside,True,True,1,False,,,,,,,True,True,False,,Stay Airside,,15.0,,False,False,1.0,Mid-Range,810.0,Low,False,True,False,,No Spend,Package Viewed,Airside/Low-Risk,False,Low,False,
PS01287,18-24,Couple,Visa-Free/On-Arrival,22.2,Morning,October,Checked-Through,3,Mid-Range,Relaxation & Wellness,1,Social Media,79.5,High,city/culture/shopping,True,True,2,True,City/Culture/Shopping,369.0,9.6,True,3.0,3.0,True,True,True,True,City/Culture/Shopping,City/Culture/Shopping,22.2,369.0,False,False,3.0,Mid-Range,1242.0,High,True,True,True,0.0,Mid,Completed,Outdoor/Higher-Risk,False,Low,True,1.0
PS01288,25-34,Solo,Transit-Visa-Required,5.5,Afternoon,July,Needs Storage,4,Budget,shopping,5,Organic App Search,64.1,Medium,Airport Lounge/Relaxation,True,True,1,No,,,,,,,True,True,False,,Airport Lounge/Relaxation,,5.5,,False,False,4.0,Budget,240.0,Medium,False,True,False,,No Spend,Package Viewed,Airside/Low-Risk,False,Low,True,
PS01289,18-24,Couple,Visa-Free/On-Arrival,8.2,Afternoon,July,Checked-Through,2,Budget,Family/Indoor,2,Airline Partner,81.7,High,City/Culture/Shopping,True,False,1,False,,,,,,,True,False,False,,City/Culture/Shopping,,8.2,,False,False,2.0,Budget,401.99999999999994,High,False,True,False,,No Spend,Package Viewed,Outdoor/Higher-Risk,False,Low,True,
PS01290,18-24,Solo,Transit-Visa-Required,14.1,Evening,January,Checked-Through,4,Premium,Shopping,3,Social Media,74.9,High,Premium Fast-Track/Chauffeur,True,False,1,False,,,,,,,True,False,False,,Premium Fast-Track/Chauffeur,,14.1,,False,False,4.0,Premium,756.0,High,False,True,False,,No Spend,Package Viewed,Outdoor/Higher-Risk,False,Low,True,
PS01291,25-34,Couple,Visa-Free/On-Arrival,8.7,Evening,August,Checked-Through,3,Mid-Range,Family/Indoor,4,Airline Partner,90.1,High,City/Culture/Shopping,True,True,3,True,Premium Fast-Track/Chauffeur,2051.0,17.9,True,2.0,2.0,True,True,True,True,City/Culture/Shopping,Premium Fast-Track/Chauffeur,8.7,2051.0,False,False,3.0,Mid-Range,432.0,High,True,True,True,0.0,High,Completed,Outdoor/Higher-Risk,False,Medium,True,0.0
PS01292,18-24,Friends/Group,Visa-Free/On-Arrival,2.0,Evening,April,Checked-Through,5,Mid-Range,Relaxation & Wellness,5,Airport Signage,60.7,Medium,Indoor Micro-Experience,True,True,3,False,,,,,,,True,True,False,,Indoor Micro-Experience,,2.0,,False,False,5.0,Mid-Range,30.0,Medium,False,True,False,,No Spend,Package Viewed,Indoor/Moderate-Risk,False,Medium,False,
PS01293,35-44,Solo,Transit-Visa-Required,6.2,Evening,May,Needs Storage,4,Mid-Range,Shopping,2,Airline Partner,60.2,Medium,Indoor Micro-Experience,True,TRUE,3,True,Indoor Micro-Experience,309.0,32.5,False,3.0,3.0,True,True,True,False,Indoor Micro-Experience,Indoor Micro-Experience,6.2,309.0,False,False,4.0,Mid-Range,282.0,Medium,True,True,True,0.0,Mid,Completed,Indoor/Moderate-Risk,False,Medium,True,1.0
PS01294,35-44,Family with kids,Visa-Free/On-Arrival,8.6,Morning,June,Checked-Through,4,Budget,Relaxation & Wellness,4,Airline Partner,74.8,High,City/Culture/Shopping,Y,True,1,True,Premium Fast-Track/Chauffeur,1773.0,27.7,True,3.0,2.0,True,True,True,True,City/Culture/Shopping,Premium Fast-Track/Chauffeur,8.6,1773.0,False,False,4.0,Budget,426.0,High,True,True,True,0.0,High,Completed,Outdoor/Higher-Risk,False,Low,True,0.0
PS01295,45-54,Solo,Visa-Free/On-Arrival,17.4,Night,March,Checked-Through,3,Budget,Culture & Heritage,4,Organic App Search,86.7,High,City/Culture/Shopping,True,True,3,True,  City/Culture/Shopping ,354.0,21.7,True,4.0,4.0,True,True,True,True,City/Culture/Shopping,City/Culture/Shopping,17.4,354.0,False,False,3.0,Budget,954.0,High,True,True,True,0.0,Mid,Completed,Outdoor/Higher-Risk,False,Medium,True,1.0
PS01296,25-34,Family with kids,Visa-Free/On-Arrival,8.0,Evening,May,Carry-On Only,5,Mid-Range,Relaxation & Wellness,2,Social Media,70.6,High,Indoor Micro-Experience,True,True,3,False,,,,,,,True,True,False,,Indoor Micro-Experience,,8.0,,False,False,5.0,Mid-Range,390.0,High,False,True,False,,No Spend,Package Viewed,Indoor/Moderate-Risk,False,Medium,True,
PS01297,18-24,Friends/Group,Visa-Free/On-Arrival,4.1,Evening,October,Checked-Through,5,Budget,Family/Indoor,3,Word of Mouth/Referral,52.2,Medium,Airport Lounge/Relaxation,True,True,6,True,Airport Lounge/Relaxation,193.0,47.8,False,3.0,4.0,True,True,True,False,Airport Lounge/Relaxation,Airport Lounge/Relaxation,4.1,193.0,False,False,5.0,Budget,155.99999999999997,Medium,True,True,True,0.0,Low,Completed,Airside/Low-Risk,False,High,False,1.0
PS01298,18-24,Solo,Visa-Free/On-Arrival,8.8,Night,May,Carry-On Only,3,Budget,Culture & Heritage,3,Airport Signage,78.5,High,City/Culture/Shopping,True,True,2,True,City/Culture/Shopping,383.0,31.4,True,3.0,2.0,True,True,True,True,City/Culture/Shopping,City/Culture/Shopping,8.8,383.0,False,False,3.0,Budget,438.0,High,True,True,True,0.0,Mid,Completed,Outdoor/Higher-Risk,False,Low,True,1.0
PS01299,35-44,Solo,Visa-Free/On-Arrival,16.4,Evening,January,Checked-Through,3,Mid-Range,Culture & Heritage,3,Social Media,82.5,High,City/Culture/Shopping,True,True,3,True,City/Culture/Shopping,587.0,19.7,True,4.0,4.0,True,True,True,True,City/Culture/Shopping,City/Culture/Shopping,16.4,587.0,False,False,3.0,Mid-Range,893.9999999999999,High,True,True,True,0.0,Mid,Completed,Outdoor/Higher-Risk,False,Medium,True,1.0
PS01300,35-44,Couple,Not-Eligible,5.0,Morning,March,Checked-Through,3,Premium,Active/City,4,Airline Partner,30.0,Low,Stay Airside,True,True,2,False,,,,,,,True,True,False,,Stay Airside,,5.0,,False,False,3.0,Premium,210.0,Low,False,True,False,,No Spend,Package Viewed,Airside/Low-Risk,False,Low,False,
PS01301,18-24,Solo,Visa-Free/On-Arrival,5.4,Afternoon,March,Needs Storage,3,Budget,Family/Indoor,5,Social Media,75.7,High,City/Culture/Shopping,True,True,1,True,Fast Track Premium,902.0,45.0,True,4.0,4.0,True,True,True,True,City/Culture/Shopping,Premium Fast-Track/Chauffeur,5.4,902.0,False,False,3.0,Budget,234.0,High,True,True,True,0.0,High,Completed,Outdoor/Higher-Risk,False,Low,True,0.0
PS01302,55+,Family with kids,Visa-Free/On-Arrival,5.0,Afternoon,January,Carry-On Only,3,Mid-Range,culture & heritage,4,Social Media,72.1,High,City / Culture / Shopping,True,True,4,True,City/Culture/Shopping,582.0,48.1,True,5.0,4.0,True,True,True,True,City/Culture/Shopping,City/Culture/Shopping,5.0,582.0,False,False,3.0,Mid-Range,210.0,High,True,True,True,0.0,Mid,Completed,Outdoor/Higher-Risk,False,Medium,True,1.0
PS01303,18-24,Friends/Group,Visa-Free/On-Arrival,3.0,Morning,July,Checked-Through,2,Budget,Shopping,5,Airline Partner,78.4,High,City/Culture/Shopping,1,False,3,False,,,,,,,True,False,False,,City/Culture/Shopping,,3.0,,False,False,2.0,Budget,90.0,High,False,True,False,,No Spend,Package Viewed,Outdoor/Higher-Risk,False,Medium,False,
PS01304,35-44,couple,Visa-Free/On-Arrival,7.7,Night,January,Carry-On Only,5,Budget,Culture & Heritage,1,Word of Mouth/Referral,66.4,Medium,Airport Lounge/Relaxation,True,True,2,False,,,,,,,True,True,False,,Airport Lounge/Relaxation,,7.7,,False,False,5.0,Budget,372.0,Medium,False,True,False,,No Spend,Package Viewed,Airside/Low-Risk,False,Low,True,
PS01305,35-44,Solo,Not-Eligible,7.2,Morning,July,Needs Storage,,Premium,Relaxation & Wellness,1,Airport Signage,30.0,Low,Stay Airside,True,True,1,False,,,,,,,True,True,False,,Stay Airside,,7.2,,True,False,,Premium,342.0,Low,False,True,False,,No Spend,Package Viewed,Airside/Low-Risk,False,Low,False,
PS01306,45-54,Couple,Visa-Free/On-Arrival,2.1,Evening,April,Checked-Through,4,Mid-Range,relaxation & wellness,5,Social Media,69.2,High,Indoor Micro-Experience,True,True,0,False,,,,,,,True,True,False,,Indoor Micro-Experience,,2.1,,False,False,4.0,Mid-Range,36.0,High,False,False,False,,No Spend,Eligibility Checked,Indoor/Moderate-Risk,False,None,False,
PS01307,35-44,Family with kids,Not-Eligible,4.3,Afternoon,September,Checked-Through,3,Budget,Shopping,5,Social Media,30.0,Low,Stay Airside,True,True,0,False,,,,,,,True,True,False,,Stay Airside,,4.3,,False,False,3.0,Budget,168.0,Low,False,False,False,,No Spend,Eligibility Checked,Airside/Low-Risk,False,None,False,
PS01308,45-54,Solo,Visa-Free/On-Arrival,8.4,Morning,July,Checked-Through,4,,Culture & Heritage,2,Organic App Search,78.7,High,City/Culture/Shopping,True,True,4,Yes,City/Culture/Shopping,469.0,28.3,True,4.0,,True,True,True,True,City/Culture/Shopping,City/Culture/Shopping,8.4,469.0,False,True,4.0,Unknown,414.0,High,True,True,True,0.0,Mid,Completed,Outdoor/Higher-Risk,False,Medium,True,1.0
PS01309,25-34,Couple,Transit-Visa-Required,11.0,Night,May,Checked-Through,3,Budget,Shopping,3,Airline Partner,70.7,High,City/Culture/Shopping,True,True,3,True,City/Culture/Shopping,508.0,22.6,True,4.0,3.0,True,True,True,True,City/Culture/Shopping,City/Culture/Shopping,11.0,508.0,False,False,3.0,Budget,570.0,High,True,True,True,0.0,Mid,Completed,Outdoor/Higher-Risk,False,Medium,True,1.0
PS01310,45-54,Couple,Visa-Free/On-Arrival,12.8,Night,July,Checked-Through,4,Mid-Range,Active/City,4,Social Media,82.9,High,  City/Culture/Shopping ,Yes,yes ,1,True,CITY/CULTURE/SHOPPING,472.0,14.7,False,3.0,3.0,True,True,True,False,City/Culture/Shopping,City/Culture/Shopping,12.8,472.0,False,False,4.0,Mid-Range,678.0,High,True,True,True,0.0,Mid,Completed,Outdoor/Higher-Risk,False,Low,True,1.0
PS01311,18-24,Couple,Not-Eligible,11.6,Afternoon,September,Needs Storage,3,Budget,Family/Indoor,2,Social Media,30.0,Low,Stay Airside,True,True,1,False,,,,,,,True,True,False,,Stay Airside,,11.6,,False,False,3.0,Budget,606.0,Low,False,True,False,,No Spend,Package Viewed,Airside/Low-Risk,False,Low,False,
PS01312,45-54,Solo,Transit-Visa-Required,7.5,Morning,October,Checked-Through,3,Mid-Range,RELAXATION & WELLNESS,2,Airline Partner,72.2,High,City/Culture/Shopping,True,True,3,False,,,,,,,True,True,False,,City/Culture/Shopping,,7.5,,False,False,3.0,Mid-Range,360.0,High,False,True,False,,No Spend,Package Viewed,Outdoor/Higher-Risk,False,Medium,True,
PS01313,35-44,Family with kids,Visa-Free/On-Arrival,2.6,Morning,June,Carry-On Only,5,Mid-Range,Relaxation & Wellness,4,Social Media,66.5,Medium,Indoor Micro-Experience,True,True,2,True,Stay Airside,,54.1,False,2.0,2.0,True,True,True,False,Indoor Micro-Experience,Stay Airside,2.6,,False,False,5.0,Mid-Range,66.0,Medium,True,True,True,0.0,No Spend,Completed,Indoor/Moderate-Risk,False,Low,False,0.0
PS01314,45-54,Solo,Visa-Free/On-Arrival,6.5,Afternoon,January,Checked-Through,2,Budget,Active/City,5,Airport Signage,81.8,High,City/Culture/Shopping,True,True,2,True,City/Culture/Shopping,422.0,39.5,True,4.0,3.0,True,True,True,True,City/Culture/Shopping,City/Culture/Shopping,6.5,422.0,False,False,2.0,Budget,300.0,High,True,True,True,0.0,Mid,Completed,Outdoor/Higher-Risk,False,Low,True,1.0
PS01315,25-34,Solo,Visa-Free/On-Arrival,2.0,Morning,June,Carry-On Only,3,Premium,Active/City,4,Airline Partner,64.9,Medium,Indoor Micro-Experience,TRUE,N,2,FALSE,,,,,,,True,False,False,,Indoor Micro-Experience,,2.0,,False,False,3.0,Premium,30.0,Medium,False,True,False,,No Spend,Package Viewed,Indoor/Moderate-Risk,False,Low,False,
PS01316,35-44,Friends/Group,Not-Eligible,8.4,Afternoon,January,Carry-On Only,2,Premium,Shopping,4,Airline Partner,30.0,Low,Stay Airside,True,True,3,False,,,,,,,True,True,False,,Stay Airside,,8.4,,False,False,2.0,Premium,414.0,Low,False,True,False,,No Spend,Package Viewed,Airside/Low-Risk,False,Medium,False,
PS01317,35-44,Family with kids,Visa-Free/On-Arrival,4.9,Night,December,checked-through,5,Budget,Active/City,3,Word of Mouth/Referral,61.4,Medium,Airport Lounge/Relaxation,True,True,3,True,Airport Lounge/Relaxation,223.0,50.3,True,3.0,3.0,True,True,True,True,Airport Lounge/Relaxation,Airport Lounge/Relaxation,4.9,223.0,False,False,5.0,Budget,204.0,Medium,True,True,True,0.0,Low,Completed,Airside/Low-Risk,False,Medium,True,1.0
PS01318,35-44,Solo,Visa-Free/On-Arrival,2.0,Evening,April,Checked-Through,2,Premium,Active/City,4,Airline Partner,65.1,Medium,Indoor Micro-Experience,Y,True,0,False,,,,,,,True,True,False,,Indoor Micro-Experience,,2.0,,False,False,2.0,Premium,30.0,Medium,False,False,False,,No Spend,Eligibility Checked,Indoor/Moderate-Risk,False,None,False,
PS01319,18-24,Solo,Transit-Visa-Required,9.3,Night,August,Checked-Through,4,Mid-Range,Culture & Heritage,2,Social Media,70.8,High,Indoor Micro-Experience,True,True,2,True,Indoor Micro-Experience,414.0,28.4,True,,3.0,True,True,True,True,Indoor Micro-Experience,Indoor Micro-Experience,9.3,414.0,False,False,4.0,Mid-Range,468.0,High,True,True,True,0.0,Mid,Booked,Indoor/Moderate-Risk,False,Low,True,1.0
PS01320,18-24,Solo,Visa-Free/On-Arrival,16.3,Evening,May,CARRY-ON ONLY,2,Mid-Range,Relaxation & Wellness,5,Airline Partner,92.1,High,  City/Culture/Shopping ,True,True,3,N,,,,,,,True,True,False,,City/Culture/Shopping,,16.3,,False,False,2.0,Mid-Range,888.0,High,False,True,False,,No Spend,Package Viewed,Outdoor/Higher-Risk,False,Medium,True,
PS01321,25-34,Solo,Not-Eligible,2.3,Afternoon,May,Checked-Through,3,Premium,RELAXATION & WELLNESS,3,Airline Partner,30.0,Low,Stay Airside,True,False,1,False,,,,,,,True,False,False,,Stay Airside,,2.3,,False,False,3.0,Premium,48.0,Low,False,True,False,,No Spend,Package Viewed,Airside/Low-Risk,False,Low,False,
PS01322,18-24,Solo,Transit-Visa-Required,9.8,Night,October,Checked-Through,5,Mid-Range,Relaxation & Wellness,4,Airline Partner,73.3,High,City/Culture/Shopping,True,True,0,False,,,,,,,True,True,False,,City/Culture/Shopping,,9.8,,False,False,5.0,Mid-Range,498.0,High,False,False,False,,No Spend,Eligibility Checked,Outdoor/Higher-Risk,False,None,True,
PS01323,45-54,SOLO,Transit-Visa-Required,5.8,Afternoon,November,Needs Storage,2,Mid-Range,Shopping,5,Social Media,74.3,High,City/Culture/Shopping,True,True,1,True,City/Culture/Shopping,443.0,49.1,True,4.0,5.0,True,True,True,True,City/Culture/Shopping,City/Culture/Shopping,5.8,443.0,False,False,2.0,Mid-Range,258.0,High,True,True,True,0.0,Mid,Completed,Outdoor/Higher-Risk,False,Low,True,1.0
PS01324,25-34,Couple,not-eligible,4.5,Night,August,Needs Storage,4,Premium,Family/Indoor,1,Airline Partner,30.0,Low,Stay Airside,True,FALSE,2,False,,,,,,,True,False,False,,Stay Airside,,4.5,,False,False,4.0,Premium,180.0,Low,False,True,False,,No Spend,Package Viewed,Airside/Low-Risk,False,Low,False,
PS01325,55+,Family with kids,Visa-Free/On-Arrival,4.5,Afternoon,August,Checked-Through,2,Mid-Range,Shopping,5,Airline Partner,82.1,High,City/Culture/Shopping,1,True,1,True,City/Culture/Shopping,AED 504.0,60.6,True,2.0,2.0,True,True,True,True,City/Culture/Shopping,City/Culture/Shopping,4.5,504.0,False,False,2.0,Mid-Range,180.0,High,True,True,True,1.0,Mid,Completed,Outdoor/Higher-Risk,False,Low,True,1.0
PS01326,25-34,Couple,Visa-Free/On-Arrival,5.8,Morning,January,Checked-Through,3,Mid-Range,Relaxation & Wellness,3,Word of Mouth/Referral,81.6,High,City/Culture/Shopping,True,True,1,True,City/Culture/Shopping,484.0,45.0,True,5.0,5.0,True,True,True,True,City/Culture/Shopping,City/Culture/Shopping,5.8,484.0,False,False,3.0,Mid-Range,258.0,High,True,True,True,0.0,Mid,Completed,Outdoor/Higher-Risk,False,Low,True,1.0
PS01327,25-34,Family with kids,Visa-Free/On-Arrival,5.8,Night,May,Carry-On Only,3,Budget,Active/City,3,Social Media,69.4,High,City/Culture/Shopping,True,True,2,True,Airport Lounge/Relaxation,179.0,44.6,True,3.0,3.0,True,True,True,True,City/Culture/Shopping,Airport Lounge/Relaxation,5.8,179.0,False,False,3.0,Budget,258.0,High,True,True,True,0.0,Low,Completed,Outdoor/Higher-Risk,False,Low,True,0.0
PS01328,45-54,Solo,Visa-Free/On-Arrival,7.3,Evening,December,Carry-On Only,3,Mid-Range,Relaxation & Wellness,2,Airline Partner,77.7,High,City/Culture/Shopping,True,True,2,False,,,,,,,True,True,False,,City/Culture/Shopping,,7.3,,False,False,3.0,Mid-Range,348.0,High,False,True,False,,No Spend,Package Viewed,Outdoor/Higher-Risk,False,Low,True,
PS01329,35-44,Friends/Group,Transit-Visa-Required,4.2,Night,May,Checked-Through,4,Mid-Range,Family/Indoor,5,Social Media,63.2,Medium,Indoor Micro-Experience,True,False,0,False,,,,,,,True,False,False,,Indoor Micro-Experience,,4.2,,False,False,4.0,Mid-Range,162.0,Medium,False,False,False,,No Spend,App Viewed,Indoor/Moderate-Risk,False,None,False,
PS01330,25-34,Family with kids,Not-Eligible,4.8,Night,August,Checked-Through,4,Mid-Range,Relaxation & Wellness,5,Airline Partner,30.0,Low,Stay Airside,True,True,2,False,,,,,,,True,True,False,,Stay Airside,,4.8,,False,False,4.0,Mid-Range,198.0,Low,False,True,False,,No Spend,Package Viewed,Airside/Low-Risk,False,Low,False,
PS01331,35-44,Family with kids,Visa-Free/On-Arrival,10.3,Morning,January,Carry-On Only,2,Mid-Range,Culture & Heritage,1,Social Media,76.0,High,City/Culture/Shopping,True,Y,5,False,,,,,,,True,True,False,,City/Culture/Shopping,,10.3,,False,False,2.0,Mid-Range,528.0,High,False,True,False,,No Spend,Package Viewed,Outdoor/Higher-Risk,False,High,True,
PS01332,35-44,Family with kids,Visa-Free/On-Arrival,4.0,Afternoon,July,Needs Storage,3,Budget,Family/Indoor,1,Airport Signage,57.6,Medium,Airport Lounge/Relaxation,True,True,1,True,Airport Lounge/Relaxation,232.0,51.9,True,4.0,5.0,True,True,True,True,Airport Lounge/Relaxation,Airport Lounge/Relaxation,4.0,232.0,False,False,3.0,Budget,150.0,Medium,True,True,True,0.0,Low,Completed,Airside/Low-Risk,False,Low,False,1.0
PS01333,25-34,Friends/Group,Not-Eligible,8.7,Afternoon,July,Carry-On Only,1,Budget,Relaxation & Wellness,5,Airline Partner,30.0,Low,Stay Airside,True,False,1,False,,,,,,,True,False,False,,Stay Airside,,8.7,,False,False,1.0,Budget,432.0,Low,False,True,False,,No Spend,Package Viewed,Airside/Low-Risk,False,Low,False,
PS01334,55+,Couple,Visa-Free/On-Arrival,6.0,Evening,September,Checked-Through,4,Mid-Range,Shopping,2,Airline Partner,67.6,Medium,Indoor Micro-Experience,True,True,1,False,,,,,,,True,True,False,,Indoor Micro-Experience,,6.0,,False,False,4.0,Mid-Range,270.0,Medium,False,True,False,,No Spend,Package Viewed,Indoor/Moderate-Risk,False,Low,True,
PS01335,55+,Solo,Visa-Free/On-Arrival,5.2,Evening,February,Checked-Through,4,Mid-Range,Shopping,4,Airport Signage,80.3,High,Indoor Micro-Experience,True,True,1,False,,,,,,,True,True,False,,Indoor Micro-Experience,,5.2,,False,False,4.0,Mid-Range,222.0,High,False,True,False,,No Spend,Package Viewed,Indoor/Moderate-Risk,False,Low,True,
PS01336,35-44,Couple,Visa-Free/On-Arrival,19.2,Afternoon,March,Carry-On Only,2,Mid-Range,Relaxation & Wellness,4,Word of Mouth/Referral,86.8,High,City/Culture/Shopping,True,True,2,1,City/Culture/Shopping,358.0,7.8,True,5.0,5.0,True,True,True,True,City/Culture/Shopping,City/Culture/Shopping,19.2,358.0,False,False,2.0,Mid-Range,1062.0,High,True,True,True,0.0,Mid,Completed,Outdoor/Higher-Risk,False,Low,True,1.0
PS01337,25-34,family with kids,Not-Eligible,3.0,Evening,April,Checked-Through,2,Mid-Range,Culture & Heritage,5,Airline Partner,30.0,Low,Stay Airside,True,False,1,False,,,,,,,True,False,False,,Stay Airside,,3.0,,False,False,2.0,Mid-Range,90.0,Low,False,True,False,,No Spend,Package Viewed,Airside/Low-Risk,False,Low,False,
PS01338,35-44,family with kids,Transit-Visa-Required,16.9,Evening,January,Checked-Through,1,Premium,Active/City,3,Airline Partner,85.1,High,Premium Fast-Track/Chauffeur,True,Y,2,False,,,,,,,True,True,False,,Premium Fast-Track/Chauffeur,,16.9,,False,False,1.0,Premium,923.9999999999999,High,False,True,False,,No Spend,Package Viewed,Outdoor/Higher-Risk,True,Low,True,
PS01339,18-24,Couple,Transit-Visa-Required,12.0,Morning,July,Checked-Through,5,Budget,Culture & Heritage,3,Social Media,67.1,Medium,Airport Lounge/Relaxation,True,True,1,True,Stay Airside,0.0,2.3,True,1.0,1.0,True,True,True,True,Airport Lounge/Relaxation,Stay Airside,12.0,0.0,False,False,5.0,Budget,630.0,Medium,True,True,True,0.0,Low,Completed,Airside/Low-Risk,False,Low,True,0.0
PS01340,18-24,Solo,Transit-Visa-Required,4.9,Evening,October,Checked-Through,4,Premium,Shopping,5,Social Media,68.9,Medium,Indoor Micro-Experience,True,True,1,False,,,,,,,True,True,False,,Indoor Micro-Experience,,4.9,,False,False,4.0,Premium,204.0,Medium,False,True,False,,No Spend,Package Viewed,Indoor/Moderate-Risk,False,Low,True,
PS01341,25-34,Solo,Visa-Free/On-Arrival,12.2,Evening,March,Checked-Through,3,Budget,Family/Indoor,2,Airline Partner,76.5,High,City/Culture/Shopping,True,False,1,False,,,,,,,True,False,False,,City/Culture/Shopping,,12.2,,False,False,3.0,Budget,642.0,High,False,True,False,,No Spend,Package Viewed,Outdoor/Higher-Risk,False,Low,True,
PS01342,25-34,Friends/Group,Visa-Free/On-Arrival,2.0,Night,March,Carry-On Only,3,Mid-Range,Relaxation & Wellness,2,Airport Signage,54.5,Medium,Indoor Micro-Experience,True,True,2,TRUE,Indoor Micro-Experience,283.0,65.2,False,4.0,4.0,True,True,True,False,Indoor Micro-Experience,Indoor Micro-Experience,2.0,283.0,False,False,3.0,Mid-Range,30.0,Medium,True,True,True,1.0,Low,Completed,Indoor/Moderate-Risk,False,Low,False,1.0
PS01343,45-54,Couple,Transit-Visa-Required,4.6,Afternoon,March,Carry-On Only,2,Mid-Range,Family/Indoor,1,Airport Signage,60.8,Medium,Indoor Micro-Experience,True,yes ,2,False,,,,,,,True,True,False,,Indoor Micro-Experience,,4.6,,False,False,2.0,Mid-Range,186.0,Medium,False,True,False,,No Spend,Package Viewed,Indoor/Moderate-Risk,False,Low,True,
PS01344,35-44,Couple,Visa-Free/On-Arrival,4.0,Morning,August,needs storage,3,Budget,Relaxation & Wellness,5,Airline Partner,72.8,High,City/Culture/Shopping,True,True,4,True,City/Culture/Shopping,443.0,59.9,True,5.0,5.0,True,True,True,True,City/Culture/Shopping,City/Culture/Shopping,4.0,443.0,False,False,3.0,Budget,150.0,High,True,True,True,1.0,Mid,Completed,Outdoor/Higher-Risk,False,Medium,False,1.0
PS01345,35-44,Solo,Transit-Visa-Required,9.4,Afternoon,September,Carry-On Only,4,Budget,Family/Indoor,4,Airport Signage,68.0,Medium,Airport Lounge/Relaxation,True,True,2,True,Airport Lounge/Relaxation,209.0,19.1,True,3.0,3.0,True,True,True,True,Airport Lounge/Relaxation,Airport Lounge/Relaxation,9.4,209.0,False,False,4.0,Budget,474.0,Medium,True,True,True,0.0,Low,Completed,Airside/Low-Risk,False,Low,True,1.0
PS01346,25-34,Solo,Not-Eligible,11.2,Morning,October,Checked-Through,3,Budget,Relaxation & Wellness,1,Airline Partner,30.0,Low,Stay Airside,True,Yes,2,True,City/Culture/Shopping,336.0,15.6,Yes,2.0,3.0,True,True,True,True,Stay Airside,City/Culture/Shopping,11.2,336.0,False,False,3.0,Budget,582.0,Low,True,True,True,0.0,Mid,Completed,Airside/Low-Risk,False,Low,False,0.0
PS01347,25-34,friends/group,Transit-Visa-Required,9.3,Night,February,Checked-Through,5,Mid-Range,Shopping,4,Travel Agent,71.0,High,Indoor Micro-Experience,True,True,5,True,Indoor Micro-Experience,377.0,18.3,True,4.0,4.0,True,True,True,True,Indoor Micro-Experience,Indoor Micro-Experience,9.3,377.0,False,False,5.0,Mid-Range,468.0,High,True,True,True,0.0,Mid,Completed,Indoor/Moderate-Risk,False,High,True,1.0
PS01348,25-34,Family with kids,Transit-Visa-Required,8.0,Morning,October,Checked-Through,3,Budget,Culture & Heritage,3,Organic App Search,78.5,High,City/Culture/Shopping,True,True,3,True,City/Culture/Shopping,452.0,36.2,True,3.0,3.0,True,True,True,True,City/Culture/Shopping,City/Culture/Shopping,8.0,452.0,False,False,3.0,Budget,390.0,High,True,True,True,0.0,Mid,Completed,Outdoor/Higher-Risk,False,Medium,True,1.0
PS01349,55+,Family with kids,Transit-Visa-Required,12.6,Evening,October,Checked-Through,2,Premium,Shopping,5,Social Media,87.7,High,Premium Fast-Track/Chauffeur,True,True,6,True,Indoor Micro-Experience,352.0,4.3,True,3.0,3.0,True,True,True,True,Premium Fast-Track/Chauffeur,Indoor Micro-Experience,12.6,352.0,False,False,2.0,Premium,666.0,High,True,True,True,0.0,Mid,Completed,Outdoor/Higher-Risk,True,High,True,0.0
PS01350,18-24,Couple,Transit-Visa-Required,11.6,Afternoon,January,Needs Storage,4,Budget,Shopping,2,Airport Signage,66.5,Medium,Airport Lounge/Relaxation,True,True,2,False,,,,,,,True,True,False,,Airport Lounge/Relaxation,,11.6,,False,False,4.0,Budget,606.0,Medium,False,True,False,,No Spend,Package Viewed,Airside/Low-Risk,False,Low,True,
PS01351,45-54,Couple,Visa-Free/On-Arrival,4.9,Afternoon,September,Checked-Through,3,Premium,Shopping,4,Travel Agent,75.4,High,Premium Fast-Track/Chauffeur,True,True,1,True,PREMIUM FAST-TRACK/CHAUFFEUR,2146.0,46.4,True,5.0,5.0,True,True,True,True,Premium Fast-Track/Chauffeur,Premium Fast-Track/Chauffeur,4.9,2146.0,False,False,3.0,Premium,204.0,High,True,True,True,0.0,High,Completed,Outdoor/Higher-Risk,False,Low,True,1.0
PS01352,35-44,Solo,Visa-Free/On-Arrival,5.2,Morning,June,Checked-Through,5,Budget,Shopping,4,Social Media,66.0,Medium,Airport Lounge/Relaxation,True,False,3,False,,,,,,,True,False,False,,Airport Lounge/Relaxation,,5.2,,False,False,5.0,Budget,222.0,Medium,False,True,False,,No Spend,Package Viewed,Airside/Low-Risk,False,Medium,True,
PS01353,25-34,Family with kids,Visa-Free/On-Arrival,11.2,Evening,September,Carry-On Only,3,Budget,Active/City,1,Word of Mouth/Referral,71.4,High,City/Culture/Shopping,True,True,1,True,City/Culture/Shopping,465.0,21.4,True,4.0,,True,True,True,True,City/Culture/Shopping,City/Culture/Shopping,11.2,465.0,False,False,3.0,Budget,582.0,High,True,True,True,0.0,Mid,Completed,Outdoor/Higher-Risk,False,Low,True,1.0
PS01354,35-44,Couple,Transit-Visa-Required,7.2,Evening,June,Checked-Through,3,,Culture & Heritage,5,Social Media,73.7,High,City/Culture/Shopping,True,True,5,True,City/Culture/Shopping,360.0,36.9,False,3.0,3.0,True,True,True,False,City/Culture/Shopping,City/Culture/Shopping,7.2,360.0,False,True,3.0,Unknown,342.0,High,True,True,True,0.0,Mid,Completed,Outdoor/Higher-Risk,False,High,True,1.0
PS01355,25-34,Couple,Visa-Free/On-Arrival,7.5,Afternoon,February,Carry-On Only,4,Premium,shopping,2,Social Media,79.0,High,Premium Fast-Track/Chauffeur,True,True,3,Yes,Premium Fast-Track/Chauffeur,2126.0,33.2,False,3.0,3.0,True,True,True,False,Premium Fast-Track/Chauffeur,Premium Fast-Track/Chauffeur,7.5,2126.0,False,False,4.0,Premium,360.0,High,True,True,True,0.0,High,Completed,Outdoor/Higher-Risk,True,Medium,True,1.0
PS01356,45-54,Couple,Transit-Visa-Required,8.1,Night,January,Checked-Through,3,Mid-Range,Relaxation & Wellness,4,Airline Partner,76.5,High,City/Culture/Shopping,Yes,True,2,Yes,City/Culture/Shopping,324.0,32.0,True,5.0,5.0,True,True,True,True,City/Culture/Shopping,City/Culture/Shopping,8.1,324.0,False,False,3.0,Mid-Range,396.0,High,True,True,True,0.0,Mid,Completed,Outdoor/Higher-Risk,False,Low,True,1.0
PS01357,55+,Friends/Group,Visa-Free/On-Arrival,2.0,Afternoon,August,Checked-Through,3,Budget,Culture & Heritage,4,Airport Signage,63.4,Medium,AIRPORT LOUNGE/RELAXATION,True,True,1,False,,,,,,,True,True,False,,Airport Lounge/Relaxation,,2.0,,False,False,3.0,Budget,30.0,Medium,False,True,False,,No Spend,Package Viewed,Airside/Low-Risk,False,Low,False,
PS01358,25-34,Solo,Transit-Visa-Required,4.7,Afternoon,March,Checked-Through,5,Budget,CULTURE & HERITAGE,4,Airport Signage,58.1,Medium,Airport Lounge/Relaxation,True,True,1,False,,,,,,,True,True,False,,Airport Lounge/Relaxation,,4.7,,False,False,5.0,Budget,192.0,Medium,False,True,False,,No Spend,Package Viewed,Airside/Low-Risk,False,Low,True,
PS01359,25-34,family with kids,Visa-Free/On-Arrival,9.8,Afternoon,January,Needs Storage,3,Budget,Culture & Heritage,1,Airline Partner,75.9,High,City/Culture/Shopping,True,True,1,True,City/Culture/Shopping,467.0,19.8,True,2.0,2.0,True,True,True,True,City/Culture/Shopping,City/Culture/Shopping,9.8,467.0,False,False,3.0,Budget,498.0,High,True,True,True,0.0,Mid,Completed,Outdoor/Higher-Risk,False,Low,True,1.0
PS01360,35-44,Solo,Transit-Visa-Required,4.7,Morning,August,Checked-Through,,Mid-Range,Culture & Heritage,5,Airport Signage,67.8,Medium,Indoor Micro-Experience,True,True,4,True,Indoor Micro-Experience,409.0,54.5,True,4.0,4.0,True,True,True,True,Indoor Micro-Experience,Indoor Micro-Experience,4.7,409.0,True,False,,Mid-Range,192.0,Medium,True,True,True,0.0,Mid,Completed,Indoor/Moderate-Risk,False,Medium,True,1.0
PS01361,55+,Couple,VISA-FREE/ON-ARRIVAL,6.4,Night,December,checked-through,5,Budget,Culture & Heritage,2,Social Media,65.3,Medium,Airport Lounge/Relaxation,True,True,2,False,,,,,,,True,True,False,,Airport Lounge/Relaxation,,6.4,,False,False,5.0,Budget,294.0,Medium,False,True,False,,No Spend,Package Viewed,Airside/Low-Risk,False,Low,False,
PS01362,25-34,Solo,Visa-Free/On-Arrival,9.8,Afternoon,January,Checked-Through,1,Mid-Range,Culture & Heritage,4,Social Media,91.3,High,City/Culture/Shopping,True,True,2,False,,,,,,,True,True,False,,City/Culture/Shopping,,9.8,,False,False,1.0,Mid-Range,498.0,High,False,True,False,,No Spend,Package Viewed,Outdoor/Higher-Risk,False,Low,True,
PS01363,35-44,Solo,Visa-Free/On-Arrival,13.0,Morning,August,Checked-Through,2,Mid-Range,Active/City,4,Organic App Search,90.2,High,City/Culture/Shopping,True,False,1,True,City/Culture/Shopping,437.0,6.8,True,5.0,5.0,True,False,True,True,City/Culture/Shopping,City/Culture/Shopping,13.0,437.0,False,False,2.0,Mid-Range,690.0,High,True,True,True,0.0,Mid,Completed,Outdoor/Higher-Risk,False,Low,True,1.0
PS01364,35-44,Couple,Transit-Visa-Required,13.9,Afternoon,January,Checked-Through,3,Premium,Shopping,5,Airline Partner,82.7,High,Premium Fast-Track/Chauffeur,1,True,3,True,  Premium Fast-Track/Chauffeur ,1203.0,12.0,True,3.0,3.0,True,True,True,True,Premium Fast-Track/Chauffeur,Premium Fast-Track/Chauffeur,13.9,1203.0,False,False,3.0,Premium,744.0,High,True,True,True,0.0,High,Completed,Outdoor/Higher-Risk,True,Medium,True,1.0
PS01365,35-44,Solo,Visa-Free/On-Arrival,14.3,Evening,September,Carry-On Only,2,Mid-Range,Shopping,4,Airline Partner,92.7,High,City/Culture/Shopping,True,True,2,True,Indoor Micro-Experience,382.0,5.3,1,1.0,1.0,True,True,True,True,City/Culture/Shopping,Indoor Micro-Experience,14.3,382.0,False,False,2.0,Mid-Range,768.0,High,True,True,True,0.0,Mid,Completed,Outdoor/Higher-Risk,False,Low,True,0.0
PS01366,18-24,Couple,Visa-Free/On-Arrival,6.8,Afternoon,September,Carry-On Only,5,Budget,Family/Indoor,2,Word of Mouth/Referral,65.5,Medium,Airport Lounge/Relaxation,True,Yes,2,False,,,,,,,True,True,False,,Airport Lounge/Relaxation,,6.8,,False,False,5.0,Budget,318.0,Medium,False,True,False,,No Spend,Package Viewed,Airside/Low-Risk,False,Low,True,
PS01367,35-44,Friends/Group,Not-Eligible,6.4,Evening,December,Carry-On Only,3,Premium,Culture & Heritage,4,Organic App Search,30.0,Low,Stay Airside,True,True,0,False,,,,,,,True,True,False,,Stay Airside,,6.4,,False,False,3.0,Premium,294.0,Low,False,False,False,,No Spend,Eligibility Checked,Airside/Low-Risk,False,None,False,
PS01368,55+,Solo,Transit-Visa-Required,3.3,Morning,September,Checked-Through,3,Budget,Culture & Heritage,2,Social Media,51.5,Medium,Airport Lounge/Relaxation,True,True,2,False,,,,,,,True,True,False,,Airport Lounge/Relaxation,,3.3,,False,False,3.0,Budget,108.0,Medium,False,True,False,,No Spend,Package Viewed,Airside/Low-Risk,False,Low,False,
PS01369,18-24,Family with kids,Not-Eligible,16.3,Afternoon,March,Checked-Through,2,Mid-Range,Relaxation & Wellness,1,Airline Partner,30.0,Low,  Stay Airside ,True,True,2,False,,,,,,,True,True,False,,Stay Airside,,16.3,,False,False,2.0,Mid-Range,888.0,Low,False,True,False,,No Spend,Package Viewed,Airside/Low-Risk,False,Low,False,
PS01370,25-34,Couple,Visa-Free/On-Arrival,6.2,Evening,April,Checked-Through,2,Premium,Active/City,5,Social Media,92.2,High,Premium Fast-Track/Chauffeur,True,True,2,True,Stay Airside,0.0,34.2,False,1.0,2.0,True,True,True,False,Premium Fast-Track/Chauffeur,Stay Airside,6.2,0.0,False,False,2.0,Premium,282.0,High,True,True,True,0.0,Low,Completed,Outdoor/Higher-Risk,True,Low,True,0.0
PS01371,55+,Family with kids,Visa-Free/On-Arrival,16.1,Morning,May,Checked-Through,4,Budget,Relaxation & Wellness,3,Airline Partner,76.8,High,City/Culture/Shopping,True,True,1,True,City/Culture/Shopping,401.0,13.1,True,5.0,5.0,True,True,True,True,City/Culture/Shopping,City/Culture/Shopping,16.1,401.0,False,False,4.0,Budget,876.0000000000001,High,True,True,True,0.0,Mid,Completed,Outdoor/Higher-Risk,False,Low,True,1.0
PS01372,25-34,Solo,Not-Eligible,8.8,Night,June,Checked-Through,3,Budget,Shopping,1,Word of Mouth/Referral,30.0,Low,Stay Airside,True,True,0,False,,,,,,,True,True,False,,Stay Airside,,8.8,,False,False,3.0,Budget,438.0,Low,False,False,False,,No Spend,Eligibility Checked,Airside/Low-Risk,False,None,False,
PS01373,45-54,Solo,Visa-Free/On-Arrival,13.4,Morning,September,Checked-Through,4,Budget,Active/City,3,Travel Agent,77.3,High,City/Culture/Shopping,True,True,3,False,,,,,,,True,True,False,,City/Culture/Shopping,,13.4,,False,False,4.0,Budget,714.0,High,False,True,False,,No Spend,Package Viewed,Outdoor/Higher-Risk,False,Medium,True,
PS01374,25-34,Solo,Transit-Visa-Required,7.1,Night,November,Carry-On Only,2,Budget,Culture & Heritage,2,Airline Partner,67.4,Medium,Airport Lounge/Relaxation,True,True,4,False,,,,,,,True,True,False,,Airport Lounge/Relaxation,,7.1,,False,False,2.0,Budget,336.0,Medium,False,True,False,,No Spend,Package Viewed,Airside/Low-Risk,False,Medium,True,
PS01375,25-34,Solo,Visa-Free/On-Arrival,10.4 hrs,Afternoon,December,Carry-On Only,4,Budget,Shopping,1,Word of Mouth/Referral,66.0,Medium,Airport Lounge/Relaxation,True,True,2,False,,,,,,,True,True,False,,Airport Lounge/Relaxation,,10.4,,False,False,4.0,Budget,534.0,Medium,False,True,False,,No Spend,Package Viewed,Airside/Low-Risk,False,Low,True,
PS01376,45-54,Solo,Visa-Free/On-Arrival,13.6,Evening,April,Needs Storage,2,Budget,Family/Indoor,2,Social Media,76.6,High,City/Culture/Shopping,True,True,3,True,City/Culture/Shopping,489.0,16.5,True,4.0,4.0,True,True,True,True,City/Culture/Shopping,City/Culture/Shopping,13.6,489.0,False,False,2.0,Budget,726.0,High,True,True,True,0.0,Mid,Completed,Outdoor/Higher-Risk,False,Medium,True,1.0
PS01377,25-34,Family with kids,Visa-Free/On-Arrival,5.4,Morning,June,Carry-On Only,3,Budget,Relaxation & Wellness,4,Organic App Search,73.4,High,City/Culture/Shopping,True,True,2,True,City/Culture/Shopping,326.0,52.0,True,5.0,5.0,True,True,True,True,City/Culture/Shopping,City/Culture/Shopping,5.4,326.0,False,False,3.0,Budget,234.0,High,True,True,True,0.0,Mid,Completed,Outdoor/Higher-Risk,False,Low,True,1.0
PS01378,35-44,Friends/Group,Visa-Free/On-Arrival,14.4,Morning,January,Checked-Through,4,Premium,Shopping,4,Organic App Search,85.3,High,Indoor Micro-Experience,True,True,6,True,Indoor Micro-Experience,-308.0,8.9,True,4.0,4.0,True,True,True,True,Indoor Micro-Experience,Indoor Micro-Experience,14.4,,False,False,4.0,Premium,774.0,High,True,True,True,0.0,No Spend,Completed,Indoor/Moderate-Risk,True,High,True,1.0
PS01379,25-34,Family with kids,Visa-Free/On-Arrival,3.6,Morning,February,Checked-Through,2,Mid-Range,Family/Indoor,4,Airline Partner,73.0,High,City/Culture/Shopping,True,False,3,False,,,,,,,True,False,False,,City/Culture/Shopping,,3.6,,False,False,2.0,Mid-Range,126.0,High,False,True,False,,No Spend,Package Viewed,Outdoor/Higher-Risk,False,Medium,False,
PS01380,35-44,Family with kids,Visa-Free/On-Arrival,19.0,Morning,August,Checked-Through,3,,Active/City,2,Airline Partner,78.1,High,City/Culture/Shopping,True,True,4,Y,City/Culture/Shopping,376.0,22.7,True,3.0,3.0,True,True,True,True,City/Culture/Shopping,City/Culture/Shopping,19.0,376.0,False,True,3.0,Unknown,1050.0,High,True,True,True,0.0,Mid,Completed,Outdoor/Higher-Risk,False,Medium,True,1.0
PS01381,18-24,Solo,Not-Eligible,8.2,Afternoon,April,Checked-Through,1,Mid-Range,Culture & Heritage,4,Social Media,30.0,Low,Stay Airside,True,True,0,True,  Stay Airside ,0.0,10.5,True,4.0,,True,True,True,True,Stay Airside,Stay Airside,8.2,0.0,False,False,1.0,Mid-Range,401.99999999999994,Low,True,False,True,0.0,Low,Completed,Airside/Low-Risk,False,None,False,1.0
PS01382,25-34,Solo,Visa-Free/On-Arrival,4.8,Afternoon,October,Checked-Through,3,Premium,Relaxation & Wellness,3,Organic App Search,74.0,High,Premium Fast-Track/Chauffeur,True,True,2,True,City/Culture/Shopping,514.0,54.6,False,2.0,3.0,True,True,True,False,Premium Fast-Track/Chauffeur,City/Culture/Shopping,4.8,514.0,False,False,3.0,Premium,198.0,High,True,True,True,0.0,Mid,Completed,Outdoor/Higher-Risk,True,Low,True,0.0
PS01383,55+,Solo,Transit-Visa-Required,11.8,Evening,July,Checked-Through,4,Premium,Culture & Heritage,3,Organic App Search,78.0,High,Premium Fast-Track/Chauffeur,True,True,2,False,,,,,,,True,True,False,,Premium Fast-Track/Chauffeur,,11.8,,False,False,4.0,Premium,618.0,High,False,True,False,,No Spend,Package Viewed,Outdoor/Higher-Risk,True,Low,True,
PS01384,25-34,Solo,Transit-Visa-Required,9.1,Evening,April,Checked-Through,1,Premium,Culture & Heritage,5,Social Media,90.4,High,Premium Fast-Track/Chauffeur,True,True,5,True,Airport Lounge/Relaxation,208.0,13.4,True,3.0,4.0,True,True,True,True,Premium Fast-Track/Chauffeur,Airport Lounge/Relaxation,9.1,208.0,False,False,1.0,Premium,456.0,High,True,True,True,0.0,Low,Completed,Outdoor/Higher-Risk,True,High,True,0.0
PS01385,35-44,Couple,Transit-Visa-Required,2.1,Evening,September,Carry-On Only,5,Premium,Culture & Heritage,3,Airline Partner,53.7,Medium,Indoor Micro-Experience,True,Yes,1,No,,,,,,,True,True,False,,Indoor Micro-Experience,,2.1,,False,False,5.0,Premium,36.0,Medium,False,True,False,,No Spend,Package Viewed,Indoor/Moderate-Risk,False,Low,False,
PS01386,25-34,Couple,Visa-Free/On-Arrival,5.8,Evening,September,Carry-On Only,3,Budget,Family/Indoor,4,Airline Partner,72.4,High,City/Culture/Shopping,True,True,4,TRUE,Stay Airside,0.0,30.6,True,3.0,3.0,True,True,True,True,City/Culture/Shopping,Stay Airside,5.8,0.0,False,False,3.0,Budget,258.0,High,True,True,True,0.0,Low,Completed,Outdoor/Higher-Risk,False,Medium,True,0.0
PS01387,45-54,Solo,Transit-Visa-Required,3.8,Afternoon,April,Checked-Through,5,Mid-Range,culture & heritage,5,Word of Mouth/Referral,61.2,Medium,Indoor Micro-Experience,True,Yes,4,True,Indoor Micro-Experience,446.0,47.4,True,4.0,4.0,True,True,True,True,Indoor Micro-Experience,Indoor Micro-Experience,3.8,446.0,False,False,5.0,Mid-Range,138.0,Medium,True,True,True,0.0,Mid,Completed,Indoor/Moderate-Risk,False,Medium,False,1.0
PS01388,18-24,Solo,Transit-Visa-Required,4.0,Afternoon,August,Checked-Through,2,Mid-Range,Relaxation & Wellness,3,Social Media,67.8,Medium,Indoor Micro-Experience,True,True,1,True,Indoor Micro-Experience,294.0,49.5,True,5.0,5.0,True,True,True,True,Indoor Micro-Experience,Indoor Micro-Experience,4.0,294.0,False,False,2.0,Mid-Range,150.0,Medium,True,True,True,0.0,Low,Completed,Indoor/Moderate-Risk,False,Low,False,1.0
PS01389,55+,Family with kids,Transit-Visa-Required,3.9,Afternoon,June,Checked-Through,5,Mid-Range,Active/City,3,Social Media,55.4,Medium,Indoor Micro-Experience,True,True,1,True,Indoor Micro-Experience,386.0,57.2,True,5.0,5.0,True,True,True,True,Indoor Micro-Experience,Indoor Micro-Experience,3.9,386.0,False,False,5.0,Mid-Range,144.0,Medium,True,True,True,1.0,Mid,Completed,Indoor/Moderate-Risk,False,Low,False,1.0
PS01390,25-34,family with kids,Transit-Visa-Required,10.1,Night,January,Carry-On Only,2,Mid-Range,Active/City,3,Social Media,76.7,High,City/Culture/Shopping,True,True,1,True,City/Culture/Shopping,436.0,20.5,True,3.0,3.0,True,True,True,True,City/Culture/Shopping,City/Culture/Shopping,10.1,436.0,False,False,2.0,Mid-Range,516.0,High,True,True,True,0.0,Mid,Completed,Outdoor/Higher-Risk,False,Low,True,1.0
PS01391,25-34,Solo,Not-Eligible,12.3,Morning,July,Checked-Through,3,Budget,Shopping,2,Travel Agent,30.0,Low,Stay Airside,True,True,2,False,,,,,,,True,True,False,,Stay Airside,,12.3,,False,False,3.0,Budget,648.0,Low,False,True,False,,No Spend,Package Viewed,Airside/Low-Risk,False,Low,False,
PS01392,18-24,Friends/Group,Transit-Visa-Required,4.5,Morning,January,Carry-On Only,5,Budget,Shopping,4,Word of Mouth/Referral,56.5,Medium,Airport Lounge/Relaxation,True,1,1,False,,,,,,,True,True,False,,Airport Lounge/Relaxation,,4.5,,False,False,5.0,Budget,180.0,Medium,False,True,False,,No Spend,Package Viewed,Airside/Low-Risk,False,Low,True,
PS01393,18-24,Friends/Group,Visa-Free/On-Arrival,2.0,Evening,March,Carry-On Only,2,,Culture & Heritage,4,Airport Signage,69.0,Medium,Indoor Micro-Experience,True,True,2,False,,,,,,,True,True,False,,Indoor Micro-Experience,,2.0,,False,True,2.0,Unknown,30.0,Medium,False,True,False,,No Spend,Package Viewed,Indoor/Moderate-Risk,False,Low,False,
PS01394,35-44,Solo,Transit-Visa-Required,2.0,Morning,August,Checked-Through,1,Mid-Range,Relaxation & Wellness,2,Airline Partner,56.0,Medium,Indoor Micro-Experience,True,True,4,True,Indoor Micro-Experience,361.0,64.7,False,3.0,3.0,True,True,True,False,Indoor Micro-Experience,Indoor Micro-Experience,2.0,361.0,False,False,1.0,Mid-Range,30.0,Medium,True,True,True,1.0,Mid,Completed,Indoor/Moderate-Risk,False,Medium,False,1.0
PS01395,25-34,Solo,Visa-Free/On-Arrival,21.4,Night,September,Checked-Through,4,Budget,Active/City,1,Travel Agent,73.0,High,City/Culture/Shopping,Yes,True,1,1,City/Culture/Shopping,493.0,18.5,1,4.0,5.0,True,True,True,True,City/Culture/Shopping,City/Culture/Shopping,21.4,493.0,False,False,4.0,Budget,1194.0,High,True,True,True,0.0,Mid,Completed,Outdoor/Higher-Risk,False,Low,True,1.0
PS01396,45-54,Couple,Not-Eligible,8.2 hrs,Night,March,Checked-Through,3,Budget,Relaxation & Wellness,5,Organic App Search,30.0,Low,  Stay Airside ,True,TRUE,1,False,,,,,,,True,True,False,,Stay Airside,,8.2,,False,False,3.0,Budget,401.99999999999994,Low,False,True,False,,No Spend,Package Viewed,Airside/Low-Risk,False,Low,False,
PS01397,25-34,Friends/Group,Visa-Free/On-Arrival,11.9,Morning,January,Checked-Through,3,Mid-Range,Family/Indoor,3,Airport Signage,79.5,High,City/Culture/Shopping,True,True,1,True,City/Culture/Shopping,459.0,9.7,TRUE,4.0,4.0,True,True,True,True,City/Culture/Shopping,City/Culture/Shopping,11.9,459.0,False,False,3.0,Mid-Range,624.0,High,True,True,True,0.0,Mid,Completed,Outdoor/Higher-Risk,False,Low,True,1.0
PS01398,25-34,Friends/Group,VISA-FREE/ON-ARRIVAL,6.6,Morning,January,Carry-On Only,1,Mid-Range,Shopping,2,Airport Signage,86.9,High,City/Culture/Shopping,True,True,2,True,City/Culture/Shopping,392.0,39.4,True,4.0,5.0,True,True,True,True,City/Culture/Shopping,City/Culture/Shopping,6.6,392.0,False,False,1.0,Mid-Range,306.0,High,True,True,True,0.0,Mid,Completed,Outdoor/Higher-Risk,False,Low,False,1.0
PS01399,35-44,Solo,Transit-Visa-Required,2.0,Afternoon,July,Checked-Through,4,Mid-Range,Relaxation & Wellness,2,Airline Partner,49.7,Medium,Indoor Micro-Experience,True,True,3,False,,,,,,,True,True,False,,Indoor Micro-Experience,,2.0,,False,False,4.0,Mid-Range,30.0,Medium,False,True,False,,No Spend,Package Viewed,Indoor/Moderate-Risk,False,Medium,False,
PS01400,35-44,Solo,Transit-Visa-Required,9.5,Evening,May,Checked-Through,2,Budget,Shopping,4,Airport Signage,75.3,High,City/Culture/Shopping,True,True,6,Y,City/Culture/Shopping,311.0,26.0,False,4.0,3.0,True,True,True,False,City/Culture/Shopping,City/Culture/Shopping,9.5,311.0,False,False,2.0,Budget,480.0,High,True,True,True,0.0,Mid,Completed,Outdoor/Higher-Risk,False,High,True,1.0
PS01401,18-24,Couple,Visa-Free/On-Arrival,17.8,Morning,January,Needs Storage,5,Budget,Shopping,2,Airline Partner,67.3,Medium,Airport Lounge/Relaxation,True,True,2,False,,,,,,,True,True,False,,Airport Lounge/Relaxation,,17.8,,False,False,5.0,Budget,978.0,Medium,False,True,False,,No Spend,Package Viewed,Airside/Low-Risk,False,Low,True,
PS01402,18-24,Couple,Visa-Free/On-Arrival,4.9,Evening,June,Checked-Through,4,Budget,Active/City,1,Social Media,58.3,Medium,Airport Lounge/Relaxation,True,True,1,True,Airport Lounge/Relaxation,241.0,34.6,False,4.0,4.0,True,True,True,False,Airport Lounge/Relaxation,Airport Lounge/Relaxation,4.9,241.0,False,False,4.0,Budget,204.0,Medium,True,True,True,0.0,Low,Completed,Airside/Low-Risk,False,Low,True,1.0
PS01403,18-24,Solo,Transit-Visa-Required,2.0,Evening,June,Checked-Through,4,Mid-Range,Family/Indoor,4,Airport Signage,50.1,Medium,Indoor Micro-Experience,True,True,3,no ,,,,,,,True,True,False,,Indoor Micro-Experience,,2.0,,False,False,4.0,Mid-Range,30.0,Medium,False,True,False,,No Spend,Package Viewed,Indoor/Moderate-Risk,False,Medium,False,
PS01404,35-44,Friends/Group,Visa-Free/On-Arrival,3.3,Afternoon,April,Checked-Through,2,Budget,Shopping,4,Social Media,71.1,High,CITY/CULTURE/SHOPPING,True,True,2,True,City/Culture/Shopping,507.0,73.2,True,4.0,4.0,True,True,True,True,City/Culture/Shopping,City/Culture/Shopping,3.3,507.0,False,False,2.0,Budget,108.0,High,True,True,True,1.0,Mid,Completed,Outdoor/Higher-Risk,False,Low,False,1.0
PS01405,35-44,Family with kids,Transit-Visa-Required,12.2,Morning,July,Carry-On Only,5,Budget,Culture & Heritage,3,Airline Partner,64.0,Medium,Airport Lounge/Relaxation,True,True,2,True,Airport Lounge/Relaxation,160.0,4.0,True,4.0,4.0,True,True,True,True,Airport Lounge/Relaxation,Airport Lounge/Relaxation,12.2,160.0,False,False,5.0,Budget,642.0,Medium,True,True,True,0.0,Low,Completed,Airside/Low-Risk,False,Low,True,1.0
PS01406,25-34,Family with kids,Visa-Free/On-Arrival,9.0,Evening,July,Carry-On Only,3,Mid-Range,Shopping,1,Airline Partner,81.2,High,City/Culture/Shopping,True,True,6,True,  City/Culture/Shopping ,517.0,31.8,True,4.0,4.0,True,True,True,True,City/Culture/Shopping,City/Culture/Shopping,9.0,517.0,False,False,3.0,Mid-Range,450.0,High,True,True,True,0.0,Mid,Completed,Outdoor/Higher-Risk,False,High,True,1.0
PS01407,45-54,Friends/Group,Transit-Visa-Required,14.4,Morning,December,Checked-Through,,Mid-Range,Family/Indoor,3,Social Media,63.2,Medium,Indoor Micro-Experience,True,True,0,False,,,,,,,True,True,False,,Indoor Micro-Experience,,14.4,,True,False,,Mid-Range,774.0,Medium,False,False,False,,No Spend,Eligibility Checked,Indoor/Moderate-Risk,False,None,True,
PS01408,45-54,Family with kids,Transit-Visa-Required,7.5,Night,September,needs storage,2,Budget,Culture & Heritage,2,Social Media,69.4,High,City/Culture/Shopping,True,TRUE,2,True,City/Culture/Shopping,384.0,37.0,True,5.0,5.0,True,True,True,True,City/Culture/Shopping,City/Culture/Shopping,7.5,384.0,False,False,2.0,Budget,360.0,High,True,True,True,0.0,Mid,Completed,Outdoor/Higher-Risk,False,Low,True,1.0
PS01409,35-44,Couple,Visa-Free/On-Arrival,11.1,Afternoon,December,Carry-On Only,4,Mid-Range,Active/City,3,Airport Signage,74.3,High,Indoor Micro-Experience,True,True,3,False,,,,,,,True,True,False,,Indoor Micro-Experience,,11.1,,False,False,4.0,Mid-Range,576.0,High,False,True,False,,No Spend,Package Viewed,Indoor/Moderate-Risk,False,Medium,True,
PS01410,45-54,Couple,Visa-Free/On-Arrival,5.7,Evening,January,Checked-Through,3,Premium,Culture & Heritage,2,Word of Mouth/Referral,77.0,High,Premium Fast-Track/Chauffeur,True,True,3,True,Premium Fast-Track/Chauffeur,2385.0,48.0,True,4.0,5.0,True,True,True,True,Premium Fast-Track/Chauffeur,Premium Fast-Track/Chauffeur,5.7,2385.0,False,False,3.0,Premium,252.0,High,True,True,True,0.0,High,Completed,Outdoor/Higher-Risk,True,Medium,True,1.0
PS01411,25-34,Solo,Visa-Free/On-Arrival,3.5,Night,May,Carry-On Only,1,Premium,family/indoor,2,Airline Partner,71.7,High,Premium Fast-Track/Chauffeur,True,True,4,True,Premium Fast Track,2927.0,57.1,False,4.0,5.0,True,True,True,False,Premium Fast-Track/Chauffeur,Premium Fast-Track/Chauffeur,3.5,2927.0,False,False,1.0,Premium,120.0,High,True,True,True,1.0,High,Completed,Outdoor/Higher-Risk,True,Medium,False,1.0
PS01412,18-24,Family with kids,Transit-Visa-Required,11.1,Night,October,Checked-Through,3,Mid-Range,Shopping,3,Airport Signage,77.7,High,  City/Culture/Shopping ,True,True,1,True,City/Culture/Shopping,383.0,19.2,True,4.0,4.0,True,True,True,True,City/Culture/Shopping,City/Culture/Shopping,11.1,383.0,False,False,3.0,Mid-Range,576.0,High,True,True,True,0.0,Mid,Completed,Outdoor/Higher-Risk,False,Low,True,1.0
PS01413,25-34,Solo,Visa-Free/On-Arrival,12.3,Afternoon,March,Carry-On Only,2,Mid-Range,Culture & Heritage,5,Social Media,87.3,High,City/Culture/Shopping,True,True,2,True,City/Culture/Shopping,522.0,20.5,True,4.0,4.0,True,True,True,True,City/Culture/Shopping,City/Culture/Shopping,12.3,522.0,False,False,2.0,Mid-Range,648.0,High,True,True,True,0.0,Mid,Completed,Outdoor/Higher-Risk,False,Low,True,1.0
PS01414,18-24,Family with kids,Transit-Visa-Required,5.0,Morning,July,Checked-Through,3,Budget,Relaxation & Wellness,2,Word of Mouth/Referral,60.9,Medium,Airport Lounge/Relaxation,True,True,2,True,Airport Lounge/Relaxation,183.0,32.0,True,4.0,4.0,True,True,True,True,Airport Lounge/Relaxation,Airport Lounge/Relaxation,5.0,183.0,False,False,3.0,Budget,210.0,Medium,True,True,True,0.0,Low,Completed,Airside/Low-Risk,False,Low,True,1.0
PS01415,35-44,Solo,Visa-Free/On-Arrival,16.9,Evening,April,Carry-On Only,3,Mid-Range,Relaxation & Wellness,3,Airport Signage,79.9,High,City/Culture/Shopping,True,True,3,True,City/Culture/Shopping,496.0,17.3,True,4.0,3.0,True,True,True,True,City/Culture/Shopping,City/Culture/Shopping,16.9,496.0,False,False,3.0,Mid-Range,923.9999999999999,High,True,True,True,0.0,Mid,Completed,Outdoor/Higher-Risk,False,Medium,True,1.0
PS01416,55+,Solo,Visa-Free/On-Arrival,17.2,Afternoon,April,Checked-Through,3,Mid-Range,Shopping,3,Airport Signage,83.3,High,city/culture/shopping,True,True,5,True,City/Culture/Shopping,422.0,11.4,True,5.0,5.0,True,True,True,True,City/Culture/Shopping,City/Culture/Shopping,17.2,422.0,False,False,3.0,Mid-Range,942.0,High,True,True,True,0.0,Mid,Completed,Outdoor/Higher-Risk,False,High,True,1.0
PS01417,18-24,Solo,VISA-FREE/ON-ARRIVAL,3.9,Morning,December,Needs Storage,4,Mid-Range,Family/Indoor,3,Social Media,60.2,Medium,Indoor Micro-Experience,True,True,0,True,Indoor Micro-Experience,392.0,46.1,True,3.0,2.0,True,True,True,True,Indoor Micro-Experience,Indoor Micro-Experience,3.9,392.0,False,False,4.0,Mid-Range,144.0,Medium,True,False,True,0.0,Mid,Completed,Indoor/Moderate-Risk,False,None,False,1.0
PS01418,18-24,solo,Visa-Free/On-Arrival,4.0,Night,January,Checked-Through,3,Mid-Range,Relaxation & Wellness,4,Airport Signage,68.6,Medium,Indoor Micro-Experience,True,True,2,True,Indoor Micro-Experience,318.0,43.8,False,3.0,3.0,True,True,True,False,Indoor Micro-Experience,Indoor Micro-Experience,4.0,318.0,False,False,3.0,Mid-Range,150.0,Medium,True,True,True,0.0,Mid,Completed,Indoor/Moderate-Risk,False,Low,False,1.0
PS01419,25-34,Family with kids,Transit-Visa-Required,4.2,Morning,January,Carry-On Only,1,Mid-Range,Culture & Heritage,3,Travel Agent,68.4,Medium,Indoor Micro-Experience,Y,True,2,True,INDOOR MICRO-EXPERIENCE,348.0,50.3,N,4.0,4.0,True,True,True,False,Indoor Micro-Experience,Indoor Micro-Experience,4.2,348.0,False,False,1.0,Mid-Range,162.0,Medium,True,True,True,0.0,Mid,Completed,Indoor/Moderate-Risk,False,Low,False,1.0
PS01420,55+,Family with kids,Transit-Visa-Required,6.9,Morning,October,Checked-Through,4,Premium,Shopping,4,Airline Partner,74.7,High,Indoor Micro-Experience,True,False,2,False,,,,,,,True,False,False,,Indoor Micro-Experience,,6.9,,False,False,4.0,Premium,324.0,High,False,True,False,,No Spend,Package Viewed,Indoor/Moderate-Risk,True,Low,True,
PS01421,25-34,Couple,Transit-Visa-Required,5.9,Morning,February,Needs Storage,5,Budget,Culture & Heritage,2,Word of Mouth/Referral,56.4,Medium,Airport Lounge/Relaxation,True,True,3,False,,,,,,,True,True,False,,Airport Lounge/Relaxation,,5.9,,False,False,5.0,Budget,264.0,Medium,False,True,False,,No Spend,Package Viewed,Airside/Low-Risk,False,Medium,True,
PS01422,35-44,Solo,Visa-Free/On-Arrival,2.9,Evening,February,Carry-On Only,3,Budget,Family/Indoor,5,Airport Signage,67.6,Medium,Airport Lounge/Relaxation,True,True,2,True,City/Culture/Shopping,436.0,67.0,False,2.0,2.0,True,True,True,False,Airport Lounge/Relaxation,City/Culture/Shopping,2.9,436.0,False,False,3.0,Budget,84.0,Medium,True,True,True,1.0,Mid,Completed,Airside/Low-Risk,False,Low,False,0.0
PS01423,18-24,Solo,Not-Eligible,4.3,Evening,January,checked-through,2,Mid-Range,Shopping,2,Organic App Search,30.0,Low,Stay Airside,True,True,1,False,,,,,,,True,True,False,,Stay Airside,,4.3,,False,False,2.0,Mid-Range,168.0,Low,False,True,False,,No Spend,Package Viewed,Airside/Low-Risk,False,Low,False,
PS01424,18-24,Solo,Transit-Visa-Required,2.0 hrs,Afternoon,August,Needs Storage,3,,Culture & Heritage,1,Airport Signage,39.1,Medium,Airport Lounge/Relaxation,True,True,2,False,,,,,,,True,True,False,,Airport Lounge/Relaxation,,2.0,,False,True,3.0,Unknown,30.0,Medium,False,True,False,,No Spend,Package Viewed,Airside/Low-Risk,False,Low,False,
PS01425,55+,Solo,Not-Eligible,2.0,Afternoon,June,Checked-Through,4,Mid-Range,Family/Indoor,2,Word of Mouth/Referral,30.0,Low,Stay Airside,True,True,0,False,,,,,,,True,True,False,,Stay Airside,,2.0,,False,False,4.0,Mid-Range,30.0,Low,False,False,False,,No Spend,Eligibility Checked,Airside/Low-Risk,False,None,False,
PS01426,55+,FRIENDS/GROUP,Visa-Free/On-Arrival,2.5,Afternoon,June,Carry-On Only,4,Budget,Active/City,2,Airport Signage,55.1,Medium,Airport Lounge/Relaxation,True,True,3,False,,,,,,,True,True,False,,Airport Lounge/Relaxation,,2.5,,False,False,4.0,Budget,60.0,Medium,False,True,False,,No Spend,Package Viewed,Airside/Low-Risk,False,Medium,False,
PS01427,18-24,Solo,Visa-Free/On-Arrival,20.8,Evening,October,Carry-On Only,4,Mid-Range,Culture & Heritage,3,Airline Partner,79.3,High,CITY/CULTURE/SHOPPING,True,True,4,True,City/Culture/Shopping,313.0,10.9,True,4.0,4.0,True,True,True,True,City/Culture/Shopping,City/Culture/Shopping,20.8,313.0,False,False,4.0,Mid-Range,1158.0,High,True,True,True,0.0,Mid,Completed,Outdoor/Higher-Risk,False,Medium,True,1.0
PS01428,55+,Solo,Visa-Free/On-Arrival,19.4,Morning,October,Checked-Through,2,Mid-Range,Shopping,3,Airline Partner,90.0,High,City/Culture/Shopping,True,True,3,True,City/Culture/Shopping,398.0,7.7,True,4.0,4.0,True,True,True,True,City/Culture/Shopping,City/Culture/Shopping,19.4,398.0,False,False,2.0,Mid-Range,1074.0,High,True,True,True,0.0,Mid,Completed,Outdoor/Higher-Risk,False,Medium,True,1.0
PS01429,35-44,Solo,Transit-Visa-Required,11.4,Night,September,Needs Storage,4,Budget,Family/Indoor,4,Word of Mouth/Referral,65.0,Medium,Airport Lounge/Relaxation,True,True,5,False,,,,,,,True,True,False,,Airport Lounge/Relaxation,,11.4,,False,False,4.0,Budget,594.0,Medium,False,True,False,,No Spend,Package Viewed,Airside/Low-Risk,False,High,True,
PS01430,45-54,Solo,Visa-Free/On-Arrival,5.1,Morning,May,Checked-Through,3,Budget,Culture & Heritage,1,Airport Signage,66.6,Medium,  Airport Lounge/Relaxation ,True,False,2,False,,,,,,,True,False,False,,Airport Lounge/Relaxation,,5.1,,False,False,3.0,Budget,216.0,Medium,False,True,False,,No Spend,Package Viewed,Airside/Low-Risk,False,Low,True,
PS01431,25-34,Couple,Visa-Free/On-Arrival,2.5,Night,April,Checked-Through,2,Budget,Shopping,3,Airport Signage,62.3,Medium,Airport Lounge/Relaxation,Y,True,2,True,Stay Airside,0.0,54.6,True,3.0,2.0,True,True,True,True,Airport Lounge/Relaxation,Stay Airside,2.5,0.0,False,False,2.0,Budget,60.0,Medium,True,True,True,0.0,Low,Completed,Airside/Low-Risk,False,Low,False,0.0
PS01432,35-44,Couple,Visa-Free/On-Arrival,7.4,Morning,November,Needs Storage,1,Budget,Family/Indoor,3,Airline Partner,82.0,High,City/Culture/Shopping,True,TRUE,2,True,City/Culture/Shopping,394.0,38.9,True,4.0,4.0,True,True,True,True,City/Culture/Shopping,City/Culture/Shopping,7.4,394.0,False,False,1.0,Budget,354.0,High,True,True,True,0.0,Mid,Completed,Outdoor/Higher-Risk,False,Low,True,1.0
PS01433,25-34,Solo,Transit-Visa-Required,9.7,Evening,June,Carry-On Only,3,Mid-Range,Active/City,4,Organic App Search,75.3,High,City/Culture/Shopping,Y,True,2,True,Indoor Micro-Experience,265.0,19.8,True,3.0,3.0,True,True,True,True,City/Culture/Shopping,Indoor Micro-Experience,9.7,265.0,False,False,3.0,Mid-Range,492.0,High,True,True,True,0.0,Low,Completed,Outdoor/Higher-Risk,False,Low,True,0.0
PS01434,35-44,Solo,Transit-Visa-Required,4.5,Morning,August,Checked-Through,4,Mid-Range,Relaxation & Wellness,1,Airline Partner,51.2,Medium,Indoor Micro-Experience,True,True,3,TRUE,Indoor Micro-Experience,391.0,51.4,True,4.0,4.0,True,True,True,True,Indoor Micro-Experience,Indoor Micro-Experience,4.5,391.0,False,False,4.0,Mid-Range,180.0,Medium,True,True,True,0.0,Mid,Completed,Indoor/Moderate-Risk,False,Medium,True,1.0
PS01435,18-24,Solo,Visa-Free/On-Arrival,9.4,Morning,January,Checked-Through,4,Budget,Shopping,1,Airline Partner,73.0,High,City/Culture/Shopping,True,False,2,False,,,,,,,True,False,False,,City/Culture/Shopping,,9.4,,False,False,4.0,Budget,474.0,High,False,True,False,,No Spend,Package Viewed,Outdoor/Higher-Risk,False,Low,True,
PS01436,18-24,Solo,Visa-Free/On-Arrival,3.3,Night,July,Carry-On Only,5,Mid-Range,Relaxation & Wellness,3,Organic App Search,57.8,Medium,Indoor Micro-Experience,True,True,2,False,,,,,,,True,True,False,,Indoor Micro-Experience,,3.3,,False,False,5.0,Mid-Range,108.0,Medium,False,True,False,,No Spend,Package Viewed,Indoor/Moderate-Risk,False,Low,False,
PS01437,25-34,Solo,Transit-Visa-Required,5.1,Night,August,Checked-Through,2,Budget,Shopping,4,Organic App Search,68.6,Medium,Airport Lounge/Relaxation,Yes,Yes,1,True,airport lounge/relaxation,231.0,48.2,True,4.0,4.0,True,True,True,True,Airport Lounge/Relaxation,Airport Lounge/Relaxation,5.1,231.0,False,False,2.0,Budget,216.0,Medium,True,True,True,0.0,Low,Completed,Airside/Low-Risk,False,Low,True,1.0
PS01438,35-44,Friends/Group,not-eligible,6.3,Afternoon,September,Needs Storage,5,Mid-Range,Culture & Heritage,4,Airline Partner,30.0,Low,Stay Airside,True,True,3,True,Stay Airside,0.0,34.6,True,4.0,4.0,True,True,True,True,Stay Airside,Stay Airside,6.3,0.0,False,False,5.0,Mid-Range,288.0,Low,True,True,True,0.0,Low,Completed,Airside/Low-Risk,False,Medium,False,1.0
PS01439,25-34,Couple,Transit-Visa-Required,19.7,Evening,November,Carry-On Only,4,Budget,Active/City,1,Word of Mouth/Referral,59.7,Medium,Airport Lounge/Relaxation,True,True,0,No,,,,,,,True,True,False,,Airport Lounge/Relaxation,,19.7,,False,False,4.0,Budget,1092.0,Medium,False,False,False,,No Spend,Eligibility Checked,Airside/Low-Risk,False,None,True,
PS01440,35-44,Couple,not-eligible,4.2,Evening,August,Checked-Through,3,Premium,Active/City,2,Airline Partner,30.0,Low,Stay Airside,True,True,2,False,,,,,,,True,True,False,,Stay Airside,,4.2,,False,False,3.0,Premium,162.0,Low,False,True,False,,No Spend,Package Viewed,Airside/Low-Risk,False,Low,False,
PS01441,55+,Couple,Transit-Visa-Required,9.6,Night,July,Checked-Through,5,Mid-Range,Shopping,2,Airline Partner,65.5,Medium,Indoor Micro-Experience,True,yes ,2,False,,,,,,,True,True,False,,Indoor Micro-Experience,,9.6,,False,False,5.0,Mid-Range,486.0,Medium,False,True,False,,No Spend,Package Viewed,Indoor/Moderate-Risk,False,Low,True,
PS01442,18-24,Couple,Transit-Visa-Required,3.8,Afternoon,March,Checked-Through,4,Mid-Range,Shopping,3,Word of Mouth/Referral,55.4,Medium,Indoor Micro-Experience,True,True,2,False,,,,,,,True,True,False,,Indoor Micro-Experience,,3.8,,False,False,4.0,Mid-Range,138.0,Medium,False,True,False,,No Spend,Package Viewed,Indoor/Moderate-Risk,False,Low,False,
PS01443,35-44,Couple,Visa-Free/On-Arrival,3.4,Afternoon,February,Checked-Through,3,Mid-Range,Culture & Heritage,3,Word of Mouth/Referral,65.3,Medium,Indoor Micro-Experience,True,True,1,True,Indoor Micro-Experience,283.0,46.4,True,4.0,3.0,True,True,True,True,Indoor Micro-Experience,Indoor Micro-Experience,3.4,283.0,False,False,3.0,Mid-Range,114.0,Medium,True,True,True,0.0,Low,Completed,Indoor/Moderate-Risk,False,Low,False,1.0
PS01444,25-34,Family with kids,Transit-Visa-Required,4.5,Afternoon,March,Carry-On Only,5,Premium,family/indoor,2,Airport Signage,56.6,Medium,INDOOR MICRO-EXPERIENCE,True,True,2,True,Stay Airside,0.0,42.0,True,2.0,2.0,True,True,True,True,Indoor Micro-Experience,Stay Airside,4.5,0.0,False,False,5.0,Premium,180.0,Medium,True,True,True,0.0,Low,Completed,Indoor/Moderate-Risk,False,Low,True,0.0
PS01445,45-54,family with kids,Transit-Visa-Required,7.6,Afternoon,April,Needs Storage,4,Premium,Active/City,3,Airline Partner,75.8,High,Premium Fast-Track/Chauffeur,True,TRUE,6,True,Premium Fast-Track/Chauffeur,2456.0,38.4,True,4.0,5.0,True,True,True,True,Premium Fast-Track/Chauffeur,Premium Fast-Track/Chauffeur,7.6,2456.0,False,False,4.0,Premium,366.0,High,True,True,True,0.0,High,Completed,Outdoor/Higher-Risk,True,High,True,1.0
PS01446,18-24,Solo,Transit-Visa-Required,18.2,Night,April,Carry-On Only,4,Mid-Range,Shopping,3,Airline Partner,70.9,High,Culture & Shopping,True,True,1,True,City/Culture/Shopping,494.0,18.2,True,4.0,5.0,True,True,True,True,City/Culture/Shopping,City/Culture/Shopping,18.2,494.0,False,False,4.0,Mid-Range,1002.0,High,True,True,True,0.0,Mid,Completed,Outdoor/Higher-Risk,False,Low,True,1.0
PS01447,35-44,Couple,Visa-Free/On-Arrival,5.0,Morning,June,Checked-Through,5,Budget,Culture & Heritage,3,Word of Mouth/Referral,66.3,Medium,Airport Lounge/Relaxation,True,True,1,True,Airport Lounge/Relaxation,180.0,55.1,False,3.0,4.0,True,True,True,False,Airport Lounge/Relaxation,Airport Lounge/Relaxation,5.0,180.0,False,False,5.0,Budget,210.0,Medium,True,True,True,1.0,Low,Completed,Airside/Low-Risk,False,Low,True,1.0
PS01448,45-54,Couple,Visa-Free/On-Arrival,12.4 hrs,Morning,December,Checked-Through,3,Premium,Culture & Heritage,2,Organic App Search,83.0,High,Premium Fast-Track/Chauffeur,True,TRUE,1,True,Premium Fast-Track/Chauffeur,1297.0,14.4,True,5.0,4.0,True,True,True,True,Premium Fast-Track/Chauffeur,Premium Fast-Track/Chauffeur,12.4,1297.0,False,False,3.0,Premium,654.0,High,True,True,True,0.0,High,Completed,Outdoor/Higher-Risk,False,Low,True,1.0
PS01449,55+,Friends/Group,Visa-Free/On-Arrival,20.3,Evening,July,Carry-On Only,4,Budget,Shopping,3,Airport Signage,74.9,High,Indoor Micro-Experience,True,True,3,False,,,,,,,True,True,False,,Indoor Micro-Experience,,20.3,,False,False,4.0,Budget,1128.0,High,False,True,False,,No Spend,Package Viewed,Indoor/Moderate-Risk,False,Medium,True,
PS01450,35-44,Couple,Visa-Free/On-Arrival,8.7,Evening,December,Carry-On Only,4,Premium,Relaxation & Wellness,3,Word of Mouth/Referral,81.3,High,Premium Fast-Track/Chauffeur,True,True,0,False,,,,,,,True,True,False,,Premium Fast-Track/Chauffeur,,8.7,,False,False,4.0,Premium,432.0,High,False,False,False,,No Spend,Eligibility Checked,Outdoor/Higher-Risk,False,None,True,
PS01451,25-34,Couple,Visa-Free/On-Arrival,13.7,Morning,April,Carry-On Only,3,Mid-Range,Relaxation & Wellness,5,Airline Partner,86.2,High,City/Culture/Shopping,True,True,1,Yes,  City/Culture/Shopping ,586.0,7.3,Yes,4.0,4.0,True,True,True,True,City/Culture/Shopping,City/Culture/Shopping,13.7,586.0,False,False,3.0,Mid-Range,732.0,High,True,True,True,0.0,Mid,Completed,Outdoor/Higher-Risk,False,Low,True,1.0
PS01452,35-44,Solo,Transit-Visa-Required,4.4,Afternoon,October,Checked-Through,1,Premium,Shopping,4,Travel Agent,77.8,High,Premium Fast-Track/Chauffeur,True,True,1,True,Premium Fast Track,1907.0,44.7,True,5.0,5.0,True,True,True,True,Premium Fast-Track/Chauffeur,Premium Fast-Track/Chauffeur,4.4,1907.0,False,False,1.0,Premium,174.0,High,True,True,True,0.0,High,Completed,Outdoor/Higher-Risk,False,Low,False,1.0
PS01453,45-54,Couple,visa-free/on-arrival,9.5,Night,June,Needs Storage,4,Premium,Shopping,2,Airline Partner,75.5,High,Indoor Micro-Experience,True,True,1,True,Indoor Micro-Experience,344.0,18.3,True,4.0,4.0,True,True,True,True,Indoor Micro-Experience,Indoor Micro-Experience,9.5,344.0,False,False,4.0,Premium,480.0,High,True,True,True,0.0,Mid,Completed,Indoor/Moderate-Risk,False,Low,False,1.0
PS01454,35-44,Solo,Visa-Free/On-Arrival,10.9,Morning,September,Checked-Through,1,Budget,Shopping,2,Social Media,84.8,High,City/Culture/Shopping,True,True,0,True,City/Culture/Shopping,438.0,18.4,True,4.0,5.0,True,True,True,True,City/Culture/Shopping,City/Culture/Shopping,10.9,438.0,False,False,1.0,Budget,564.0,High,True,False,True,0.0,Mid,Completed,Outdoor/Higher-Risk,False,None,True,1.0
PS01455,18-24,Solo,Visa-Free/On-Arrival,2.8,Evening,June,Carry-On Only,4,Mid-Range,Family/Indoor,3,Airport Signage,55.9,Medium,Indoor Micro-Experience,True,True,1,True,Indoor Micro-Experience,372.0,55.5,True,3.0,3.0,True,True,True,True,Indoor Micro-Experience,Indoor Micro-Experience,2.8,372.0,False,False,4.0,Mid-Range,78.0,Medium,True,True,True,1.0,Mid,Completed,Indoor/Moderate-Risk,False,Low,False,1.0
PS01456,55+,Solo,transit-visa-required,4.1,Evening,March,Carry-On Only,5,Budget,Shopping,3,Organic App Search,50.5,Medium,  Airport Lounge/Relaxation ,TRUE,True,0,False,,,,,,,True,True,False,,Airport Lounge/Relaxation,,4.1,,False,False,5.0,Budget,155.99999999999997,Medium,False,False,False,,No Spend,Eligibility Checked,Airside/Low-Risk,False,None,False,
PS01457,35-44,Family with kids,Visa-Free/On-Arrival,6.2,Afternoon,January,Carry-On Only,3,Budget,Family/Indoor,5,Airport Signage,78.6,High,City/Culture/Shopping,TRUE,True,3,True,City/Culture/Shopping,463.0,49.6,True,4.0,4.0,True,True,True,True,City/Culture/Shopping,City/Culture/Shopping,6.2,463.0,False,False,3.0,Budget,282.0,High,True,True,True,0.0,Mid,Completed,Outdoor/Higher-Risk,False,Medium,True,1.0
PS01458,35-44,SOLO,Visa-Free/On-Arrival,4.6,Night,November,Checked-Through,2,Mid-Range,Culture & Heritage,3,Airport Signage,71.9,High,City/Culture/Shopping,True,True,3,True,Airport Lounge/Relaxation,299.0,32.8,False,2.0,3.0,True,True,True,False,City/Culture/Shopping,Airport Lounge/Relaxation,4.6,299.0,False,False,2.0,Mid-Range,186.0,High,True,True,True,0.0,Low,Completed,Outdoor/Higher-Risk,False,Medium,True,0.0
PS01459,25-34,Solo,Transit-Visa-Required,6.6,Evening,October,Carry-On Only,2,Budget,Shopping,5,Word of Mouth/Referral,74.7,High,City/Culture/Shopping,True,True,2,False,,,,,,,True,True,False,,City/Culture/Shopping,,6.6,,False,False,2.0,Budget,306.0,High,False,True,False,,No Spend,Package Viewed,Outdoor/Higher-Risk,False,Low,True,
PS01460,35-44,Friends/Group,Visa-Free/On-Arrival,2.5,Afternoon,October,Checked-Through,3,Mid-Range,Relaxation & Wellness,3,Airport Signage,60.0,Medium,Indoor Micro-Experience,True,True,2,True,Indoor Micro-Experience,259.0,57.7,False,4.0,4.0,True,True,True,False,Indoor Micro-Experience,Indoor Micro-Experience,2.5,259.0,False,False,3.0,Mid-Range,60.0,Medium,True,True,True,1.0,Low,Completed,Indoor/Moderate-Risk,False,Low,False,1.0
PS01461,25-34,Solo,Not-Eligible,19.1,Evening,May,Carry-On Only,5,Premium,shopping,5,Airline Partner,30.0,Low,Stay Airside,TRUE,False,3,False,,,,,,,True,False,False,,Stay Airside,,19.1,,False,False,5.0,Premium,1056.0,Low,False,True,False,,No Spend,Package Viewed,Airside/Low-Risk,False,Medium,False,
PS01462,35-44,Couple,Not-Eligible,13.1,Evening,October,Checked-Through,3,Mid-Range,Relaxation & Wellness,4,Social Media,30.0,Low,Stay Airside,True,True,3,False,,,,,,,True,True,False,,Stay Airside,,13.1,,False,False,3.0,Mid-Range,696.0,Low,False,True,False,,No Spend,Package Viewed,Airside/Low-Risk,False,Medium,False,
PS01463,18-24,Couple,Visa-Free/On-Arrival,26.0,Evening,October,Checked-Through,2,,Family/Indoor,4,Word of Mouth/Referral,85.3,High,City/Culture/Shopping,True,True,3,True,City/Culture/Shopping,444.0,2.6,True,,5.0,True,True,True,True,City/Culture/Shopping,City/Culture/Shopping,26.0,444.0,False,True,2.0,Unknown,1470.0,High,True,True,True,0.0,Mid,Booked,Outdoor/Higher-Risk,False,Medium,True,1.0
PS01464,35-44,Solo,Visa-Free/On-Arrival,3.1,Night,March,Checked-Through,4,Premium,Relaxation & Wellness,3,Airport Signage,67.6,Medium,Indoor Micro-Experience,True,True,1,True,Indoor Micro-Experience,537.0,52.6,False,4.0,,True,True,True,False,Indoor Micro-Experience,Indoor Micro-Experience,3.1,537.0,False,False,4.0,Premium,96.0,Medium,True,True,True,0.0,Mid,Completed,Indoor/Moderate-Risk,False,Low,False,1.0
PS01465,55+,Family with kids,Transit-Visa-Required,-3.0,Afternoon,August,Carry-On Only,4,Premium,Shopping,4,Airline Partner,76.5,High,Premium Fast-Track/Chauffeur,True,True,3,True,Premium Fast-Track/Chauffeur,2058.0,19.1,True,4.0,4.0,True,True,True,True,Premium Fast-Track/Chauffeur,Premium Fast-Track/Chauffeur,,2058.0,False,False,4.0,Premium,,High,True,True,True,0.0,High,Completed,Outdoor/Higher-Risk,True,Medium,False,1.0
PS01466,18-24,Solo,Visa-Free/On-Arrival,4.6,Afternoon,October,Carry-On Only,3,Mid-Range,Relaxation & Wellness,2,Airport Signage,65.3,Medium,Indoor Micro-Experience,True,True,2,False,,,,,,,True,True,False,,Indoor Micro-Experience,,4.6,,False,False,3.0,Mid-Range,186.0,Medium,False,True,False,,No Spend,Package Viewed,Indoor/Moderate-Risk,False,Low,True,
PS01467,55+,Couple,Visa-Free/On-Arrival,3.4,Morning,January,Carry-On Only,4,Mid-Range,shopping,5,Organic App Search,65.5,Medium,Indoor Micro-Experience,True,True,3,True,Indoor Micro-Experience,393.0,59.9,False,3.0,2.0,True,True,True,False,Indoor Micro-Experience,Indoor Micro-Experience,3.4,393.0,False,False,4.0,Mid-Range,114.0,Medium,True,True,True,1.0,Mid,Completed,Indoor/Moderate-Risk,False,Medium,False,1.0
PS01468,25-34,Couple,Visa-Free/On-Arrival,12.7,Morning,November,Carry-On Only,3,Premium,Active/City,4,Airline Partner,90.9,High,Premium Fast-Track/Chauffeur,True,True,4,True,Airport Lounge/Relaxation,259.0,0.0,True,3.0,3.0,True,True,True,True,Premium Fast-Track/Chauffeur,Airport Lounge/Relaxation,12.7,259.0,False,False,3.0,Premium,672.0,High,True,True,True,0.0,Low,Completed,Outdoor/Higher-Risk,True,Medium,True,0.0
PS01469,45-54,Couple,Not-Eligible,7.7,Morning,February,Carry-On Only,4,Budget,Relaxation & Wellness,3,Airport Signage,30.0,Low,Stay Airside,True,False,1,False,,,,,,,True,False,False,,Stay Airside,,7.7,,False,False,4.0,Budget,372.0,Low,False,True,False,,No Spend,Package Viewed,Airside/Low-Risk,False,Low,False,
PS01470,45-54,Family with kids,Visa-Free/On-Arrival,5.9,Night,March,Checked-Through,3,Premium,Culture & Heritage,5,Social Media,88.4,High,Premium Fast-Track/Chauffeur,TRUE,Yes,4,True,Premium Fast-Track/Chauffeur,1688.0,42.9,True,,4.0,True,True,True,True,Premium Fast-Track/Chauffeur,Premium Fast-Track/Chauffeur,5.9,1688.0,False,False,3.0,Premium,264.0,High,True,True,True,0.0,High,Booked,Outdoor/Higher-Risk,True,Medium,True,1.0
PS01471,35-44,Solo,Transit-Visa-Required,8.9,Evening,March,Carry-On Only,,,Culture & Heritage,5,Airline Partner,88.8,High,Premium Fast-Track/Chauffeur,Yes,True,1,True,Airport Lounge/Relaxation,305.0,17.0,True,3.0,3.0,True,True,True,True,Premium Fast-Track/Chauffeur,Airport Lounge/Relaxation,8.9,305.0,True,True,,Unknown,444.0,High,True,True,True,0.0,Mid,Completed,Outdoor/Higher-Risk,False,Low,True,0.0
PS01472,35-44,Solo,Transit-Visa-Required,4.2,Evening,December,Carry-On Only,5,Premium,Active/City,4,Airport Signage,58.2,Medium,Indoor Micro-Experience,True,False,4,False,,,,,,,True,False,False,,Indoor Micro-Experience,,4.2,,False,False,5.0,Premium,162.0,Medium,False,True,False,,No Spend,Package Viewed,Indoor/Moderate-Risk,False,Medium,False,
PS01473,45-54,Family with kids,Visa-Free/On-Arrival,4.1,Evening,August,checked-through,3,Budget,Active/City,2,Organic App Search,59.6,Medium,Airport Lounge/Relaxation,True,True,3,True,Stay Airside,0.0,43.8,True,3.0,4.0,True,True,True,True,Airport Lounge/Relaxation,Stay Airside,4.1,0.0,False,False,3.0,Budget,155.99999999999997,Medium,True,True,True,0.0,Low,Completed,Airside/Low-Risk,False,Medium,False,0.0
PS01474,25-34,Couple,Visa-Free/On-Arrival,4.7,Night,May,Checked-Through,2,Premium,Active/City,5,Airline Partner,85.1,High,Premium Fast-Track/Chauffeur,True,True,5,True,Premium Fast-Track/Chauffeur,2976.0,48.9,True,5.0,5.0,True,True,True,True,Premium Fast-Track/Chauffeur,Premium Fast-Track/Chauffeur,4.7,2976.0,False,False,2.0,Premium,192.0,High,True,True,True,0.0,High,Completed,Outdoor/Higher-Risk,True,High,True,1.0
PS01475,25-34,Family with kids,Not-Eligible,14.1,Afternoon,August,Checked-Through,5,Mid-Range,Relaxation & Wellness,4,Word of Mouth/Referral,30.0,Low,Stay Airside,True,True,2,False,,,,,,,True,True,False,,Stay Airside,,14.1,,False,False,5.0,Mid-Range,756.0,Low,False,True,False,,No Spend,Package Viewed,Airside/Low-Risk,False,Low,False,
PS01476,35-44,Family with kids,visa-free/on-arrival,13.5,Night,November,CHECKED-THROUGH,4,Mid-Range,Relaxation & Wellness,4,Word of Mouth/Referral,82.2,High,Indoor Micro-Experience,True,True,1,True,Indoor Micro-Experience,268.0,4.7,True,4.0,5.0,True,True,True,True,Indoor Micro-Experience,Indoor Micro-Experience,13.5,268.0,False,False,4.0,Mid-Range,720.0,High,True,True,True,0.0,Low,Completed,Indoor/Moderate-Risk,False,Low,False,1.0
PS01477,45-54,Family with kids,Transit-Visa-Required,3.0,Afternoon,November,Checked-Through,2,Premium,Family/Indoor,5,Airport Signage,68.1,Medium,Indoor Micro-Experience,Y,True,2,False,,,,,,,True,True,False,,Indoor Micro-Experience,,3.0,,False,False,2.0,Premium,90.0,Medium,False,True,False,,No Spend,Package Viewed,Indoor/Moderate-Risk,False,Low,False,
PS01478,45-54,COUPLE,Visa-Free/On-Arrival,18.7,Night,June,Checked-Through,4,Budget,Shopping,2,Airline Partner,73.2,High,City / Culture / Shopping,True,True,2,True,City/Culture/Shopping,363.0,10.7,True,4.0,4.0,True,True,True,True,City/Culture/Shopping,City/Culture/Shopping,18.7,363.0,False,False,4.0,Budget,1032.0,High,True,True,True,0.0,Mid,Completed,Outdoor/Higher-Risk,False,Low,True,1.0
PS01479,45-54,Solo,Visa-Free/On-Arrival,7.3,Evening,December,Carry-On Only,5,Budget,Shopping,2,Organic App Search,61.7,Medium,Airport Lounge/Relaxation,True,False,2,True,Airport Lounge/Relaxation,247.0,31.0,False,4.0,4.0,True,False,True,False,Airport Lounge/Relaxation,Airport Lounge/Relaxation,7.3,247.0,False,False,5.0,Budget,348.0,Medium,True,True,True,0.0,Low,Completed,Airside/Low-Risk,False,Low,True,1.0
PS01480,25-34,Family with kids,Visa-Free/On-Arrival,9.6,Morning,February,Checked-Through,4,Premium,Family/Indoor,3,Word of Mouth/Referral,78.8,High,Premium Fast-Track/Chauffeur,True,True,2,False,,,,,,,True,True,False,,Premium Fast-Track/Chauffeur,,9.6,,False,False,4.0,Premium,486.0,High,False,True,False,,No Spend,Package Viewed,Outdoor/Higher-Risk,True,Low,True,
PS01481,45-54,Couple,Visa-Free/On-Arrival,4.6,Evening,November,Checked-Through,,Premium,Culture & Heritage,1,Airline Partner,74.4,High,Premium Fast-Track/Chauffeur,Yes,TRUE,2,True,Premium Fast-Track/Chauffeur,1190.0,56.9,True,4.0,3.0,True,True,True,True,Premium Fast-Track/Chauffeur,Premium Fast-Track/Chauffeur,4.6,1190.0,True,False,,Premium,186.0,High,True,True,True,1.0,High,Completed,Outdoor/Higher-Risk,True,Low,True,1.0
PS01482,18-24,Solo,Visa-Free/On-Arrival,7.6,Afternoon,April,Needs Storage,4,,Family/Indoor,4,Airline Partner,82.3,High,Indoor Micro-Experience,True,True,2,True,Indoor Micro-Experience,456.0,29.6,False,4.0,4.0,True,True,True,False,Indoor Micro-Experience,Indoor Micro-Experience,7.6,456.0,False,True,4.0,Unknown,366.0,High,True,True,True,0.0,Mid,Completed,Indoor/Moderate-Risk,False,Low,True,1.0
PS01483,35-44,Friends/Group,Transit-Visa-Required,3.4,Morning,September,Checked-Through,4,Budget,Shopping,2,Social Media,51.1,Medium,Airport Lounge/Relaxation,True,True,0,False,,,,,,,True,True,False,,Airport Lounge/Relaxation,,3.4,,False,False,4.0,Budget,114.0,Medium,False,False,False,,No Spend,Eligibility Checked,Airside/Low-Risk,False,None,False,
PS01484,18-24,Friends/Group,Visa-Free/On-Arrival,4.4,Evening,April,Checked-Through,4,Mid-Range,Family/Indoor,2,Airport Signage,61.1,Medium,Indoor Micro-Experience,True,yes ,1,False,,,,,,,True,True,False,,Indoor Micro-Experience,,4.4,,False,False,4.0,Mid-Range,174.0,Medium,False,True,False,,No Spend,Package Viewed,Indoor/Moderate-Risk,False,Low,False,
PS01485,25-34,Couple,Visa-Free/On-Arrival,12.1,Afternoon,May,Carry-On Only,2,Budget,Shopping,3,Social Media,78.2,High,City/Culture/Shopping,True,True,2,True,City/Culture/Shopping,365.0,24.0,True,4.0,4.0,True,True,True,True,City/Culture/Shopping,City/Culture/Shopping,12.1,365.0,False,False,2.0,Budget,636.0,High,True,True,True,0.0,Mid,Completed,Outdoor/Higher-Risk,False,Low,True,1.0
PS01486,25-34,Solo,Visa-Free/On-Arrival,12.2,Morning,May,Checked-Through,4,Mid-Range,Family/Indoor,3,Organic App Search,81.7,High,City/Culture/Shopping,True,True,2,True,Premium Fast-Track/Chauffeur,1441.0,10.4,False,3.0,3.0,True,True,True,False,City/Culture/Shopping,Premium Fast-Track/Chauffeur,12.2,1441.0,False,False,4.0,Mid-Range,642.0,High,True,True,True,0.0,High,Completed,Outdoor/Higher-Risk,False,Low,True,0.0
PS01487,25-34,Solo,Transit-Visa-Required,9.9,Night,October,Checked-Through,1,Budget,family/indoor,2,Airport Signage,78.4,High,City/Culture/Shopping,yes ,True,0,True,City/Culture/Shopping,308.0,27.6,True,5.0,5.0,True,True,True,True,City/Culture/Shopping,City/Culture/Shopping,9.9,308.0,False,False,1.0,Budget,504.0,High,True,False,True,0.0,Mid,Completed,Outdoor/Higher-Risk,False,None,True,1.0
PS01488,35-44,Family with kids,Visa-Free/On-Arrival,5.7,Evening,August,Checked-Through,4,Mid-Range,Shopping,1,Word of Mouth/Referral,63.9,Medium,Indoor Micro-Experience,True,True,1,False,,,,,,,True,True,False,,Indoor Micro-Experience,,5.7,,False,False,4.0,Mid-Range,252.0,Medium,False,True,False,,No Spend,Package Viewed,Indoor/Moderate-Risk,False,Low,True,
PS01489,25-34,Friends/Group,Transit-Visa-Required,3.0,Night,June,Needs Storage,5,Mid-Range,Active/City,3,Travel Agent,50.1,Medium,Indoor Micro-Experience,True,True,1,False,,,,,,,True,True,False,,Indoor Micro-Experience,,3.0,,False,False,5.0,Mid-Range,90.0,Medium,False,True,False,,No Spend,Package Viewed,Indoor/Moderate-Risk,False,Low,False,
PS01490,25-34,Solo,Visa-Free/On-Arrival,15.1,Evening,October,Carry-On Only,2,Premium,Family/Indoor,4,Airline Partner,87.1,High,  Premium Fast-Track/Chauffeur ,True,True,4,True,  Premium Fast-Track/Chauffeur ,1320.0,6.2,True,4.0,4.0,True,True,True,True,Premium Fast-Track/Chauffeur,Premium Fast-Track/Chauffeur,15.1,1320.0,False,False,2.0,Premium,816.0,High,True,True,True,0.0,High,Completed,Outdoor/Higher-Risk,True,Medium,True,1.0
PS01491,25-34,Solo,Visa-Free/On-Arrival,12.8,Afternoon,July,Carry-On Only,3,Mid-Range,Active/City,5,Travel Agent,82.4,High,City/Culture/Shopping,True,True,1,False,,,,,,,True,True,False,,City/Culture/Shopping,,12.8,,False,False,3.0,Mid-Range,678.0,High,False,True,False,,No Spend,Package Viewed,Outdoor/Higher-Risk,False,Low,True,
PS01492,25-34,Friends/Group,Visa-Free/On-Arrival,2.0,Afternoon,June,Needs Storage,3,Mid-Range,Culture & Heritage,1,Social Media,53.3,Medium,Indoor Micro-Experience,True,True,2,False,,,,,,,True,True,False,,Indoor Micro-Experience,,2.0,,False,False,3.0,Mid-Range,30.0,Medium,False,True,False,,No Spend,Package Viewed,Indoor/Moderate-Risk,False,Low,False,
PS01493,25-34,Solo,Transit-Visa-Required,12.4,Evening,May,Needs Storage,4,Budget,Shopping,3,Airline Partner,63.1,Medium,Airport Lounge/Relaxation,True,True,2,True,Airport Lounge/Relaxation,193.0,3.4,True,4.0,4.0,True,True,True,True,Airport Lounge/Relaxation,Airport Lounge/Relaxation,12.4,193.0,False,False,4.0,Budget,654.0,Medium,True,True,True,0.0,Low,Completed,Airside/Low-Risk,False,Low,True,1.0
PS01494,18-24,Couple,Visa-Free/On-Arrival,5.9,Night,May,Carry-On Only,3,Mid-Range,Shopping,2,Airport Signage,68.2,Medium,Indoor Micro-Experience,True,True,2,False,,,,,,,True,True,False,,Indoor Micro-Experience,,5.9,,False,False,3.0,Mid-Range,264.0,Medium,False,True,False,,No Spend,Package Viewed,Indoor/Moderate-Risk,False,Low,True,
PS01495,35-44,Friends/Group,Visa-Free/On-Arrival,11.2,Morning,March,Carry-On Only,4,,Shopping,3,Social Media,74.9,High,Indoor Micro-Experience,True,True,1,True,Indoor Micro-Experience,325.0,6.2,True,4.0,4.0,True,True,True,True,Indoor Micro-Experience,Indoor Micro-Experience,11.2,325.0,False,True,4.0,Unknown,582.0,High,True,True,True,0.0,Mid,Completed,Indoor/Moderate-Risk,False,Low,True,1.0
PS01496,35-44,Solo,Visa-Free/On-Arrival,2.6,Night,July,Checked-Through,5,Budget,Shopping,5,Social Media,58.5,Medium,Airport Lounge/Relaxation,True,True,0,FALSE,,,,,,,True,True,False,,Airport Lounge/Relaxation,,2.6,,False,False,5.0,Budget,66.0,Medium,False,False,False,,No Spend,Eligibility Checked,Airside/Low-Risk,False,None,False,
PS01497,35-44,Couple,Transit-Visa-Required,4.8,Night,October,Checked-Through,4,Mid-Range,Shopping,3,Organic App Search,55.6,Medium,Indoor Micro-Experience,True,True,1,False,,,,,,,True,True,False,,Indoor Micro-Experience,,4.8,,False,False,4.0,Mid-Range,198.0,Medium,False,True,False,,No Spend,Package Viewed,Indoor/Moderate-Risk,False,Low,True,
PS01498,25-34,Solo,Visa-Free/On-Arrival,7.9,Evening,May,Carry-On Only,4,Premium,Active/City,3,Word of Mouth/Referral,83.1,High,Indoor Micro-Experience,True,False,4,False,,,,,,,True,False,False,,Indoor Micro-Experience,,7.9,,False,False,4.0,Premium,384.0,High,False,True,False,,No Spend,Package Viewed,Indoor/Moderate-Risk,True,Medium,True,
PS01499,25-34,Solo,Visa-Free/On-Arrival,19.1,Night,July,Carry-On Only,3,Budget,Active/City,2,Airline Partner,76.7,High,City/Culture/Shopping,True,True,2,True,CITY/CULTURE/SHOPPING,380.0,7.9,True,5.0,5.0,True,True,True,True,City/Culture/Shopping,City/Culture/Shopping,19.1,380.0,False,False,3.0,Budget,1056.0,High,True,True,True,0.0,Mid,Completed,Outdoor/Higher-Risk,False,Low,True,1.0
PS01500,45-54,Family with kids,Visa-Free/On-Arrival,7.9,Afternoon,February,Needs Storage,5,Budget,Active/City,5,Word of Mouth/Referral,78.2,High,INDOOR MICRO-EXPERIENCE,Yes,True,2,False,,,,,,,True,True,False,,Indoor Micro-Experience,,7.9,,False,False,5.0,Budget,384.0,High,False,True,False,,No Spend,Package Viewed,Indoor/Moderate-Risk,False,Low,True,
PS01501,35-44,Couple,Visa-Free/On-Arrival,13.8,Night,September,Checked-Through,2,Mid-Range,Active/City,3,Airline Partner,89.4,High,City/Culture/Shopping,True,True,2,True,City/Culture/Shopping,359.0,10.2,True,3.0,4.0,True,True,True,True,City/Culture/Shopping,City/Culture/Shopping,13.8,359.0,False,False,2.0,Mid-Range,738.0,High,True,True,True,0.0,Mid,Completed,Outdoor/Higher-Risk,False,Low,True,1.0
PS01502,25-34,Friends/Group,Transit-Visa-Required,8.6,Evening,August,Carry-On Only,2,Premium,Family/Indoor,3,Airline Partner,81.9,High,Premium Fast-Track/Chauffeur,True,True,0,True,City/Culture/Shopping,-486.0,33.2,True,3.0,3.0,True,True,True,True,Premium Fast-Track/Chauffeur,City/Culture/Shopping,8.6,,False,False,2.0,Premium,426.0,High,True,False,True,0.0,No Spend,Completed,Outdoor/Higher-Risk,False,None,True,0.0
PS01503,18-24,Couple,Transit-Visa-Required,48.0,Morning,May,Carry-On Only,3,Budget,Family/Indoor,3,Airline Partner,67.3,Medium,Airport Lounge/Relaxation,True,True,1,False,,,,,,,True,True,False,,Airport Lounge/Relaxation,,,,False,False,3.0,Budget,,Medium,False,True,False,,No Spend,Package Viewed,Airside/Low-Risk,False,Low,False,
PS01504,25-34,Solo,Visa-Free/On-Arrival,10.2,Night,February,Checked-Through,4,Premium,Shopping,2,Social Media,82.0,High,Indoor Micro-Experience,True,True,2,True,Indoor Micro-Experience,539.0,20.2,False,4.0,5.0,True,True,True,False,Indoor Micro-Experience,Indoor Micro-Experience,10.2,539.0,False,False,4.0,Premium,522.0,High,True,True,True,0.0,Mid,Completed,Indoor/Moderate-Risk,True,Low,True,1.0
PS01505,25-34,Solo,Visa-Free/On-Arrival,7.2,Afternoon,June,Carry-On Only,5,Premium,Shopping,4,Airline Partner,83.6,High,Indoor Micro-Experience,True,True,2,False,,,,,,,True,True,False,,Indoor Micro-Experience,,7.2,,False,False,5.0,Premium,342.0,High,False,True,False,,No Spend,Package Viewed,Indoor/Moderate-Risk,True,Low,True,
PS01506,25-34,SOLO,Visa-Free/On-Arrival,11.9,Afternoon,August,Checked-Through,2,Budget,relaxation & wellness,1,Airport Signage,80.4,High,City/Culture/Shopping,True,True,3,True,City/Culture/Shopping,349.0,16.8,False,3.0,4.0,True,True,True,False,City/Culture/Shopping,City/Culture/Shopping,11.9,349.0,False,False,2.0,Budget,624.0,High,True,True,True,0.0,Mid,Completed,Outdoor/Higher-Risk,False,Medium,True,1.0
PS01507,35-44,Solo,Visa-Free/On-Arrival,3.6,Evening,July,Checked-Through,4,Budget,Active/City,4,Airline Partner,66.2,Medium,Airport Lounge/Relaxation,TRUE,True,2,False,,,,,,,True,True,False,,Airport Lounge/Relaxation,,3.6,,False,False,4.0,Budget,126.0,Medium,False,True,False,,No Spend,Package Viewed,Airside/Low-Risk,False,Low,False,
PS01508,35-44,Solo,Visa-Free/On-Arrival,7.2,Morning,August,Checked-Through,4,Mid-Range,Relaxation & Wellness,3,Airport Signage,79.3,High,Indoor Micro-Experience,True,False,2,False,,,,,,,True,False,False,,Indoor Micro-Experience,,7.2,,False,False,4.0,Mid-Range,342.0,High,False,True,False,,No Spend,Package Viewed,Indoor/Moderate-Risk,False,Low,True,
PS01509,35-44,Solo,Transit-Visa-Required,20.1,Afternoon,April,Checked-Through,3,Premium,Relaxation & Wellness,2,Organic App Search,74.1,High,Premium Fast-Track/Chauffeur,True,True,2,True,Indoor Micro-Experience,399.0,7.7,True,2.0,,True,True,True,True,Premium Fast-Track/Chauffeur,Indoor Micro-Experience,20.1,399.0,False,False,3.0,Premium,1116.0,High,True,True,True,0.0,Mid,Completed,Outdoor/Higher-Risk,True,Low,True,0.0
PS01510,45-54,Couple,not-eligible,14.2,Night,March,Checked-Through,4,Mid-Range,Culture & Heritage,2,Organic App Search,30.0,Low,Stay Airside,True,True,1,False,,,,,,,True,True,False,,Stay Airside,,14.2,,False,False,4.0,Mid-Range,762.0,Low,False,True,False,,No Spend,Package Viewed,Airside/Low-Risk,False,Low,False,
PS01511,45-54,Family with kids,Not-Eligible,9.0,Morning,July,Carry-On Only,2,Mid-Range,Family/Indoor,4,Travel Agent,30.0,Low,Stay Airside,True,True,1,False,,,,,,,True,True,False,,Stay Airside,,9.0,,False,False,2.0,Mid-Range,450.0,Low,False,True,False,,No Spend,Package Viewed,Airside/Low-Risk,False,Low,False,
PS01512,35-44,Family with kids,Transit-Visa-Required,13.1,Morning,February,Checked-Through,2,Budget,Family/Indoor,3,Social Media,77.5,High,City/Culture/Shopping,True,True,2,True,City/Culture/Shopping,260.0,9.7,True,4.0,4.0,True,True,True,True,City/Culture/Shopping,City/Culture/Shopping,13.1,260.0,False,False,2.0,Budget,696.0,High,True,True,True,0.0,Low,Completed,Outdoor/Higher-Risk,False,Low,True,1.0
PS01513,55+,FAMILY WITH KIDS,Transit-Visa-Required,17.1,Morning,May,Checked-Through,5,Mid-Range,Active/City,2,Travel Agent,66.4,Medium,Indoor Micro-Experience,True,Yes,2,True,Indoor Micro-Experience,326.0,8.4,True,4.0,4.0,True,True,True,True,Indoor Micro-Experience,Indoor Micro-Experience,17.1,326.0,False,False,5.0,Mid-Range,936.0,Medium,True,True,True,0.0,Mid,Completed,Indoor/Moderate-Risk,False,Low,True,1.0
PS01514,18-24,Solo,Transit-Visa-Required,2.0,Afternoon,July,checked-through,3,Mid-Range,Active/City,1,Word of Mouth/Referral,48.4,Medium,Indoor Micro-Experience,True,True,1,False,,,,,,,True,True,False,,Indoor Micro-Experience,,2.0,,False,False,3.0,Mid-Range,30.0,Medium,False,True,False,,No Spend,Package Viewed,Indoor/Moderate-Risk,False,Low,False,
PS01515,25-34,Solo,Visa-Free/On-Arrival,6.3,Evening,January,Checked-Through,2,Budget,Family/Indoor,4,Travel Agent,76.2,High,City/Culture/Shopping,True,True,4,True,City/Culture/Shopping,450.0,42.0,False,3.0,3.0,True,True,True,False,City/Culture/Shopping,City/Culture/Shopping,6.3,450.0,False,False,2.0,Budget,288.0,High,True,True,True,0.0,Mid,Completed,Outdoor/Higher-Risk,False,Medium,True,1.0
PS01516,18-24,Family with kids,Transit-Visa-Required,4.8,Evening,April,Checked-Through,4,Mid-Range,Shopping,5,Airline Partner,65.4,Medium,Indoor Micro-Experience,True,True,1,0,,,,,,,True,True,False,,Indoor Micro-Experience,,4.8,,False,False,4.0,Mid-Range,198.0,Medium,False,True,False,,No Spend,Package Viewed,Indoor/Moderate-Risk,False,Low,True,
PS01517,35-44,COUPLE,Visa-Free/On-Arrival,2.7,Night,February,Checked-Through,5,Budget,Culture & Heritage,4,Airport Signage,54.4,Medium,Airport Lounge/Relaxation,True,True,3,True,Airport Lounge/Relaxation,193.0,50.9,FALSE,4.0,4.0,True,True,True,False,Airport Lounge/Relaxation,Airport Lounge/Relaxation,2.7,193.0,False,False,5.0,Budget,72.0,Medium,True,True,True,0.0,Low,Completed,Airside/Low-Risk,False,Medium,False,1.0
PS01518,45-54,Solo,Visa-Free/On-Arrival,21.7,Evening,June,Carry-On Only,4,Mid-Range,Culture & Heritage,3,Airport Signage,74.1,High,City/Culture/Shopping,True,True,0,True,City/Culture/Shopping,497.0,9.5,True,4.0,4.0,True,True,True,True,City/Culture/Shopping,City/Culture/Shopping,21.7,497.0,False,False,4.0,Mid-Range,1212.0,High,True,False,True,0.0,Mid,Completed,Outdoor/Higher-Risk,False,None,True,1.0
PS01519,25-34,Family with kids,Transit-Visa-Required,10.5,Morning,December,Needs Storage,3,Budget,Active/City,3,Airport Signage,69.7,High,City/Culture/Shopping,True,True,2,True,City/Culture/Shopping,AED 397.0,19.4,True,4.0,3.0,True,True,True,True,City/Culture/Shopping,City/Culture/Shopping,10.5,397.0,False,False,3.0,Budget,540.0,High,True,True,True,0.0,Mid,Completed,Outdoor/Higher-Risk,False,Low,True,1.0
PS01520,55+,Family with kids,Visa-Free/On-Arrival,12.8,Night,January,Checked-Through,3,Budget,Shopping,2,Airport Signage,73.8,High,City/Culture/Shopping,True,True,2,True,City/Culture/Shopping,282.0,11.3,True,4.0,4.0,True,True,True,True,City/Culture/Shopping,City/Culture/Shopping,12.8,282.0,False,False,3.0,Budget,678.0,High,True,True,True,0.0,Low,Completed,Outdoor/Higher-Risk,False,Low,True,1.0
PS01521,18-24,Couple,Visa-Free/On-Arrival,4.9,Evening,July,Checked-Through,4,Premium,Shopping,2,Word of Mouth/Referral,68.0,Medium,Indoor Micro-Experience,True,True,5,No,,,,,,,True,True,False,,Indoor Micro-Experience,,4.9,,False,False,4.0,Premium,204.0,Medium,False,True,False,,No Spend,Package Viewed,Indoor/Moderate-Risk,False,High,True,
PS01522,55+,Solo,Not-Eligible,6.2,Evening,March,Checked-Through,1,Budget,Culture & Heritage,4,Travel Agent,30.0,Low,Stay Airside,True,True,2,False,,,,,,,True,True,False,,Stay Airside,,6.2,,False,False,1.0,Budget,282.0,Low,False,True,False,,No Spend,Package Viewed,Airside/Low-Risk,False,Low,False,
PS01523,25-34,Family with kids,Visa-Free/On-Arrival,7.4,Evening,December,Checked-Through,2,Mid-Range,Active/City,4,Airline Partner,87.2,High,City/Culture/Shopping,True,True,2,False,,,,,,,True,True,False,,City/Culture/Shopping,,7.4,,False,False,2.0,Mid-Range,354.0,High,False,True,False,,No Spend,Package Viewed,Outdoor/Higher-Risk,False,Low,True,
PS01524,18-24,Couple,Visa-Free/On-Arrival,9.4,Night,January,Carry-On Only,3,Budget,Family/Indoor,4,Airport Signage,82.8,High,City/Culture/Shopping,True,TRUE,2,False,,,,,,,True,True,False,,City/Culture/Shopping,,9.4,,False,False,3.0,Budget,474.0,High,False,True,False,,No Spend,Package Viewed,Outdoor/Higher-Risk,False,Low,True,
PS01525,25-34,Family with kids,Not-Eligible,11.7,Evening,August,Carry-On Only,4,Budget,Family/Indoor,3,Social Media,30.0,Low,Stay Airside,True,False,1,False,,,,,,,True,False,False,,Stay Airside,,11.7,,False,False,4.0,Budget,612.0,Low,False,True,False,,No Spend,Package Viewed,Airside/Low-Risk,False,Low,False,
PS01526,25-34,Family with kids,Transit-Visa-Required,2.0,Afternoon,July,Carry-On Only,,Budget,Culture & Heritage,5,Airline Partner,52.7,Medium,Airport Lounge/Relaxation,True,True,1,True,Airport Lounge/Relaxation,170.0,62.4,True,4.0,4.0,True,True,True,True,Airport Lounge/Relaxation,Airport Lounge/Relaxation,2.0,170.0,True,False,,Budget,30.0,Medium,True,True,True,1.0,Low,Completed,Airside/Low-Risk,False,Low,False,1.0
PS01527,25-34,Family with kids,Visa-Free/On-Arrival,11.2,Evening,February,Checked-Through,2,Budget,Shopping,5,Airline Partner,90.6,High,City/Culture/Shopping,True,True,6,True,Stay Airside,0.0,0.0,True,1.0,1.0,True,True,True,True,City/Culture/Shopping,Stay Airside,11.2,0.0,False,False,2.0,Budget,582.0,High,True,True,True,0.0,Low,Completed,Outdoor/Higher-Risk,False,High,True,0.0
PS01528,25-34,Couple,Visa-Free/On-Arrival,6.4,Morning,July,NEEDS STORAGE,1,Budget,Shopping,3,Word of Mouth/Referral,80.5,High,City/Culture/Shopping,True,True,5,True,Indoor Micro-Experience,331.0,38.0,True,2.0,2.0,True,True,True,True,City/Culture/Shopping,Indoor Micro-Experience,6.4,331.0,False,False,1.0,Budget,294.0,High,True,True,True,0.0,Mid,Completed,Outdoor/Higher-Risk,False,High,True,0.0
PS01529,45-54,Solo,Visa-Free/On-Arrival,17.5,Afternoon,March,Checked-Through,1,,Relaxation & Wellness,2,Social Media,88.8,High,Premium Fast-Track/Chauffeur,True,True,2,True,Premium Fast-Track/Chauffeur,2078.0,8.4,True,4.0,5.0,True,True,True,True,Premium Fast-Track/Chauffeur,Premium Fast-Track/Chauffeur,17.5,2078.0,False,True,1.0,Unknown,960.0,High,True,True,True,0.0,High,Completed,Outdoor/Higher-Risk,False,Low,True,1.0
PS01530,35-44,Family with kids,Transit-Visa-Required,15.5,Afternoon,September,Carry-On Only,2,Budget,Active/City,3,Word of Mouth/Referral,74.2,High,City/Culture/Shopping,True,TRUE,2,True,City/Culture/Shopping,427.0,13.8,Yes,3.0,4.0,True,True,True,True,City/Culture/Shopping,City/Culture/Shopping,15.5,427.0,False,False,2.0,Budget,840.0,High,True,True,True,0.0,Mid,Completed,Outdoor/Higher-Risk,False,Low,True,1.0
PS01531,25-34,Couple,Transit-Visa-Required,8.9,Morning,August,Carry-On Only,3,Budget,Family/Indoor,2,Word of Mouth/Referral,69.5,High,City/Culture/Shopping,True,True,1,False,,,,,,,True,True,False,,City/Culture/Shopping,,8.9,,False,False,3.0,Budget,444.0,High,False,True,False,,No Spend,Package Viewed,Outdoor/Higher-Risk,False,Low,True,
PS01532,35-44,Family with kids,Visa-Free/On-Arrival,7.6,Morning,May,Carry-On Only,3,Premium,Culture & Heritage,5,Word of Mouth/Referral,87.8,High,Premium Fast-Track/Chauffeur,True,True,1,True,Premium Fast-Track/Chauffeur,1695.0,28.5,False,4.0,4.0,True,True,True,False,Premium Fast-Track/Chauffeur,Premium Fast-Track/Chauffeur,7.6,1695.0,False,False,3.0,Premium,366.0,High,True,True,True,0.0,High,Completed,Outdoor/Higher-Risk,False,Low,True,1.0
PS01533,35-44,Solo,Visa-Free/On-Arrival,6.1,Morning,July,Checked-Through,3,Budget,relaxation & wellness,3,Airline Partner,73.0,High,City/Culture/Shopping,1,True,2,True,Premium Fast-Track/Chauffeur,960.0,49.6,True,2.0,1.0,True,True,True,True,City/Culture/Shopping,Premium Fast-Track/Chauffeur,6.1,960.0,False,False,3.0,Budget,276.0,High,True,True,True,0.0,High,Completed,Outdoor/Higher-Risk,False,Low,True,0.0
PS01534,25-34,Solo,Visa-Free/On-Arrival,9.5,Evening,March,Checked-Through,,Mid-Range,Relaxation & Wellness,3,Airline Partner,82.9,High,City/Culture/Shopping,True,1,4,True,Airport Lounge/Relaxation,274.0,7.8,True,3.0,3.0,True,True,True,True,City/Culture/Shopping,Airport Lounge/Relaxation,9.5,274.0,True,False,,Mid-Range,480.0,High,True,True,True,0.0,Low,Completed,Outdoor/Higher-Risk,False,Medium,True,0.0
PS01535,25-34,Friends/Group,Not-Eligible,15.1,Evening,January,Checked-Through,2,,Shopping,3,Airport Signage,30.0,Low,Stay Airside,True,True,2,False,,,,,,,True,True,False,,Stay Airside,,15.1,,False,True,2.0,Unknown,816.0,Low,False,True,False,,No Spend,Package Viewed,Airside/Low-Risk,False,Low,False,
PS01536,18-24,Family with kids,Visa-Free/On-Arrival,7.7,Night,January,Checked-Through,3,Budget,Culture & Heritage,3,Airline Partner,81.1,High,City/Culture/Shopping,True,False,0,False,,,,,,,True,False,False,,City/Culture/Shopping,,7.7,,False,False,3.0,Budget,372.0,High,False,False,False,,No Spend,App Viewed,Outdoor/Higher-Risk,False,None,True,
PS01537,25-34,Friends/Group,Transit-Visa-Required,5.2,Afternoon,November,Checked-Through,2,Mid-Range,Relaxation & Wellness,2,Social Media,66.6,Medium,  Indoor Micro-Experience ,True,True,1,True,Indoor Micro-Experience,325.0,56.2,True,3.0,4.0,True,True,True,True,Indoor Micro-Experience,Indoor Micro-Experience,5.2,325.0,False,False,2.0,Mid-Range,222.0,Medium,True,True,True,1.0,Mid,Completed,Indoor/Moderate-Risk,False,Low,True,1.0
PS01538,35-44,Family with kids,Visa-Free/On-Arrival,7.6,Evening,February,Carry-On Only,2,Premium,Family/Indoor,5,Word of Mouth/Referral,89.9,High,Premium Fast-Track/Chauffeur,True,True,4,False,,,,,,,True,True,False,,Premium Fast-Track/Chauffeur,,7.6,,False,False,2.0,Premium,366.0,High,False,True,False,,No Spend,Package Viewed,Outdoor/Higher-Risk,True,Medium,True,
PS01539,25-34,Couple,Transit-Visa-Required,9.0,Night,August,Checked-Through,2,Budget,Active/City,2,Organic App Search,74.4,High,City/Culture/Shopping,Yes,True,2,True,City/Culture/Shopping,422.0,31.4,True,4.0,3.0,True,True,True,True,City/Culture/Shopping,City/Culture/Shopping,9.0,422.0,False,False,2.0,Budget,450.0,High,True,True,True,0.0,Mid,Completed,Outdoor/Higher-Risk,False,Low,True,1.0
PS01540,35-44,Family with kids,Not-Eligible,3.4,Morning,January,Carry-On Only,5,Mid-Range,Active/City,4,Word of Mouth/Referral,30.0,Low,Stay Airside,True,False,4,False,,,,,,,True,False,False,,Stay Airside,,3.4,,False,False,5.0,Mid-Range,114.0,Low,False,True,False,,No Spend,Package Viewed,Airside/Low-Risk,False,Medium,False,
PS01541,35-44,Friends/Group,Transit-Visa-Required,2.8,Evening,November,Checked-Through,3,Budget,Shopping,4,Social Media,54.6,Medium,Airport Lounge/Relaxation,True,True,2,False,,,,,,,True,True,False,,Airport Lounge/Relaxation,,2.8,,False,False,3.0,Budget,78.0,Medium,False,True,False,,No Spend,Package Viewed,Airside/Low-Risk,False,Low,False,
PS01542,18-24,Couple,Visa-Free/On-Arrival,5.3,Evening,December,Carry-On Only,5,Budget,Relaxation & Wellness,2,Social Media,61.9,Medium,Airport Lounge/Relaxation,True,TRUE,2,False,,,,,,,True,True,False,,Airport Lounge/Relaxation,,5.3,,False,False,5.0,Budget,228.0,Medium,False,True,False,,No Spend,Package Viewed,Airside/Low-Risk,False,Low,True,
PS01543,35-44,Couple,Transit-Visa-Required,17.5,Morning,May,Checked-Through,3,Premium,Culture & Heritage,5,Airline Partner,90.4,High,Premium Fast-Track/Chauffeur,True,True,4,False,,,,,,,True,True,False,,Premium Fast-Track/Chauffeur,,17.5,,False,False,3.0,Premium,960.0,High,False,True,False,,No Spend,Package Viewed,Outdoor/Higher-Risk,True,Medium,True,
PS01544,25-34,Solo,Transit-Visa-Required,14.6,Night,September,Needs Storage,3,Budget,Relaxation & Wellness,3,Airport Signage,68.1,Medium,Airport Lounge/Relaxation,True,True,1,True,City/Culture/Shopping,352.0,6.2,True,4.0,5.0,True,True,True,True,Airport Lounge/Relaxation,City/Culture/Shopping,14.6,352.0,False,False,3.0,Budget,786.0,Medium,True,True,True,0.0,Mid,Completed,Airside/Low-Risk,False,Low,True,0.0
PS01545,55+,Couple,Visa-Free/On-Arrival,2.3,Evening,December,Checked-Through,4,Premium,Family/Indoor,4,Word of Mouth/Referral,61.8,Medium,Indoor Micro-Experience,True,True,3,True,Indoor Micro-Experience,523.0,61.7,1,4.0,3.0,True,True,True,True,Indoor Micro-Experience,Indoor Micro-Experience,2.3,523.0,False,False,4.0,Premium,48.0,Medium,True,True,True,1.0,Mid,Completed,Indoor/Moderate-Risk,False,Medium,False,1.0
PS01546,25-34,Family with kids,Transit-Visa-Required,4.0,Morning,September,Checked-Through,1,Budget,Family/Indoor,4,Airline Partner,64.8,Medium,Airport Lounge/Relaxation,True,True,4,True,Airport Lounge/Relaxation,254.0,50.1,True,4.0,4.0,True,True,True,True,Airport Lounge/Relaxation,Airport Lounge/Relaxation,4.0,254.0,False,False,1.0,Budget,150.0,Medium,True,True,True,0.0,Low,Completed,Airside/Low-Risk,False,Medium,False,1.0
PS01547,45-54,Solo,Transit-Visa-Required,11.5,Morning,February,NEEDS STORAGE,2,Premium,Active/City,3,Social Media,81.3,High,Premium Fast-Track/Chauffeur,True,True,1,False,,,,,,,True,True,False,,Premium Fast-Track/Chauffeur,,11.5,,False,False,2.0,Premium,600.0,High,False,True,False,,No Spend,Package Viewed,Outdoor/Higher-Risk,False,Low,True,
PS01548,35-44,Solo,Not-Eligible,5.7,Morning,July,Checked-Through,5,Mid-Range,Relaxation & Wellness,2,Word of Mouth/Referral,30.0,Low,Stay Airside,True,False,1,True,Stay Airside,0.0,42.3,No,4.0,4.0,True,False,True,False,Stay Airside,Stay Airside,5.7,0.0,False,False,5.0,Mid-Range,252.0,Low,True,True,True,0.0,Low,Completed,Airside/Low-Risk,False,Low,False,1.0
PS01549,18-24,Solo,Transit-Visa-Required,9.8,Afternoon,November,Checked-Through,3,Premium,Active/City,4,Airline Partner,81.9,High,Premium Fast-Track/Chauffeur,True,True,2,True,Premium Fast-Track/Chauffeur,2284.0,13.5,True,5.0,5.0,True,True,True,True,Premium Fast-Track/Chauffeur,Premium Fast-Track/Chauffeur,9.8,2284.0,False,False,3.0,Premium,498.0,High,True,True,True,0.0,High,Completed,Outdoor/Higher-Risk,True,Low,True,1.0
PS01550,35-44,Solo,Visa-Free/On-Arrival,2.4,Afternoon,January,Checked-Through,1,Budget,Culture & Heritage,3,Organic App Search,67.7,Medium,Airport Lounge/Relaxation,True,True,1,False,,,,,,,True,True,False,,Airport Lounge/Relaxation,,2.4,,False,False,1.0,Budget,54.0,Medium,False,True,False,,No Spend,Package Viewed,Airside/Low-Risk,False,Low,False,
PS01551,55+,solo,Visa-Free/On-Arrival,7.5,Afternoon,March,Checked-Through,1,Mid-Range,Culture & Heritage,2,Airline Partner,89.9,High,City/Culture/Shopping,True,True,2,TRUE,City/Culture/Shopping,481.0,31.3,True,4.0,4.0,True,True,True,True,City/Culture/Shopping,City/Culture/Shopping,7.5,481.0,False,False,1.0,Mid-Range,360.0,High,True,True,True,0.0,Mid,Completed,Outdoor/Higher-Risk,False,Low,True,1.0
PS01552,35-44,Couple,Visa-Free/On-Arrival,7.1,Morning,June,Checked-Through,5,Mid-Range,Family/Indoor,4,Word of Mouth/Referral,75.8,High,City/Culture/Shopping,True,True,1,True,City/Culture/Shopping,552.0,42.1,False,3.0,3.0,True,True,True,False,City/Culture/Shopping,City/Culture/Shopping,7.1,552.0,False,False,5.0,Mid-Range,336.0,High,True,True,True,0.0,Mid,Completed,Outdoor/Higher-Risk,False,Low,True,1.0
PS01553,45-54,Friends/Group,Not-Eligible,12.8,Night,September,Checked-Through,5,Mid-Range,Active/City,4,Airport Signage,30.0,Low,Stay Airside,True,yes ,2,False,,,,,,,True,True,False,,Stay Airside,,12.8,,False,False,5.0,Mid-Range,678.0,Low,False,True,False,,No Spend,Package Viewed,Airside/Low-Risk,False,Low,False,
PS01554,45-54,Couple,Transit-Visa-Required,9.4,Afternoon,October,Needs Storage,3,Premium,Culture & Heritage,3,Airline Partner,79.0,High,Premium Fast-Track/Chauffeur,Y,True,1,True,Premium Fast-Track/Chauffeur,2013.0,23.6,True,4.0,5.0,True,True,True,True,Premium Fast-Track/Chauffeur,Premium Fast-Track/Chauffeur,9.4,2013.0,False,False,3.0,Premium,474.0,High,True,True,True,0.0,High,Completed,Outdoor/Higher-Risk,False,Low,True,1.0
PS01555,25-34,Solo,Transit-Visa-Required,8.1,Morning,February,Carry-On Only,2,Mid-Range,Shopping,1,Airline Partner,71.1,High,City/Culture/Shopping,Y,True,2,True,City/Culture/Shopping,,41.7,True,3.0,3.0,True,True,True,True,City/Culture/Shopping,City/Culture/Shopping,8.1,,False,False,2.0,Mid-Range,396.0,High,True,True,True,0.0,No Spend,Completed,Outdoor/Higher-Risk,False,Low,True,1.0
PS01556,25-34,Solo,Visa-Free/On-Arrival,2.0,Afternoon,July,Checked-Through,4,Premium,Culture & Heritage,3,Travel Agent,58.1,Medium,Indoor Micro-Experience,True,True,0,False,,,,,,,True,True,False,,Indoor Micro-Experience,,2.0,,False,False,4.0,Premium,30.0,Medium,False,False,False,,No Spend,Eligibility Checked,Indoor/Moderate-Risk,False,None,False,
PS01557,35-44,Family with kids,Visa-Free/On-Arrival,20.4,Afternoon,April,Carry-On Only,3,Budget,Family/Indoor,1,Word of Mouth/Referral,69.0,Medium,Airport Lounge/Relaxation,True,True,2,False,,,,,,,True,True,False,,Airport Lounge/Relaxation,,20.4,,False,False,3.0,Budget,1134.0,Medium,False,True,False,,No Spend,Package Viewed,Airside/Low-Risk,False,Low,True,
PS01558,25-34,Solo,Transit-Visa-Required,11.1,Afternoon,February,Checked-Through,3,Mid-Range,Relaxation & Wellness,3,Social Media,77.4,High,City/Culture/Shopping,True,Y,4,True,City/Culture/Shopping,424.0,11.4,True,3.0,3.0,True,True,True,True,City/Culture/Shopping,City/Culture/Shopping,11.1,424.0,False,False,3.0,Mid-Range,576.0,High,True,True,True,0.0,Mid,Completed,Outdoor/Higher-Risk,False,Medium,True,1.0
PS01559,45-54,Family with kids,Visa-Free/On-Arrival,4.7,Morning,March,Checked-Through,4,,Relaxation & Wellness,5,Organic App Search,74.9,High,Indoor Micro-Experience,True,True,3,True,Indoor Micro-Experience,308.0,41.4,True,4.0,4.0,True,True,True,True,Indoor Micro-Experience,Indoor Micro-Experience,4.7,308.0,False,True,4.0,Unknown,192.0,High,True,True,True,0.0,Mid,Completed,Indoor/Moderate-Risk,False,Medium,True,1.0
PS01560,55+,Family with kids,Visa-Free/On-Arrival,8.0,Morning,June,Checked-Through,3,Budget,Active/City,1,Word of Mouth/Referral,71.4,High,City/Culture/Shopping,True,True,3,True,City/Culture/Shopping,491.0,44.4,True,4.0,5.0,True,True,True,True,City/Culture/Shopping,City/Culture/Shopping,8.0,491.0,False,False,3.0,Budget,390.0,High,True,True,True,0.0,Mid,Completed,Outdoor/Higher-Risk,False,Medium,True,1.0
PS01561,25-34,Family with kids,Transit-Visa-Required,5.8,Evening,October,Carry-On Only,4,Mid-Range,Relaxation & Wellness,2,Airline Partner,59.9,Medium,Indoor Micro-Experience,True,True,5,True,Indoor Micro-Experience,394.0,40.0,False,5.0,5.0,True,True,True,False,Indoor Micro-Experience,Indoor Micro-Experience,5.8,394.0,False,False,4.0,Mid-Range,258.0,Medium,True,True,True,0.0,Mid,Completed,Indoor/Moderate-Risk,False,High,True,1.0
PS01562,25-34,Solo,Visa-Free/On-Arrival,6.6,Night,September,Checked-Through,,Premium,Culture & Heritage,4,Travel Agent,80.6,High,Premium Fast-Track/Chauffeur,True,True,2,False,,,,,,,True,True,False,,Premium Fast-Track/Chauffeur,,6.6,,True,False,,Premium,306.0,High,False,True,False,,No Spend,Package Viewed,Outdoor/Higher-Risk,True,Low,True,
PS01563,45-54,Family with kids,Visa-Free/On-Arrival,14.4,Afternoon,August,Carry-On Only,4,Mid-Range,Family/Indoor,1,Airport Signage,73.8,High,City/Culture/Shopping,True,True,3,yes ,City/Culture/Shopping,453.0,10.3,1,4.0,4.0,True,True,True,True,City/Culture/Shopping,City/Culture/Shopping,14.4,453.0,False,False,4.0,Mid-Range,774.0,High,True,True,True,0.0,Mid,Completed,Outdoor/Higher-Risk,False,Medium,True,1.0
PS01564,25-34,Solo,Visa-Free/On-Arrival,4.0,Afternoon,October,Checked-Through,3,Budget,Relaxation & Wellness,1,Social Media,58.3,Medium,Airport Lounge/Relaxation,True,True,2,False,,,,,,,True,True,False,,Airport Lounge/Relaxation,,4.0,,False,False,3.0,Budget,150.0,Medium,False,True,False,,No Spend,Package Viewed,Airside/Low-Risk,False,Low,False,
PS01565,45-54,friends/group,Visa-Free/On-Arrival,11.3,Evening,November,Needs Storage,2,Budget,Active/City,4,Airline Partner,78.9,High,City/Culture/Shopping,yes ,True,1,True,Airport Lounge/Relaxation,248.0,8.7,TRUE,2.0,2.0,True,True,True,True,City/Culture/Shopping,Airport Lounge/Relaxation,11.3,248.0,False,False,2.0,Budget,588.0,High,True,True,True,0.0,Low,Completed,Outdoor/Higher-Risk,False,Low,True,0.0
PS01566,25-34,COUPLE,Not-Eligible,-3.0,Evening,September,Carry-On Only,2,Premium,Shopping,4,Airport Signage,30.0,Low,Stay Airside,True,True,0,False,,,,,,,True,True,False,,Stay Airside,,,,False,False,2.0,Premium,,Low,False,False,False,,No Spend,Eligibility Checked,Airside/Low-Risk,False,None,False,
PS01567,35-44,Solo,Visa-Free/On-Arrival,10.3,Afternoon,April,Checked-Through,3,Premium,Shopping,4,Social Media,91.0,High,Premium Fast-Track/Chauffeur,True,True,2,True,Premium Fast-Track/Chauffeur,2769.0,6.9,True,4.0,4.0,True,True,True,True,Premium Fast-Track/Chauffeur,Premium Fast-Track/Chauffeur,10.3,2769.0,False,False,3.0,Premium,528.0,High,True,True,True,0.0,High,Completed,Outdoor/Higher-Risk,True,Low,True,1.0
PS01568,18-24,Solo,Visa-Free/On-Arrival,6.8,Night,December,Carry-On Only,3,Premium,Shopping,4,Airline Partner,86.0,High,Fast Track Premium,True,True,3,True,Premium Fast-Track/Chauffeur,1181.0,40.1,True,3.0,3.0,True,True,True,True,Premium Fast-Track/Chauffeur,Premium Fast-Track/Chauffeur,6.8,1181.0,False,False,3.0,Premium,318.0,High,True,True,True,0.0,High,Completed,Outdoor/Higher-Risk,True,Medium,True,1.0
PS01569,35-44,Solo,Visa-Free/On-Arrival,4.4,Evening,April,Carry-On Only,3,Mid-Range,Family/Indoor,3,Social Media,69.2,High,City/Culture/Shopping,True,False,1,False,,,,,,,True,False,False,,City/Culture/Shopping,,4.4,,False,False,3.0,Mid-Range,174.0,High,False,True,False,,No Spend,Package Viewed,Outdoor/Higher-Risk,False,Low,False,
PS01570,25-34,Family with kids,Transit-Visa-Required,4.9,Afternoon,September,Checked-Through,2,Mid-Range,Shopping,5,Organic App Search,72.0,High,City/Culture/Shopping,True,1,2,True,City/Culture/Shopping,487.0,50.4,True,4.0,4.0,True,True,True,True,City/Culture/Shopping,City/Culture/Shopping,4.9,487.0,False,False,2.0,Mid-Range,204.0,High,True,True,True,0.0,Mid,Completed,Outdoor/Higher-Risk,False,Low,True,1.0
PS01571,35-44,Solo,Visa-Free/On-Arrival,8.1,Evening,August,Checked-Through,2,Budget,Relaxation & Wellness,1,Airline Partner,77.5,High,City/Culture/Shopping,True,False,3,False,,,,,,,True,False,False,,City/Culture/Shopping,,8.1,,False,False,2.0,Budget,396.0,High,False,True,False,,No Spend,Package Viewed,Outdoor/Higher-Risk,False,Medium,True,
PS01572,18-24,Couple,Transit-Visa-Required,7.7,Night,December,Checked-Through,3,Budget,Relaxation & Wellness,3,Word of Mouth/Referral,73.2,High,City/Culture/Shopping,True,True,5,True,City/Culture/Shopping,392.0,34.3,True,4.0,4.0,True,True,True,True,City/Culture/Shopping,City/Culture/Shopping,7.7,392.0,False,False,3.0,Budget,372.0,High,True,True,True,0.0,Mid,Completed,Outdoor/Higher-Risk,False,High,True,1.0
PS01573,35-44,Solo,Visa-Free/On-Arrival,12.2,Evening,February,Carry-On Only,3,Budget,Culture & Heritage,3,Social Media,76.5,High,City/Culture/Shopping,True,True,1,yes ,City/Culture/Shopping,453.0,20.5,True,4.0,4.0,True,True,True,True,City/Culture/Shopping,City/Culture/Shopping,12.2,453.0,False,False,3.0,Budget,642.0,High,True,True,True,0.0,Mid,Completed,Outdoor/Higher-Risk,False,Low,True,1.0
PS01574,45-54,Family with kids,Visa-Free/On-Arrival,2.6,Morning,August,Carry-On Only,3,Budget,family/indoor,2,Airline Partner,55.7,Medium,airport lounge/relaxation,yes ,False,4,False,,,,,,,True,False,False,,Airport Lounge/Relaxation,,2.6,,False,False,3.0,Budget,66.0,Medium,False,True,False,,No Spend,Package Viewed,Airside/Low-Risk,False,Medium,False,
PS01575,25-34,Family with kids,Visa-Free/On-Arrival,14.3,Afternoon,January,Checked-Through,3,Premium,Active/City,3,Word of Mouth/Referral,86.2,High,Premium Fast Track,True,True,5,True,premium fast-track/chauffeur,1574.0,12.1,1,4.0,4.0,True,True,True,True,Premium Fast-Track/Chauffeur,Premium Fast-Track/Chauffeur,14.3,1574.0,False,False,3.0,Premium,768.0,High,True,True,True,0.0,High,Completed,Outdoor/Higher-Risk,True,High,True,1.0
PS01576,18-24,Family with kids,Transit-Visa-Required,26.0,Afternoon,September,Checked-Through,4,Premium,Family/Indoor,3,Airline Partner,74.1,High,Indoor Micro-Experience,True,True,0,False,,,,,,,True,True,False,,Indoor Micro-Experience,,26.0,,False,False,4.0,Premium,1470.0,High,False,False,False,,No Spend,Eligibility Checked,Indoor/Moderate-Risk,False,None,True,
PS01577,18-24,Family with kids,Not-Eligible,7.2,Afternoon,September,Checked-Through,4,Mid-Range,Shopping,3,Airport Signage,30.0,Low,Stay Airside,True,False,0,False,,,,,,,True,False,False,,Stay Airside,,7.2,,False,False,4.0,Mid-Range,342.0,Low,False,False,False,,No Spend,App Viewed,Airside/Low-Risk,False,None,False,
PS01578,35-44,Solo,Visa-Free/On-Arrival,6.5,Evening,August,Checked-Through,3,Premium,Culture & Heritage,3,Airline Partner,82.0,High,Premium Fast-Track/Chauffeur,True,True,3,True,Premium Fast-Track/Chauffeur,977.0,34.4,True,4.0,3.0,True,True,True,True,Premium Fast-Track/Chauffeur,Premium Fast-Track/Chauffeur,6.5,977.0,False,False,3.0,Premium,300.0,High,True,True,True,0.0,High,Completed,Outdoor/Higher-Risk,True,Medium,True,1.0
PS01579,35-44,Solo,Visa-Free/On-Arrival,6.9,Night,November,Carry-On Only,2,Premium,Family/Indoor,4,Social Media,89.5,High,Premium Fast-Track/Chauffeur,Yes,True,2,True,Premium Fast-Track/Chauffeur,1338.0,37.9,False,3.0,4.0,True,True,True,False,Premium Fast-Track/Chauffeur,Premium Fast-Track/Chauffeur,6.9,1338.0,False,False,2.0,Premium,324.0,High,True,True,True,0.0,High,Completed,Outdoor/Higher-Risk,True,Low,True,1.0
PS01580,35-44,Family with kids,Not-Eligible,7.9 hrs,Evening,May,Needs Storage,3,Mid-Range,Shopping,4,Social Media,30.0,Low,Stay Airside,True,True,1,False,,,,,,,True,True,False,,Stay Airside,,7.9,,False,False,3.0,Mid-Range,384.0,Low,False,True,False,,No Spend,Package Viewed,Airside/Low-Risk,False,Low,False,
PS01581,25-34,Solo,Visa-Free/On-Arrival,6.2,Night,May,Checked-Through,3,Mid-Range,Family/Indoor,2,Airport Signage,76.6,High,  City/Culture/Shopping ,True,True,4,False,,,,,,,True,True,False,,City/Culture/Shopping,,6.2,,False,False,3.0,Mid-Range,282.0,High,False,True,False,,No Spend,Package Viewed,Outdoor/Higher-Risk,False,Medium,True,
PS01582,25-34,Couple,Transit-Visa-Required,2.0,Morning,March,Checked-Through,2,Budget,Active/City,3,Airline Partner,53.7,Medium,Airport Lounge/Relaxation,True,True,4,True,Airport Lounge/Relaxation,154.0,61.6,False,4.0,4.0,True,True,True,False,Airport Lounge/Relaxation,Airport Lounge/Relaxation,2.0,154.0,False,False,2.0,Budget,30.0,Medium,True,True,True,1.0,Low,Completed,Airside/Low-Risk,False,Medium,False,1.0
PS01583,35-44,Solo,Visa-Free/On-Arrival,6.8,Night,May,Checked-Through,5,Mid-Range,Relaxation & Wellness,2,Word of Mouth/Referral,78.6,High,City/Culture/Shopping,True,True,2,True,City/Culture/Shopping,387.0,40.9,False,3.0,4.0,True,True,True,False,City/Culture/Shopping,City/Culture/Shopping,6.8,387.0,False,False,5.0,Mid-Range,318.0,High,True,True,True,0.0,Mid,Completed,Outdoor/Higher-Risk,False,Low,True,1.0
PS01584,25-34,Solo,Not-Eligible,8.2,Evening,April,Carry-On Only,3,Budget,Culture & Heritage,2,Word of Mouth/Referral,30.0,Low,Stay Airside,True,True,0,False,,,,,,,True,True,False,,Stay Airside,,8.2,,False,False,3.0,Budget,401.99999999999994,Low,False,False,False,,No Spend,Eligibility Checked,Airside/Low-Risk,False,None,False,
PS01585,55+,Solo,Transit-Visa-Required,15.2,Afternoon,January,Checked-Through,4,Budget,culture & heritage,4,Social Media,75.3,High,Indoor Micro-Experience,True,True,1,True,Indoor Micro-Experience,275.0,1.2,True,3.0,3.0,True,True,True,True,Indoor Micro-Experience,Indoor Micro-Experience,15.2,275.0,False,False,4.0,Budget,822.0,High,True,True,True,0.0,Low,Completed,Indoor/Moderate-Risk,False,Low,True,1.0
PS01586,18-24,Friends/Group,Not-Eligible,3.9,Evening,September,Checked-Through,3,Premium,Active/City,1,Airline Partner,30.0,Low,Stay Airside,True,No,2,True,Stay Airside,,46.7,True,5.0,5.0,True,False,True,True,Stay Airside,Stay Airside,3.9,,False,False,3.0,Premium,144.0,Low,True,True,True,0.0,No Spend,Completed,Airside/Low-Risk,False,Low,False,1.0
PS01587,35-44,Solo,Transit-Visa-Required,18.7,Morning,October,Carry-On Only,2,Budget,Active/City,2,Airline Partner,67.6,Medium,Airport Lounge/Relaxation,True,True,3,False,,,,,,,True,True,False,,Airport Lounge/Relaxation,,18.7,,False,False,2.0,Budget,1032.0,Medium,False,True,False,,No Spend,Package Viewed,Airside/Low-Risk,False,Medium,True,
PS01588,25-34,Couple,Visa-Free/On-Arrival,5.9,Evening,April,Checked-Through,1,Budget,Family/Indoor,2,Word of Mouth/Referral,73.7,High,City/Culture/Shopping,True,True,2,False,,,,,,,True,True,False,,City/Culture/Shopping,,5.9,,False,False,1.0,Budget,264.0,High,False,True,False,,No Spend,Package Viewed,Outdoor/Higher-Risk,False,Low,True,
PS01589,25-34,Solo,Not-Eligible,4.2,Afternoon,March,Checked-Through,4,Mid-Range,Culture & Heritage,4,Airline Partner,30.0,Low,Stay Airside,True,True,3,False,,,,,,,True,True,False,,Stay Airside,,4.2,,False,False,4.0,Mid-Range,162.0,Low,False,True,False,,No Spend,Package Viewed,Airside/Low-Risk,False,Medium,False,
PS01590,35-44,Family with kids,Visa-Free/On-Arrival,11.1,Afternoon,June,Carry-On Only,2,Mid-Range,Relaxation & Wellness,1,Airline Partner,83.4,High,City/Culture/Shopping,True,True,1,True,Airport Lounge/Relaxation,256.0,9.9,TRUE,3.0,3.0,True,True,True,True,City/Culture/Shopping,Airport Lounge/Relaxation,11.1,256.0,False,False,2.0,Mid-Range,576.0,High,True,True,True,0.0,Low,Completed,Outdoor/Higher-Risk,False,Low,True,0.0
PS01591,35-44,Solo,Visa-Free/On-Arrival,5.5,Evening,January,Checked-Through,2,Budget,Culture & Heritage,4,Social Media,74.5,High,City/Culture/Shopping,True,True,4,True,City/Culture/Shopping,274.0,52.3,False,4.0,5.0,True,True,True,False,City/Culture/Shopping,City/Culture/Shopping,5.5,274.0,False,False,2.0,Budget,240.0,High,True,True,True,0.0,Low,Completed,Outdoor/Higher-Risk,False,Medium,True,1.0
PS01592,55+,Friends/Group,Transit-Visa-Required,7.3,Evening,May,Checked-Through,5,Budget,Shopping,1,Travel Agent,56.6,Medium,Airport Lounge/Relaxation,True,True,0,False,,,,,,,True,True,False,,Airport Lounge/Relaxation,,7.3,,False,False,5.0,Budget,348.0,Medium,False,False,False,,No Spend,Eligibility Checked,Airside/Low-Risk,False,None,True,
PS01593,18-24,Friends/Group,Transit-Visa-Required,7.6,Morning,July,Checked-Through,3,Premium,culture & heritage,4,Social Media,81.6,High,premium fast-track/chauffeur,True,False,2,False,,,,,,,True,False,False,,Premium Fast-Track/Chauffeur,,7.6,,False,False,3.0,Premium,366.0,High,False,True,False,,No Spend,Package Viewed,Outdoor/Higher-Risk,True,Low,True,
PS01594,18-24,Solo,Not-Eligible,10.7,Morning,February,CHECKED-THROUGH,1,Budget,Culture & Heritage,5,Airline Partner,30.0,Low,Stay Airside,True,True,1,False,,,,,,,True,True,False,,Stay Airside,,10.7,,False,False,1.0,Budget,552.0,Low,False,True,False,,No Spend,Package Viewed,Airside/Low-Risk,False,Low,False,
PS01595,35-44,Friends/Group,Visa-Free/On-Arrival,7.1,Afternoon,October,Checked-Through,3,Premium,Culture & Heritage,3,Travel Agent,83.6,High,Premium Fast-Track/Chauffeur,True,True,3,True,Stay Airside,0.0,22.8,True,2.0,1.0,True,True,True,True,Premium Fast-Track/Chauffeur,Stay Airside,7.1,0.0,False,False,3.0,Premium,336.0,High,True,True,True,0.0,Low,Completed,Outdoor/Higher-Risk,True,Medium,True,0.0
PS01596,35-44,Friends/Group,Transit-Visa-Required,6.7,Evening,September,Needs Storage,3,Mid-Range,Shopping,4,Social Media,75.4,High,City/Culture/Shopping,True,True,4,True,Indoor Micro-Experience,347.0,34.0,True,2.0,2.0,True,True,True,True,City/Culture/Shopping,Indoor Micro-Experience,6.7,347.0,False,False,3.0,Mid-Range,312.0,High,True,True,True,0.0,Mid,Completed,Outdoor/Higher-Risk,False,Medium,True,0.0
PS01597,25-34,Family with kids,Transit-Visa-Required,5.8,Night,December,Checked-Through,3,Mid-Range,Shopping,4,Travel Agent,73.1,High,City/Culture/Shopping,True,True,0,True,City/Culture/Shopping,450.0,37.2,True,4.0,4.0,True,True,True,True,City/Culture/Shopping,City/Culture/Shopping,5.8,450.0,False,False,3.0,Mid-Range,258.0,High,True,False,True,0.0,Mid,Completed,Outdoor/Higher-Risk,False,None,True,1.0
PS01598,18-24,Family with kids,Visa-Free/On-Arrival,10.1,Night,June,Carry-On Only,1,Budget,Family/Indoor,4,Airline Partner,89.5,High,City/Culture/Shopping,True,True,2,True,Fast Track Premium,1570.0,26.4,True,,3.0,True,True,True,True,City/Culture/Shopping,Premium Fast-Track/Chauffeur,10.1,1570.0,False,False,1.0,Budget,516.0,High,True,True,True,0.0,High,Booked,Outdoor/Higher-Risk,False,Low,True,0.0
PS01599,18-24,Solo,Visa-Free/On-Arrival,5.3,Afternoon,February,Checked-Through,3,Mid-Range,Family/Indoor,4,Word of Mouth/Referral,73.4,High,City/Culture/Shopping,True,True,4,True,City/Culture/Shopping,393.0,48.2,True,3.0,3.0,True,True,True,True,City/Culture/Shopping,City/Culture/Shopping,5.3,393.0,False,False,3.0,Mid-Range,228.0,High,True,True,True,0.0,Mid,Completed,Outdoor/Higher-Risk,False,Medium,True,1.0
PS01600,45-54,Couple,Visa-Free/On-Arrival,15.5,Evening,August,Checked-Through,2,Premium,Shopping,2,Social Media,80.8,High,Premium Fast-Track/Chauffeur,True,True,1,False,,,,,,,True,True,False,,Premium Fast-Track/Chauffeur,,15.5,,False,False,2.0,Premium,840.0,High,False,True,False,,No Spend,Package Viewed,Outdoor/Higher-Risk,False,Low,True,
PS01601,25-34,Solo,Visa-Free/On-Arrival,7.6,Afternoon,August,Checked-Through,4,Budget,Active/City,3,Social Media,75.5,High,City/Culture/Shopping,True,False,1,False,,,,,,,True,False,False,,City/Culture/Shopping,,7.6,,False,False,4.0,Budget,366.0,High,False,True,False,,No Spend,Package Viewed,Outdoor/Higher-Risk,False,Low,True,
PS01602,25-34,Solo,Not-Eligible,2.1,Evening,January,Checked-Through,4,Budget,Culture & Heritage,5,Social Media,30.0,Low,Stay Airside,Yes,True,1,False,,,,,,,True,True,False,,Stay Airside,,2.1,,False,False,4.0,Budget,36.0,Low,False,True,False,,No Spend,Package Viewed,Airside/Low-Risk,False,Low,False,
PS01603,25-34,Friends/Group,Transit-Visa-Required,9.0,Morning,December,Checked-Through,1,Budget,Shopping,3,Airport Signage,79.4,High,City/Culture/Shopping,True,True,0,True,City/Culture/Shopping,321.0,26.4,True,4.0,5.0,True,True,True,True,City/Culture/Shopping,City/Culture/Shopping,9.0,321.0,False,False,1.0,Budget,450.0,High,True,False,True,0.0,Mid,Completed,Outdoor/Higher-Risk,False,None,True,1.0
PS01604,25-34,solo,Transit-Visa-Required,9.9,Afternoon,January,checked-through,2,Mid-Range,Shopping,5,Airport Signage,86.2,High,City/Culture/Shopping,True,True,2,True,Culture & Shopping,445.0,17.0,True,4.0,4.0,True,True,True,True,City/Culture/Shopping,City/Culture/Shopping,9.9,445.0,False,False,2.0,Mid-Range,504.0,High,True,True,True,0.0,Mid,Completed,Outdoor/Higher-Risk,False,Low,True,1.0
PS01605,18-24,Family with kids,Not-Eligible,15.6,Evening,January,Checked-Through,3,Mid-Range,Relaxation & Wellness,3,Airline Partner,30.0,Low,stay airside,True,True,0,False,,,,,,,True,True,False,,Stay Airside,,15.6,,False,False,3.0,Mid-Range,846.0,Low,False,False,False,,No Spend,Eligibility Checked,Airside/Low-Risk,False,None,False,
PS01606,35-44,Family with kids,Visa-Free/On-Arrival,4.6,Morning,December,Checked-Through,3,Budget,Shopping,3,Airport Signage,69.7,High,City/Culture/Shopping,True,True,2,True,CITY/CULTURE/SHOPPING,423.0,59.7,True,3.0,3.0,True,True,True,True,City/Culture/Shopping,City/Culture/Shopping,4.6,423.0,False,False,3.0,Budget,186.0,High,True,True,True,1.0,Mid,Completed,Outdoor/Higher-Risk,False,Low,True,1.0
PS01607,18-24,Friends/Group,Transit-Visa-Required,4.1,Evening,April,Needs Storage,2,Budget,Shopping,4,Social Media,62.6,Medium,Airport Lounge/Relaxation,True,True,3,False,,,,,,,True,True,False,,Airport Lounge/Relaxation,,4.1,,False,False,2.0,Budget,155.99999999999997,Medium,False,True,False,,No Spend,Package Viewed,Airside/Low-Risk,False,Medium,False,
PS01608,45-54,Friends/Group,Visa-Free/On-Arrival,10.9,Night,April,Checked-Through,2,Mid-Range,Family/Indoor,4,Travel Agent,85.1,High,City/Culture/Shopping,True,True,5,True,City/Culture/Shopping,313.0,22.7,False,3.0,4.0,True,True,True,False,City/Culture/Shopping,City/Culture/Shopping,10.9,313.0,False,False,2.0,Mid-Range,564.0,High,True,True,True,0.0,Mid,Completed,Outdoor/Higher-Risk,False,High,True,1.0
PS01609,25-34,Solo,TRANSIT-VISA-REQUIRED,14.2,Afternoon,August,Checked-Through,5,Premium,Family/Indoor,3,Airline Partner,70.3,High,Premium Fast-Track/Chauffeur,True,True,4,True,Stay Airside,0.0,0.0,True,3.0,3.0,True,True,True,True,Premium Fast-Track/Chauffeur,Stay Airside,14.2,0.0,False,False,5.0,Premium,762.0,High,True,True,True,0.0,Low,Completed,Outdoor/Higher-Risk,True,Medium,False,0.0
PS01610,35-44,SOLO,Visa-Free/On-Arrival,4.5,Afternoon,January,Checked-Through,1,Mid-Range,Relaxation & Wellness,1,Organic App Search,70.1,High,City/Culture/Shopping,True,True,1,False,,,,,,,True,True,False,,City/Culture/Shopping,,4.5,,False,False,1.0,Mid-Range,180.0,High,False,True,False,,No Spend,Package Viewed,Outdoor/Higher-Risk,False,Low,True,
PS01611,45-54,Couple,Not-Eligible,8.8,Night,October,Checked-Through,5,Budget,Relaxation & Wellness,4,Airport Signage,30.0,Low,Stay Airside,True,N,0,False,,,,,,,True,False,False,,Stay Airside,,8.8,,False,False,5.0,Budget,438.0,Low,False,False,False,,No Spend,App Viewed,Airside/Low-Risk,False,None,False,
PS01612,35-44,Solo,Visa-Free/On-Arrival,7.2,Evening,March,Carry-On Only,1,Budget,ACTIVE/CITY,5,Airport Signage,91.2,High,City/Culture/Shopping,Y,True,4,True,City / Culture / Shopping,330.0,34.1,True,3.0,2.0,True,True,True,True,City/Culture/Shopping,City/Culture/Shopping,7.2,330.0,False,False,1.0,Budget,342.0,High,True,True,True,0.0,Mid,Completed,Outdoor/Higher-Risk,False,Medium,True,1.0
PS01613,35-44,Solo,Visa-Free/On-Arrival,4.6,Afternoon,November,Checked-Through,2,Mid-Range,Shopping,4,Airline Partner,78.6,High,City/Culture/Shopping,True,True,3,False,,,,,,,True,True,False,,City/Culture/Shopping,,4.6,,False,False,2.0,Mid-Range,186.0,High,False,True,False,,No Spend,Package Viewed,Outdoor/Higher-Risk,False,Medium,True,
PS01614,25-34,Solo,Transit-Visa-Required,6.9,Afternoon,January,Checked-Through,3,Budget,Shopping,2,Travel Agent,64.8,Medium,Airport Lounge/Relaxation,True,True,0,False,,,,,,,True,True,False,,Airport Lounge/Relaxation,,6.9,,False,False,3.0,Budget,324.0,Medium,False,False,False,,No Spend,Eligibility Checked,Airside/Low-Risk,False,None,True,
PS01615,25-34,Family with kids,Visa-Free/On-Arrival,13.6,Evening,September,checked-through,2,Mid-Range,Active/City,2,Travel Agent,86.9,High,city/culture/shopping,True,True,2,True,City/Culture/Shopping,536.0,14.1,True,4.0,4.0,True,True,True,True,City/Culture/Shopping,City/Culture/Shopping,13.6,536.0,False,False,2.0,Mid-Range,726.0,High,True,True,True,0.0,Mid,Completed,Outdoor/Higher-Risk,False,Low,True,1.0
PS01616,35-44,Couple,transit-visa-required,7.6,Evening,October,Carry-On Only,2,Mid-Range,Family/Indoor,5,Organic App Search,82.5,High,City/Culture/Shopping,True,Yes,4,True,Indoor Micro-Experience,347.0,27.8,True,3.0,3.0,True,True,True,True,City/Culture/Shopping,Indoor Micro-Experience,7.6,347.0,False,False,2.0,Mid-Range,366.0,High,True,True,True,0.0,Mid,Completed,Outdoor/Higher-Risk,False,Medium,False,0.0
PS01617,55+,Solo,Visa-Free/On-Arrival,6.7,Morning,December,Checked-Through,2,Budget,Relaxation & Wellness,1,Airport Signage,76.2,High,City / Culture / Shopping,True,True,1,True,city/culture/shopping,498.0,46.5,TRUE,3.0,3.0,True,True,True,True,City/Culture/Shopping,City/Culture/Shopping,6.7,498.0,False,False,2.0,Budget,312.0,High,True,True,True,0.0,Mid,Completed,Outdoor/Higher-Risk,False,Low,True,1.0
PS01618,35-44,Family with kids,Transit-Visa-Required,10.6,Afternoon,September,Checked-Through,5,Mid-Range,Shopping,3,Airport Signage,74.2,High,City/Culture/Shopping,True,True,4,True,City/Culture/Shopping,560.0,18.7,True,4.0,4.0,True,True,True,True,City/Culture/Shopping,City/Culture/Shopping,10.6,560.0,False,False,5.0,Mid-Range,546.0,High,True,True,True,0.0,Mid,Completed,Outdoor/Higher-Risk,False,Medium,True,1.0
PS01619,35-44,Solo,Visa-Free/On-Arrival,14.3,Night,July,Checked-Through,3,Mid-Range,Shopping,2,Travel Agent,82.0,High,City / Culture / Shopping,True,True,2,True,City / Culture / Shopping,403.0,13.0,True,4.0,3.0,True,True,True,True,City/Culture/Shopping,City/Culture/Shopping,14.3,403.0,False,False,3.0,Mid-Range,768.0,High,True,True,True,0.0,Mid,Completed,Outdoor/Higher-Risk,False,Low,True,1.0
PS01620,35-44,Solo,Visa-Free/On-Arrival,3.9,Evening,December,Checked-Through,3,Mid-Range,Shopping,2,Travel Agent,64.6,Medium,Indoor Micro-Experience,True,True,1,0,,,,,,,True,True,False,,Indoor Micro-Experience,,3.9,,False,False,3.0,Mid-Range,144.0,Medium,False,True,False,,No Spend,Package Viewed,Indoor/Moderate-Risk,False,Low,False,
PS01621,25-34,Family with kids,Visa-Free/On-Arrival,9.0,Night,August,Checked-Through,4,Premium,Culture & Heritage,3,Organic App Search,82.0,High,Premium Fast-Track/Chauffeur,True,True,3,TRUE,Premium Fast-Track/Chauffeur,2442.0,28.4,True,4.0,4.0,True,True,True,True,Premium Fast-Track/Chauffeur,Premium Fast-Track/Chauffeur,9.0,2442.0,False,False,4.0,Premium,450.0,High,True,True,True,0.0,High,Completed,Outdoor/Higher-Risk,True,Medium,True,1.0
PS01622,18-24,Couple,Visa-Free/On-Arrival,5.9,Evening,January,Needs Storage,4,Mid-Range,Shopping,2,Airline Partner,62.1,Medium,Indoor Micro-Experience,True,True,0,True,Indoor Micro-Experience,305.0,31.7,True,5.0,5.0,True,True,True,True,Indoor Micro-Experience,Indoor Micro-Experience,5.9,305.0,False,False,4.0,Mid-Range,264.0,Medium,True,False,True,0.0,Mid,Completed,Indoor/Moderate-Risk,False,None,True,1.0
PS01623,35-44,Family with kids,Visa-Free/On-Arrival,7.7,Night,May,Carry-On Only,4,Mid-Range,Culture & Heritage,4,Travel Agent,77.3,High,City/Culture/Shopping,True,True,0,False,,,,,,,True,True,False,,City/Culture/Shopping,,7.7,,False,False,4.0,Mid-Range,372.0,High,False,False,False,,No Spend,Eligibility Checked,Outdoor/Higher-Risk,False,None,True,
PS01624,55+,Solo,Visa-Free/On-Arrival,11.1,Morning,February,Carry-On Only,3,Mid-Range,Family/Indoor,3,Airline Partner,83.6,High,CITY/CULTURE/SHOPPING,True,Y,0,True,City/Culture/Shopping,353.0,14.8,TRUE,3.0,3.0,True,True,True,True,City/Culture/Shopping,City/Culture/Shopping,11.1,353.0,False,False,3.0,Mid-Range,576.0,High,True,False,True,0.0,Mid,Completed,Outdoor/Higher-Risk,False,None,True,1.0
PS01625,18-24,Family with kids,Visa-Free/On-Arrival,6.2,Evening,January,Checked-Through,2,Budget,Shopping,3,Social Media,71.7,High,City/Culture/Shopping,True,True,0,False,,,,,,,True,True,False,,City/Culture/Shopping,,6.2,,False,False,2.0,Budget,282.0,High,False,False,False,,No Spend,Eligibility Checked,Outdoor/Higher-Risk,False,None,True,
PS01626,35-44,Couple,Visa-Free/On-Arrival,7.1,Morning,March,Checked-Through,2,Budget,Shopping,3,Airline Partner,84.4,High,City/Culture/Shopping,True,yes ,3,True,City/Culture/Shopping,480.0,41.4,no ,4.0,,True,True,True,False,City/Culture/Shopping,City/Culture/Shopping,7.1,480.0,False,False,2.0,Budget,336.0,High,True,True,True,0.0,Mid,Completed,Outdoor/Higher-Risk,False,Medium,True,1.0
PS01627,25-34,Couple,Transit-Visa-Required,13.0,Evening,July,Checked-Through,2,Premium,Culture & Heritage,5,Travel Agent,89.9,High,Premium Fast-Track/Chauffeur,True,True,4,False,,,,,,,True,True,False,,Premium Fast-Track/Chauffeur,,13.0,,False,False,2.0,Premium,690.0,High,False,True,False,,No Spend,Package Viewed,Outdoor/Higher-Risk,True,Medium,True,
PS01628,35-44,Couple,Not-Eligible,9.7,Afternoon,January,Carry-On Only,2,Premium,Shopping,4,Social Media,30.0,Low,STAY AIRSIDE,True,True,3,False,,,,,,,True,True,False,,Stay Airside,,9.7,,False,False,2.0,Premium,492.0,Low,False,True,False,,No Spend,Package Viewed,Airside/Low-Risk,False,Medium,False,
PS01629,18-24,Friends/Group,Visa-Free/On-Arrival,7.0,Afternoon,November,Checked-Through,1,Mid-Range,Shopping,1,Airline Partner,81.5,High,City / Culture / Shopping,True,True,3,True,City/Culture/Shopping,405.0,38.9,False,3.0,3.0,True,True,True,False,City/Culture/Shopping,City/Culture/Shopping,7.0,405.0,False,False,1.0,Mid-Range,330.0,High,True,True,True,0.0,Mid,Completed,Outdoor/Higher-Risk,False,Medium,True,1.0
PS01630,25-34,Couple,Transit-Visa-Required,8.1,Night,February,Needs Storage,5,Mid-Range,Shopping,1,Airport Signage,61.7,Medium,Indoor Micro-Experience,True,True,2,False,,,,,,,True,True,False,,Indoor Micro-Experience,,8.1,,False,False,5.0,Mid-Range,396.0,Medium,False,True,False,,No Spend,Package Viewed,Indoor/Moderate-Risk,False,Low,True,
PS01631,45-54,Couple,Transit-Visa-Required,7.8,Night,February,Checked-Through,5,Budget,Culture & Heritage,3,Airport Signage,66.8,Medium,Airport Lounge/Relaxation,yes ,True,0,False,,,,,,,True,True,False,,Airport Lounge/Relaxation,,7.8,,False,False,5.0,Budget,378.0,Medium,False,False,False,,No Spend,Eligibility Checked,Airside/Low-Risk,False,None,True,
PS01632,25-34,Friends/Group,Visa-Free/On-Arrival,2.0,Morning,April,needs storage,1,Mid-Range,Relaxation & Wellness,5,Airline Partner,73.8,High,City/Culture/Shopping,True,True,2,True,City/Culture/Shopping,361.0,72.4,True,4.0,4.0,True,True,True,True,City/Culture/Shopping,City/Culture/Shopping,2.0,361.0,False,False,1.0,Mid-Range,30.0,High,True,True,True,1.0,Mid,Completed,Outdoor/Higher-Risk,False,Low,False,1.0
PS01633,35-44,Family with kids,Transit-Visa-Required,8.2,Evening,December,Checked-Through,2,Premium,Shopping,3,Airline Partner,76.8,High,PREMIUM FAST-TRACK/CHAUFFEUR,True,Y,3,True,Premium Fast-Track/Chauffeur,2929.0,30.9,True,5.0,5.0,True,True,True,True,Premium Fast-Track/Chauffeur,Premium Fast-Track/Chauffeur,8.2,2929.0,False,False,2.0,Premium,401.99999999999994,High,True,True,True,0.0,High,Completed,Outdoor/Higher-Risk,True,Medium,True,1.0
PS01634,45-54,Couple,Visa-Free/On-Arrival,3.0,Afternoon,March,Checked-Through,2,Premium,Relaxation & Wellness,2,Airport Signage,69.8,High,Premium Fast-Track/Chauffeur,True,TRUE,0,1,  Premium Fast-Track/Chauffeur ,1023.0,65.4,True,4.0,5.0,True,True,True,True,Premium Fast-Track/Chauffeur,Premium Fast-Track/Chauffeur,3.0,1023.0,False,False,2.0,Premium,90.0,High,True,False,True,1.0,High,Completed,Outdoor/Higher-Risk,False,None,False,1.0
PS01635,55+,Family with kids,Visa-Free/On-Arrival,14.1,Afternoon,March,Checked-Through,2,Budget,Active/City,4,Word of Mouth/Referral,84.0,High,City/Culture/Shopping,True,True,3,True,City/Culture/Shopping,349.0,12.6,True,3.0,3.0,True,True,True,True,City/Culture/Shopping,City/Culture/Shopping,14.1,349.0,False,False,2.0,Budget,756.0,High,True,True,True,0.0,Mid,Completed,Outdoor/Higher-Risk,False,Medium,True,1.0
PS01636,25-34,Solo,Visa-Free/On-Arrival,3.0,Night,October,Carry-On Only,2,,Relaxation & Wellness,4,Airport Signage,61.5,Medium,Airport Lounge/Relaxation,True,True,5,1,Airport Lounge/Relaxation,132.0,44.8,False,4.0,5.0,True,True,True,False,Airport Lounge/Relaxation,Airport Lounge/Relaxation,3.0,132.0,False,True,2.0,Unknown,90.0,Medium,True,True,True,0.0,Low,Completed,Airside/Low-Risk,False,High,False,1.0
PS01637,25-34,Solo,Transit-Visa-Required,5.8,Afternoon,May,Checked-Through,5,Mid-Range,Shopping,3,Airport Signage,58.4,Medium,Indoor Micro-Experience,True,True,4,True,City/Culture/Shopping,451.0,40.5,True,3.0,3.0,True,True,True,True,Indoor Micro-Experience,City/Culture/Shopping,5.8,451.0,False,False,5.0,Mid-Range,258.0,Medium,True,True,True,0.0,Mid,Completed,Indoor/Moderate-Risk,False,Medium,True,0.0
PS01638,18-24,Couple,Transit-Visa-Required,5.1,Night,March,Carry-On Only,1,Mid-Range,Culture & Heritage,2,Organic App Search,65.4,Medium,Indoor Micro-Experience,True,True,2,yes ,Indoor Micro-Experience,330.0,46.7,False,3.0,2.0,True,True,True,False,Indoor Micro-Experience,Indoor Micro-Experience,5.1,330.0,False,False,1.0,Mid-Range,216.0,Medium,True,True,True,0.0,Mid,Completed,Indoor/Moderate-Risk,False,Low,True,1.0
PS01639,55+,Friends/Group,Visa-Free/On-Arrival,17.1,Morning,November,Carry-On Only,2,Budget,Relaxation & Wellness,2,Airline Partner,79.6,High,City/Culture/Shopping,True,True,3,True,City/Culture/Shopping,439.0,14.9,True,4.0,4.0,True,True,True,True,City/Culture/Shopping,City/Culture/Shopping,17.1,439.0,False,False,2.0,Budget,936.0,High,True,True,True,0.0,Mid,Completed,Outdoor/Higher-Risk,False,Medium,True,1.0
PS01640,55+,Friends/Group,Visa-Free/On-Arrival,13.8,Evening,July,Carry-On Only,1,Mid-Range,Active/City,2,Word of Mouth/Referral,81.6,High,CITY/CULTURE/SHOPPING,True,True,0,FALSE,,,,,,,True,True,False,,City/Culture/Shopping,,13.8,,False,False,1.0,Mid-Range,738.0,High,False,False,False,,No Spend,Eligibility Checked,Outdoor/Higher-Risk,False,None,True,
PS01641,35-44,Solo,Not-Eligible,2.0,Evening,May,Carry-On Only,5,Budget,Active/City,2,Social Media,24.9,Low,Stay Airside,True,True,0,True,Airport Lounge/Relaxation,249.0,59.9,True,3.0,2.0,True,True,True,True,Stay Airside,Airport Lounge/Relaxation,2.0,249.0,False,False,5.0,Budget,30.0,Low,True,False,True,1.0,Low,Completed,Airside/Low-Risk,False,None,False,0.0
PS01642,45-54,Couple,Visa-Free/On-Arrival,7.4,Morning,April,Carry-On Only,5,Mid-Range,Culture & Heritage,5,Organic App Search,80.4,High,City/Culture/Shopping,Yes,1,2,False,,,,,,,True,True,False,,City/Culture/Shopping,,7.4,,False,False,5.0,Mid-Range,354.0,High,False,True,False,,No Spend,Package Viewed,Outdoor/Higher-Risk,False,Low,True,
PS01643,35-44,Solo,Visa-Free/On-Arrival,3.4,Afternoon,December,Carry-On Only,4,Mid-Range,Family/Indoor,1,Airport Signage,52.3,Medium,Indoor Micro-Experience,True,True,1,False,,,,,,,True,True,False,,Indoor Micro-Experience,,3.4,,False,False,4.0,Mid-Range,114.0,Medium,False,True,False,,No Spend,Package Viewed,Indoor/Moderate-Risk,False,Low,False,
PS01644,35-44,Friends/Group,Not-Eligible,8.2,Night,March,Checked-Through,3,Premium,Active/City,4,Travel Agent,30.0,Low,Stay Airside,True,True,1,False,,,,,,,True,True,False,,Stay Airside,,8.2,,False,False,3.0,Premium,401.99999999999994,Low,False,True,False,,No Spend,Package Viewed,Airside/Low-Risk,False,Low,False,
PS01645,18-24,Friends/Group,Transit-Visa-Required,10.9,Evening,December,Carry-On Only,2,Premium,Relaxation & Wellness,3,Airline Partner,82.2,High,Premium Fast-Track/Chauffeur,True,True,2,True,Premium Fast-Track/Chauffeur,2020.0,12.8,True,4.0,4.0,True,True,True,True,Premium Fast-Track/Chauffeur,Premium Fast-Track/Chauffeur,10.9,2020.0,False,False,2.0,Premium,564.0,High,True,True,True,0.0,High,Completed,Outdoor/Higher-Risk,True,Low,True,1.0
PS01646,45-54,Couple,Transit-Visa-Required,8.6,Afternoon,April,Needs Storage,2,Mid-Range,Family/Indoor,3,Organic App Search,79.4,High,City/Culture/Shopping,Yes,Yes,1,True,CITY/CULTURE/SHOPPING,386.0,28.2,True,4.0,4.0,True,True,True,True,City/Culture/Shopping,City/Culture/Shopping,8.6,386.0,False,False,2.0,Mid-Range,426.0,High,True,True,True,0.0,Mid,Completed,Outdoor/Higher-Risk,False,Low,True,1.0
PS01647,18-24,Family with kids,Transit-Visa-Required,11.3,Afternoon,December,Checked-Through,3,Mid-Range,Culture & Heritage,5,Airport Signage,82.1,High,City/Culture/Shopping,True,True,2,True,City/Culture/Shopping,562.0,12.0,True,4.0,3.0,True,True,True,True,City/Culture/Shopping,City/Culture/Shopping,11.3,562.0,False,False,3.0,Mid-Range,588.0,High,True,True,True,0.0,Mid,Completed,Outdoor/Higher-Risk,False,Low,True,1.0
PS01648,45-54,Family with kids,Transit-Visa-Required,6.4,Morning,February,Needs Storage,4,Mid-Range,Shopping,4,Social Media,67.8,Medium,Indoor Micro-Experience,True,True,1,FALSE,,,,,,,True,True,False,,Indoor Micro-Experience,,6.4,,False,False,4.0,Mid-Range,294.0,Medium,False,True,False,,No Spend,Package Viewed,Indoor/Moderate-Risk,False,Low,True,
PS01649,45-54,Couple,Visa-Free/On-Arrival,8.8,Morning,January,Checked-Through,2,Premium,Family/Indoor,5,Airline Partner,94.3,High,Premium Fast-Track/Chauffeur,True,1,2,FALSE,,,,,,,True,True,False,,Premium Fast-Track/Chauffeur,,8.8,,False,False,2.0,Premium,438.0,High,False,True,False,,No Spend,Package Viewed,Outdoor/Higher-Risk,True,Low,True,
PS01650,35-44,Solo,Visa-Free/On-Arrival,11.1,Afternoon,March,Checked-Through,3,Budget,Relaxation & Wellness,2,Organic App Search,76.8,High,City/Culture/Shopping,True,True,1,no ,,,,,,,True,True,False,,City/Culture/Shopping,,11.1,,False,False,3.0,Budget,576.0,High,False,True,False,,No Spend,Package Viewed,Outdoor/Higher-Risk,False,Low,True,
PS01651,18-24,Couple,Visa-Free/On-Arrival,5.6,Morning,November,CHECKED-THROUGH,3,Premium,Active/City,1,Travel Agent,73.6,High,Premium Fast Track,True,True,1,False,,,,,,,True,True,False,,Premium Fast-Track/Chauffeur,,5.6,,False,False,3.0,Premium,246.0,High,False,True,False,,No Spend,Package Viewed,Outdoor/Higher-Risk,False,Low,True,
PS01652,25-34,Family with kids,Not-Eligible,4.2,Night,February,Checked-Through,2,Budget,Active/City,2,Airline Partner,30.0,Low,Stay Airside,True,True,2,False,,,,,,,True,True,False,,Stay Airside,,4.2,,False,False,2.0,Budget,162.0,Low,False,True,False,,No Spend,Package Viewed,Airside/Low-Risk,False,Low,False,
PS01653,25-34,Family with kids,Transit-Visa-Required,4.9 hrs,Evening,January,Carry-On Only,3,Budget,Shopping,2,Airline Partner,53.2,Medium,Airport Lounge/Relaxation,True,True,2,True,Airport Lounge/Relaxation,205.0,40.9,True,,5.0,True,True,True,True,Airport Lounge/Relaxation,Airport Lounge/Relaxation,4.9,205.0,False,False,3.0,Budget,204.0,Medium,True,True,True,0.0,Low,Booked,Airside/Low-Risk,False,Low,True,1.0
PS01654,25-34,Solo,Visa-Free/On-Arrival,6.9,Night,January,Needs Storage,3,Mid-Range,Relaxation & Wellness,3,Airport Signage,81.6,High,City/Culture/Shopping,True,True,3,True,Stay Airside,,26.2,True,2.0,2.0,True,True,True,True,City/Culture/Shopping,Stay Airside,6.9,,False,False,3.0,Mid-Range,324.0,High,True,True,True,0.0,No Spend,Completed,Outdoor/Higher-Risk,False,Medium,True,0.0
PS01655,18-24,Friends/Group,Transit-Visa-Required,7.5,Evening,February,Carry-On Only,1,Mid-Range,Culture & Heritage,5,Airline Partner,90.9,High,City/Culture/Shopping,True,TRUE,6,True,Premium Fast-Track/Chauffeur,1741.0,34.6,True,3.0,2.0,True,True,True,True,City/Culture/Shopping,Premium Fast-Track/Chauffeur,7.5,1741.0,False,False,1.0,Mid-Range,360.0,High,True,True,True,0.0,High,Completed,Outdoor/Higher-Risk,False,High,True,0.0
PS01656,55+,Solo,Visa-Free/On-Arrival,9.1,Night,September,Needs Storage,3,Budget,Relaxation & Wellness,2,Airport Signage,72.0,High,City/Culture/Shopping,True,False,1,False,,,,,,,True,False,False,,City/Culture/Shopping,,9.1,,False,False,3.0,Budget,456.0,High,False,True,False,,No Spend,Package Viewed,Outdoor/Higher-Risk,False,Low,True,
PS01657,35-44,Couple,Visa-Free/On-Arrival,4.6,Evening,May,Checked-Through,5,Mid-Range,Relaxation & Wellness,5,Organic App Search,74.7,High,Indoor Micro-Experience,True,True,3,True,Indoor Micro-Experience,-288.0,47.0,True,,5.0,True,True,True,True,Indoor Micro-Experience,Indoor Micro-Experience,4.6,,False,False,5.0,Mid-Range,186.0,High,True,True,True,0.0,No Spend,Booked,Indoor/Moderate-Risk,False,Medium,True,1.0
PS01658,25-34,Family with kids,Visa-Free/On-Arrival,11.3,Evening,September,Checked-Through,2,Premium,Culture & Heritage,3,Travel Agent,94.4,High,PREMIUM FAST-TRACK/CHAUFFEUR,True,True,0,False,,,,,,,True,True,False,,Premium Fast-Track/Chauffeur,,11.3,,False,False,2.0,Premium,588.0,High,False,False,False,,No Spend,Eligibility Checked,Outdoor/Higher-Risk,False,None,True,
PS01659,25-34,Family with kids,Visa-Free/On-Arrival,19.3,Night,August,Checked-Through,3,Budget,Shopping,4,Organic App Search,85.1,High,City/Culture/Shopping,True,True,4,True,City/Culture/Shopping,265.0,12.4,True,4.0,4.0,True,True,True,True,City/Culture/Shopping,City/Culture/Shopping,19.3,265.0,False,False,3.0,Budget,1068.0,High,True,True,True,0.0,Low,Completed,Outdoor/Higher-Risk,False,Medium,True,1.0
PS01660,25-34,Couple,Transit-Visa-Required,5.1,Evening,November,Carry-On Only,1,Mid-Range,Shopping,2,Airport Signage,66.0,Medium,Indoor Micro-Experience,True,True,6,True,Indoor Micro-Experience,342.0,47.9,True,4.0,4.0,True,True,True,True,Indoor Micro-Experience,Indoor Micro-Experience,5.1,342.0,False,False,1.0,Mid-Range,216.0,Medium,True,True,True,0.0,Mid,Completed,Indoor/Moderate-Risk,False,High,True,1.0
PS01661,35-44,Solo,Visa-Free/On-Arrival,25.2,Morning,June,Checked-Through,4,Budget,Shopping,2,Travel Agent,76.3,High,Indoor Micro-Experience,True,True,1,True,Indoor Micro-Experience,302.0,10.3,True,4.0,4.0,True,True,True,True,Indoor Micro-Experience,Indoor Micro-Experience,25.2,302.0,False,False,4.0,Budget,1422.0,High,True,True,True,0.0,Mid,Completed,Indoor/Moderate-Risk,False,Low,True,1.0
PS01662,35-44,Solo,Transit-Visa-Required,20.7,Evening,January,Needs Storage,4,Mid-Range,Active/City,5,Social Media,72.4,High,Indoor Micro-Experience,True,True,1,True,Stay Airside,0.0,6.7,True,,3.0,True,True,True,True,Indoor Micro-Experience,Stay Airside,20.7,0.0,False,False,4.0,Mid-Range,1152.0,High,True,True,True,0.0,Low,Booked,Indoor/Moderate-Risk,False,Low,True,0.0
PS01663,55+,Couple,Transit-Visa-Required,7.5,Night,October,Carry-On Only,3,Mid-Range,Shopping,2,Airport Signage,69.6,High,City/Culture/Shopping,True,True,2,True,City/Culture/Shopping,338.0,37.1,False,3.0,2.0,True,True,True,False,City/Culture/Shopping,City/Culture/Shopping,7.5,338.0,False,False,3.0,Mid-Range,360.0,High,True,True,True,0.0,Mid,Completed,Outdoor/Higher-Risk,False,Low,True,1.0
PS01664,25-34,Couple,Visa-Free/On-Arrival,6.8,Evening,May,Needs Storage,2,Budget,Shopping,4,Social Media,77.9,High,City/Culture/Shopping,Y,False,1,False,,,,,,,True,False,False,,City/Culture/Shopping,,6.8,,False,False,2.0,Budget,318.0,High,False,True,False,,No Spend,Package Viewed,Outdoor/Higher-Risk,False,Low,True,
PS01665,55+,SOLO,Not-Eligible,4.8,Evening,December,Checked-Through,5,Premium,Shopping,3,Airport Signage,30.0,Low,Stay Airside,yes ,False,2,False,,,,,,,True,False,False,,Stay Airside,,4.8,,False,False,5.0,Premium,198.0,Low,False,True,False,,No Spend,Package Viewed,Airside/Low-Risk,False,Low,False,
PS01666,45-54,Family with kids,Visa-Free/On-Arrival,12.2,Evening,January,Checked-Through,4,Mid-Range,Active/City,5,Organic App Search,85.9,High,Indoor Micro-Experience,True,True,4,True,Indoor Micro-Experience,262.0,3.4,True,5.0,4.0,True,True,True,True,Indoor Micro-Experience,Indoor Micro-Experience,12.2,262.0,False,False,4.0,Mid-Range,642.0,High,True,True,True,0.0,Low,Completed,Indoor/Moderate-Risk,False,Medium,True,1.0
PS01667,25-34,Couple,Visa-Free/On-Arrival,7.8,Night,July,Carry-On Only,3,Premium,Culture & Heritage,4,Social Media,88.9,High,Premium Fast-Track/Chauffeur,yes ,True,0,False,,,,,,,True,True,False,,Premium Fast-Track/Chauffeur,,7.8,,False,False,3.0,Premium,378.0,High,False,False,False,,No Spend,Eligibility Checked,Outdoor/Higher-Risk,False,None,True,
PS01668,55+,Family with kids,Visa-Free/On-Arrival,8.3,Morning,October,Carry-On Only,3,Mid-Range,Shopping,2,Word of Mouth/Referral,80.5,High,City/Culture/Shopping,True,True,2,True,City / Culture / Shopping,AED 365.0,32.9,True,4.0,4.0,True,True,True,True,City/Culture/Shopping,City/Culture/Shopping,8.3,365.0,False,False,3.0,Mid-Range,408.00000000000006,High,True,True,True,0.0,Mid,Completed,Outdoor/Higher-Risk,False,Low,True,1.0
PS01669,18-24,Family with kids,Transit-Visa-Required,4.3,Evening,November,Checked-Through,2,Premium,Relaxation & Wellness,3,Travel Agent,55.2,Medium,Indoor Micro-Experience,True,True,2,Yes,Indoor Micro-Experience,315.0,46.5,True,3.0,3.0,True,True,True,True,Indoor Micro-Experience,Indoor Micro-Experience,4.3,315.0,False,False,2.0,Premium,168.0,Medium,True,True,True,0.0,Mid,Completed,Indoor/Moderate-Risk,False,Low,False,1.0
PS01670,45-54,Solo,Visa-Free/On-Arrival,12.4,Afternoon,August,Needs Storage,4,Budget,Culture & Heritage,1,Social Media,69.0,Medium,Airport Lounge/Relaxation,True,True,2,False,,,,,,,True,True,False,,Airport Lounge/Relaxation,,12.4,,False,False,4.0,Budget,654.0,Medium,False,True,False,,No Spend,Package Viewed,Airside/Low-Risk,False,Low,True,
PS01671,25-34,Solo,Visa-Free/On-Arrival,6.5,Evening,August,Needs Storage,3,Budget,Culture & Heritage,3,Social Media,73.6,High,City/Culture/Shopping,True,True,2,True,City/Culture/Shopping,269.0,43.9,yes ,4.0,4.0,True,True,True,True,City/Culture/Shopping,City/Culture/Shopping,6.5,269.0,False,False,3.0,Budget,300.0,High,True,True,True,0.0,Low,Completed,Outdoor/Higher-Risk,False,Low,True,1.0
PS01672,45-54,Family with kids,Visa-Free/On-Arrival,3.6,Evening,July,Checked-Through,3,Mid-Range,Relaxation & Wellness,1,Airport Signage,58.5,Medium,Indoor Micro-Experience,True,True,6,True,Indoor Micro-Experience,339.0,55.4,False,3.0,4.0,True,True,True,False,Indoor Micro-Experience,Indoor Micro-Experience,3.6,339.0,False,False,3.0,Mid-Range,126.0,Medium,True,True,True,1.0,Mid,Completed,Indoor/Moderate-Risk,False,High,False,1.0
PS01673,45-54,Couple,Visa-Free/On-Arrival,7.2,Morning,February,Checked-Through,1,Premium,Culture & Heritage,3,Airline Partner,89.9,High,  Premium Fast-Track/Chauffeur ,Y,yes ,1,True,Premium Fast-Track/Chauffeur,2613.0,36.3,Y,5.0,3.0,True,True,True,True,Premium Fast-Track/Chauffeur,Premium Fast-Track/Chauffeur,7.2,2613.0,False,False,1.0,Premium,342.0,High,True,True,True,0.0,High,Completed,Outdoor/Higher-Risk,False,Low,True,1.0
PS01674,45-54,Family with kids,Transit-Visa-Required,4.5,Morning,May,Checked-Through,3,Budget,Active/City,2,Word of Mouth/Referral,58.6,Medium,Airport Lounge/Relaxation,True,True,4,True,Airport Lounge/Relaxation,212.0,45.2,True,5.0,5.0,True,True,True,True,Airport Lounge/Relaxation,Airport Lounge/Relaxation,4.5,212.0,False,False,3.0,Budget,180.0,Medium,True,True,True,0.0,Low,Completed,Airside/Low-Risk,False,Medium,True,1.0
PS01675,45-54,Family with kids,Visa-Free/On-Arrival,15.6,Evening,April,Checked-Through,4,Premium,Family/Indoor,5,Organic App Search,88.8,High,Fast Track Premium,1,Y,1,True,Premium Fast-Track/Chauffeur,2346.0,13.2,True,4.0,3.0,True,True,True,True,Premium Fast-Track/Chauffeur,Premium Fast-Track/Chauffeur,15.6,2346.0,False,False,4.0,Premium,846.0,High,True,True,True,0.0,High,Completed,Outdoor/Higher-Risk,False,Low,True,1.0
PS01676,25-34,Family with kids,Visa-Free/On-Arrival,20.6,Morning,May,Carry-On Only,5,Budget,Family/Indoor,3,Airline Partner,71.9,High,INDOOR MICRO-EXPERIENCE,True,True,5,True,Stay Airside,0.0,8.4,True,2.0,2.0,True,True,True,True,Indoor Micro-Experience,Stay Airside,20.6,0.0,False,False,5.0,Budget,1146.0,High,True,True,True,0.0,Low,Completed,Indoor/Moderate-Risk,False,High,True,0.0
PS01677,18-24,Friends/Group,Visa-Free/On-Arrival,7.3,Morning,October,Checked-Through,2,Budget,Culture & Heritage,5,Organic App Search,91.3,High,City/Culture/Shopping,True,Y,2,True,City/Culture/Shopping,322.0,35.7,True,4.0,3.0,True,True,True,True,City/Culture/Shopping,City/Culture/Shopping,7.3,322.0,False,False,2.0,Budget,348.0,High,True,True,True,0.0,Mid,Completed,Outdoor/Higher-Risk,False,Low,True,1.0
PS01678,25-34,COUPLE,Visa-Free/On-Arrival,48.0,Night,September,Carry-On Only,4,Budget,Relaxation & Wellness,1,Airline Partner,77.4,High,City/Culture/Shopping,True,True,2,True,City/Culture/Shopping,258.0,15.7,True,4.0,4.0,True,True,True,True,City/Culture/Shopping,City/Culture/Shopping,,258.0,False,False,4.0,Budget,,High,True,True,True,0.0,Low,Completed,Outdoor/Higher-Risk,False,Low,False,1.0
PS01679,18-24,Couple,Not-Eligible,13.4,Afternoon,April,Carry-On Only,3,Mid-Range,Family/Indoor,4,Social Media,30.0,Low,  Stay Airside ,True,True,0,False,,,,,,,True,True,False,,Stay Airside,,13.4,,False,False,3.0,Mid-Range,714.0,Low,False,False,False,,No Spend,Eligibility Checked,Airside/Low-Risk,False,None,False,
PS01680,35-44,Couple,Visa-Free/On-Arrival,2.0,Afternoon,December,Checked-Through,5,Premium,Shopping,3,Airport Signage,57.8,Medium,Indoor Micro-Experience,True,True,1,False,,,,,,,True,True,False,,Indoor Micro-Experience,,2.0,,False,False,5.0,Premium,30.0,Medium,False,True,False,,No Spend,Package Viewed,Indoor/Moderate-Risk,False,Low,False,
PS01681,25-34,Solo,Not-Eligible,4.9,Night,August,Checked-Through,4,Budget,Shopping,3,Airline Partner,30.0,Low,Stay Airside,True,False,2,False,,,,,,,True,False,False,,Stay Airside,,4.9,,False,False,4.0,Budget,204.0,Low,False,True,False,,No Spend,Package Viewed,Airside/Low-Risk,False,Low,False,
PS01682,55+,Couple,Visa-Free/On-Arrival,8.0,Morning,August,Checked-Through,5,Mid-Range,family/indoor,5,Airline Partner,88.9,High,Indoor Micro-Experience,True,True,1,True,Indoor Micro-Experience,340.0,26.0,True,4.0,4.0,True,True,True,True,Indoor Micro-Experience,Indoor Micro-Experience,8.0,340.0,False,False,5.0,Mid-Range,390.0,High,True,True,True,0.0,Mid,Completed,Indoor/Moderate-Risk,False,Low,True,1.0
PS01683,35-44,Solo,Visa-Free/On-Arrival,5.7,Afternoon,February,Checked-Through,5,Budget,Relaxation & Wellness,5,Airport Signage,71.9,High,City/Culture/Shopping,Yes,True,3,False,,,,,,,True,True,False,,City/Culture/Shopping,,5.7,,False,False,5.0,Budget,252.0,High,False,True,False,,No Spend,Package Viewed,Outdoor/Higher-Risk,False,Medium,True,
PS01684,45-54,Friends/Group,Not-Eligible,4.6,Evening,June,carry-on only,2,Mid-Range,Active/City,2,Airline Partner,30.0,Low,Stay Airside,True,True,1,False,,,,,,,True,True,False,,Stay Airside,,4.6,,False,False,2.0,Mid-Range,186.0,Low,False,True,False,,No Spend,Package Viewed,Airside/Low-Risk,False,Low,False,
PS01685,18-24,Couple,Visa-Free/On-Arrival,13.9,Evening,May,Needs Storage,4,Budget,Relaxation & Wellness,5,Airline Partner,82.9,High,City/Culture/Shopping,True,True,0,N,,,,,,,True,True,False,,City/Culture/Shopping,,13.9,,False,False,4.0,Budget,744.0,High,False,False,False,,No Spend,Eligibility Checked,Outdoor/Higher-Risk,False,None,True,
PS01686,45-54,Couple,Transit-Visa-Required,5.6,Night,February,Checked-Through,3,Mid-Range,Family/Indoor,4,Airline Partner,64.8,Medium,Indoor Micro-Experience,True,True,3,True,Indoor Micro-Experience,325.0,37.2,True,5.0,5.0,True,True,True,True,Indoor Micro-Experience,Indoor Micro-Experience,5.6,325.0,False,False,3.0,Mid-Range,246.0,Medium,True,True,True,0.0,Mid,Completed,Indoor/Moderate-Risk,False,Medium,True,1.0
PS01687,55+,Solo,Not-Eligible,9.1,Night,December,Checked-Through,2,Mid-Range,Culture & Heritage,5,Airline Partner,30.0,Low,Stay Airside,True,True,1,False,,,,,,,True,True,False,,Stay Airside,,9.1,,False,False,2.0,Mid-Range,456.0,Low,False,True,False,,No Spend,Package Viewed,Airside/Low-Risk,False,Low,False,
PS01688,25-34,Solo,Visa-Free/On-Arrival,13.2,Evening,October,Checked-Through,2,Mid-Range,Relaxation & Wellness,3,Airline Partner,88.8,High,City/Culture/Shopping,True,TRUE,2,True,City/Culture/Shopping,584.0,10.4,True,,4.0,True,True,True,True,City/Culture/Shopping,City/Culture/Shopping,13.2,584.0,False,False,2.0,Mid-Range,702.0,High,True,True,True,0.0,Mid,Booked,Outdoor/Higher-Risk,False,Low,True,1.0
PS01689,35-44,Solo,Visa-Free/On-Arrival,16.1,Morning,April,Checked-Through,1,Budget,Active/City,5,Social Media,88.7,High,City/Culture/Shopping,True,True,3,True,City/Culture/Shopping,273.0,12.0,True,5.0,5.0,True,True,True,True,City/Culture/Shopping,City/Culture/Shopping,16.1,273.0,False,False,1.0,Budget,876.0000000000001,High,True,True,True,0.0,Low,Completed,Outdoor/Higher-Risk,False,Medium,True,1.0
PS01690,45-54,Couple,Transit-Visa-Required,3.6,Morning,July,Checked-Through,4,Budget,Family/Indoor,5,Word of Mouth/Referral,60.3,Medium,Airport Lounge/Relaxation,True,True,1,False,,,,,,,True,True,False,,Airport Lounge/Relaxation,,3.6,,False,False,4.0,Budget,126.0,Medium,False,True,False,,No Spend,Package Viewed,Airside/Low-Risk,False,Low,False,
PS01691,18-24,Solo,Visa-Free/On-Arrival,3.8,Afternoon,January,Carry-On Only,3,Mid-Range,Shopping,2,Airline Partner,62.1,Medium,Indoor Micro-Experience,True,True,5,True,Indoor Micro-Experience,405.0,60.1,True,4.0,4.0,True,True,True,True,Indoor Micro-Experience,Indoor Micro-Experience,3.8,405.0,False,False,3.0,Mid-Range,138.0,Medium,True,True,True,1.0,Mid,Completed,Indoor/Moderate-Risk,False,High,False,1.0
PS01692,35-44,couple,Visa-Free/On-Arrival,8.5,Morning,September,Checked-Through,5,Premium,Shopping,3,Airline Partner,81.3,High,Premium Fast-Track/Chauffeur,True,True,2,True,Premium Fast-Track/Chauffeur,1746.0,32.8,True,3.0,4.0,True,True,True,True,Premium Fast-Track/Chauffeur,Premium Fast-Track/Chauffeur,8.5,1746.0,False,False,5.0,Premium,420.0,High,True,True,True,0.0,High,Completed,Outdoor/Higher-Risk,True,Low,True,1.0
PS01693,25-34,Friends/Group,Visa-Free/On-Arrival,2.0,Evening,October,Needs Storage,4,Premium,Culture & Heritage,2,Travel Agent,50.7,Medium,Indoor Micro-Experience,True,True,1,False,,,,,,,True,True,False,,Indoor Micro-Experience,,2.0,,False,False,4.0,Premium,30.0,Medium,False,True,False,,No Spend,Package Viewed,Indoor/Moderate-Risk,False,Low,False,
PS01694,18-24,Friends/Group,Visa-Free/On-Arrival,4.0,Evening,December,Checked-Through,4,Premium,Family/Indoor,3,Airline Partner,63.9,Medium,Indoor Micro-Experience,1,True,2,TRUE,indoor micro-experience,499.0,46.5,True,3.0,2.0,True,True,True,True,Indoor Micro-Experience,Indoor Micro-Experience,4.0,499.0,False,False,4.0,Premium,150.0,Medium,True,True,True,0.0,Mid,Completed,Indoor/Moderate-Risk,False,Low,False,1.0
PS01695,25-34,Family with kids,Transit-Visa-Required,14.7,Morning,January,Needs Storage,2,Premium,Active/City,4,Travel Agent,81.8,High,Premium Fast-Track/Chauffeur,Y,True,5,True,Premium Fast-Track/Chauffeur,1970.0,12.7,True,4.0,4.0,True,True,True,True,Premium Fast-Track/Chauffeur,Premium Fast-Track/Chauffeur,14.7,1970.0,False,False,2.0,Premium,792.0,High,True,True,True,0.0,High,Completed,Outdoor/Higher-Risk,True,High,True,1.0
PS01696,18-24,Solo,Visa-Free/On-Arrival,10.8,Night,December,Needs Storage,3,Mid-Range,Culture & Heritage,4,Airline Partner,89.2,High,City/Culture/Shopping,Yes,True,3,True,City / Culture / Shopping,546.0,13.3,True,4.0,4.0,True,True,True,True,City/Culture/Shopping,City/Culture/Shopping,10.8,546.0,False,False,3.0,Mid-Range,558.0,High,True,True,True,0.0,Mid,Completed,Outdoor/Higher-Risk,False,Medium,True,1.0
PS01697,18-24,FRIENDS/GROUP,Visa-Free/On-Arrival,6.9,Morning,May,Checked-Through,3,Budget,Culture & Heritage,4,Airline Partner,79.1,High,City/Culture/Shopping,True,yes ,5,yes ,Culture & Shopping,374.0,38.5,True,3.0,2.0,True,True,True,True,City/Culture/Shopping,City/Culture/Shopping,6.9,374.0,False,False,3.0,Budget,324.0,High,True,True,True,0.0,Mid,Completed,Outdoor/Higher-Risk,False,High,True,1.0
PS01698,18-24,Friends/Group,Transit-Visa-Required,9.9,Afternoon,July,Checked-Through,2,Budget,Family/Indoor,3,Airline Partner,72.3,High,Culture & Shopping,True,True,4,True,City/Culture/Shopping,357.0,30.2,True,3.0,3.0,True,True,True,True,City/Culture/Shopping,City/Culture/Shopping,9.9,357.0,False,False,2.0,Budget,504.0,High,True,True,True,0.0,Mid,Completed,Outdoor/Higher-Risk,False,Medium,True,1.0
PS01699,55+,Solo,Visa-Free/On-Arrival,11.2,Evening,August,Carry-On Only,4,Mid-Range,Active/City,2,Airline Partner,74.3,High,Indoor Micro-Experience,True,True,3,False,,,,,,,True,True,False,,Indoor Micro-Experience,,11.2,,False,False,4.0,Mid-Range,582.0,High,False,True,False,,No Spend,Package Viewed,Indoor/Moderate-Risk,False,Medium,True,
PS01700,35-44,Family with kids,Visa-Free/On-Arrival,2.8,Afternoon,February,Carry-On Only,4,Mid-Range,Culture & Heritage,2,Word of Mouth/Referral,52.4,Medium,Indoor Micro-Experience,True,True,0,True,Premium Fast-Track/Chauffeur,,72.1,True,3.0,3.0,True,True,True,True,Indoor Micro-Experience,Premium Fast-Track/Chauffeur,2.8,,False,False,4.0,Mid-Range,78.0,Medium,True,False,True,1.0,No Spend,Completed,Indoor/Moderate-Risk,False,None,False,0.0
PS01701,55+,Solo,Transit-Visa-Required,5.5,Afternoon,April,Needs Storage,1,Premium,Shopping,4,Airline Partner,77.3,High,Premium Fast-Track/Chauffeur,True,True,5,True,Premium Fast Track,1712.0,36.5,True,4.0,3.0,True,True,True,True,Premium Fast-Track/Chauffeur,Premium Fast-Track/Chauffeur,5.5,1712.0,False,False,1.0,Premium,240.0,High,True,True,True,0.0,High,Completed,Outdoor/Higher-Risk,True,High,True,1.0
PS01702,25-34,Family with kids,Visa-Free/On-Arrival,15.8,Morning,February,Carry-On Only,4,Budget,Shopping,2,Organic App Search,75.2,High,City/Culture/Shopping,True,Yes,0,Yes,City/Culture/Shopping,460.0,14.2,True,5.0,5.0,True,True,True,True,City/Culture/Shopping,City/Culture/Shopping,15.8,460.0,False,False,4.0,Budget,858.0,High,True,False,True,0.0,Mid,Completed,Outdoor/Higher-Risk,False,None,True,1.0
PS01703,25-34,Friends/Group,Transit-Visa-Required,8.6,Afternoon,April,Checked-Through,2,Mid-Range,Family/Indoor,2,Airport Signage,75.9,High,City/Culture/Shopping,TRUE,True,2,False,,,,,,,True,True,False,,City/Culture/Shopping,,8.6,,False,False,2.0,Mid-Range,426.0,High,False,True,False,,No Spend,Package Viewed,Outdoor/Higher-Risk,False,Low,True,
PS01704,35-44,Solo,Not-Eligible,8.9,Evening,June,Carry-On Only,3,Mid-Range,Relaxation & Wellness,3,Organic App Search,30.0,Low,Stay Airside,True,True,0,True,Stay Airside,0.0,17.6,True,3.0,3.0,True,True,True,True,Stay Airside,Stay Airside,8.9,0.0,False,False,3.0,Mid-Range,444.0,Low,True,False,True,0.0,Low,Completed,Airside/Low-Risk,False,None,False,1.0
PS01705,25-34,Friends/Group,Visa-Free/On-Arrival,7.3,Night,June,Needs Storage,3,Mid-Range,Culture & Heritage,1,Airline Partner,70.6,High,City/Culture/Shopping,True,True,3,yes ,City/Culture/Shopping,320.0,37.8,True,,5.0,True,True,True,True,City/Culture/Shopping,City/Culture/Shopping,7.3,320.0,False,False,3.0,Mid-Range,348.0,High,True,True,True,0.0,Mid,Booked,Outdoor/Higher-Risk,False,Medium,True,1.0
PS01706,18-24,Couple,VISA-FREE/ON-ARRIVAL,2.0,Afternoon,December,carry-on only,1,Budget,Family/Indoor,2,Airline Partner,64.3,Medium,Airport Lounge/Relaxation,True,True,0,TRUE,Airport Lounge/Relaxation,135.0,61.7,True,4.0,4.0,True,True,True,True,Airport Lounge/Relaxation,Airport Lounge/Relaxation,2.0,135.0,False,False,1.0,Budget,30.0,Medium,True,False,True,1.0,Low,Completed,Airside/Low-Risk,False,None,False,1.0
PS01707,35-44,Friends/Group,Visa-Free/On-Arrival,5.0,Afternoon,February,Needs Storage,4,Mid-Range,Family/Indoor,2,Social Media,60.5,Medium,Indoor Micro-Experience,True,TRUE,4,no ,,,,,,,True,True,False,,Indoor Micro-Experience,,5.0,,False,False,4.0,Mid-Range,210.0,Medium,False,True,False,,No Spend,Package Viewed,Indoor/Moderate-Risk,False,Medium,True,
PS01708,25-34,Couple,Visa-Free/On-Arrival,9.5,Evening,November,Carry-On Only,4,Budget,Family/Indoor,5,Airline Partner,78.4,High,City/Culture/Shopping,True,True,3,True,Indoor Micro-Experience,287.0,16.0,True,2.0,2.0,True,True,True,True,City/Culture/Shopping,Indoor Micro-Experience,9.5,287.0,False,False,4.0,Budget,480.0,High,True,True,True,0.0,Low,Completed,Outdoor/Higher-Risk,False,Medium,True,0.0
PS01709,35-44,Family with kids,Not-Eligible,5.6,Night,April,Carry-On Only,4,Premium,Shopping,2,Word of Mouth/Referral,30.0,Low,Stay Airside,True,False,1,False,,,,,,,True,False,False,,Stay Airside,,5.6,,False,False,4.0,Premium,246.0,Low,False,True,False,,No Spend,Package Viewed,Airside/Low-Risk,False,Low,False,
PS01710,35-44,Solo,Not-Eligible,3.7,Morning,April,Carry-On Only,2,Premium,Active/City,5,Airport Signage,30.0,Low,Stay Airside,True,True,1,False,,,,,,,True,True,False,,Stay Airside,,3.7,,False,False,2.0,Premium,132.0,Low,False,True,False,,No Spend,Package Viewed,Airside/Low-Risk,False,Low,False,
PS01711,18-24,Solo,Visa-Free/On-Arrival,4.1,Afternoon,January,Carry-On Only,2,Budget,Family/Indoor,2,Travel Agent,64.9,Medium,Airport Lounge/Relaxation,True,True,1,True,Premium Fast-Track/Chauffeur,1526.0,57.5,True,3.0,2.0,True,True,True,True,Airport Lounge/Relaxation,Premium Fast-Track/Chauffeur,4.1,1526.0,False,False,2.0,Budget,155.99999999999997,Medium,True,True,True,1.0,High,Completed,Airside/Low-Risk,False,Low,False,0.0
PS01712,18-24,Solo,Transit-Visa-Required,16.0,Evening,February,Checked-Through,2,Budget,Relaxation & Wellness,5,Airline Partner,80.7,High,City/Culture/Shopping,True,True,4,True,city/culture/shopping,410.0,12.3,True,,3.0,True,True,True,True,City/Culture/Shopping,City/Culture/Shopping,16.0,410.0,False,False,2.0,Budget,870.0,High,True,True,True,0.0,Mid,Booked,Outdoor/Higher-Risk,False,Medium,True,1.0
PS01713,45-54,Friends/Group,Not-Eligible,5.4,Evening,March,Carry-On Only,,Mid-Range,Family/Indoor,3,Social Media,30.0,Low,Stay Airside,True,False,1,False,,,,,,,True,False,False,,Stay Airside,,5.4,,True,False,,Mid-Range,234.0,Low,False,True,False,,No Spend,Package Viewed,Airside/Low-Risk,False,Low,False,
PS01714,25-34,Family with kids,Not-Eligible,14.3,Morning,November,Carry-On Only,1,Mid-Range,Active/City,4,Social Media,30.0,Low,Stay Airside,True,True,1,False,,,,,,,True,True,False,,Stay Airside,,14.3,,False,False,1.0,Mid-Range,768.0,Low,False,True,False,,No Spend,Package Viewed,Airside/Low-Risk,False,Low,False,
PS01715,18-24,Friends/Group,VISA-FREE/ON-ARRIVAL,9.0,Evening,May,Checked-Through,3,Budget,Family/Indoor,5,Word of Mouth/Referral,84.0,High,City/Culture/Shopping,True,no ,6,True,City/Culture/Shopping,264.0,31.8,True,5.0,5.0,True,False,True,True,City/Culture/Shopping,City/Culture/Shopping,9.0,264.0,False,False,3.0,Budget,450.0,High,True,True,True,0.0,Low,Completed,Outdoor/Higher-Risk,False,High,False,1.0
PS01716,55+,FRIENDS/GROUP,visa-free/on-arrival,6.5,Morning,November,Checked-Through,5,Premium,Culture & Heritage,3,Airport Signage,74.3,High,Premium Fast-Track/Chauffeur,True,True,3,True,Premium Fast-Track/Chauffeur,2381.0,44.9,True,4.0,5.0,True,True,True,True,Premium Fast-Track/Chauffeur,Premium Fast-Track/Chauffeur,6.5,2381.0,False,False,5.0,Premium,300.0,High,True,True,True,0.0,High,Completed,Outdoor/Higher-Risk,True,Medium,False,1.0
PS01717,18-24,Solo,Visa-Free/On-Arrival,4.5,Afternoon,August,Carry-On Only,4,Mid-Range,Culture & Heritage,5,Organic App Search,76.7,High,City/Culture/Shopping,True,True,5,True,City/Culture/Shopping,339.0,60.2,True,4.0,5.0,True,True,True,True,City/Culture/Shopping,City/Culture/Shopping,4.5,339.0,False,False,4.0,Mid-Range,180.0,High,True,True,True,1.0,Mid,Completed,Outdoor/Higher-Risk,False,High,True,1.0
PS01718,35-44,Solo,Not-Eligible,10.9,Afternoon,June,Carry-On Only,4,Budget,Culture & Heritage,3,Organic App Search,30.0,Low,Stay Airside,TRUE,True,1,True,Indoor Micro-Experience,375.0,8.7,True,3.0,3.0,True,True,True,True,Stay Airside,Indoor Micro-Experience,10.9,375.0,False,False,4.0,Budget,564.0,Low,True,True,True,0.0,Mid,Completed,Airside/Low-Risk,False,Low,False,0.0
PS01719,55+,Solo,Visa-Free/On-Arrival,13.3,Night,March,Checked-Through,5,Mid-Range,Culture & Heritage,4,Word of Mouth/Referral,80.9,High,Indoor Micro-Experience,True,True,4,True,Indoor Micro-Experience,317.0,0.0,Yes,4.0,4.0,True,True,True,True,Indoor Micro-Experience,Indoor Micro-Experience,13.3,317.0,False,False,5.0,Mid-Range,708.0,High,True,True,True,0.0,Mid,Completed,Indoor/Moderate-Risk,False,Medium,True,1.0
PS01720,25-34,Solo,Transit-Visa-Required,11.5,Afternoon,June,Carry-On Only,3,Budget,Active/City,3,Social Media,70.5,High,city/culture/shopping,True,Y,5,True,Indoor Micro-Experience,257.0,8.4,True,3.0,2.0,True,True,True,True,City/Culture/Shopping,Indoor Micro-Experience,11.5,257.0,False,False,3.0,Budget,600.0,High,True,True,True,0.0,Low,Completed,Outdoor/Higher-Risk,False,High,True,0.0
PS01721,18-24,Solo,Visa-Free/On-Arrival,3.0,Morning,July,Needs Storage,3,Budget,Active/City,5,Airport Signage,64.3,Medium,Airport Lounge/Relaxation,True,True,6,True,Indoor Micro-Experience,262.0,49.8,True,,3.0,True,True,True,True,Airport Lounge/Relaxation,Indoor Micro-Experience,3.0,262.0,False,False,3.0,Budget,90.0,Medium,True,True,True,0.0,Low,Booked,Airside/Low-Risk,False,High,False,0.0
PS01722,18-24,Couple,Visa-Free/On-Arrival,5.4,Morning,June,Checked-Through,,Mid-Range,Culture & Heritage,4,Airline Partner,82.6,High,City/Culture/Shopping,True,True,3,True,City/Culture/Shopping,581.0,52.9,True,4.0,3.0,True,True,True,True,City/Culture/Shopping,City/Culture/Shopping,5.4,581.0,True,False,,Mid-Range,234.0,High,True,True,True,0.0,Mid,Completed,Outdoor/Higher-Risk,False,Medium,True,1.0
PS01723,25-34,Solo,Visa-Free/On-Arrival,5.8,Night,October,Checked-Through,2,Budget,Culture & Heritage,2,Organic App Search,72.0,High,City/Culture/Shopping,TRUE,True,1,Yes,City/Culture/Shopping,378.0,50.1,True,3.0,3.0,True,True,True,True,City/Culture/Shopping,City/Culture/Shopping,5.8,378.0,False,False,2.0,Budget,258.0,High,True,True,True,0.0,Mid,Completed,Outdoor/Higher-Risk,False,Low,True,1.0
PS01724,18-24,Solo,Not-Eligible,2.0,Morning,June,Needs Storage,,Mid-Range,Shopping,3,Organic App Search,30.0,Low,Stay Airside,True,1,0,False,,,,,,,True,True,False,,Stay Airside,,2.0,,True,False,,Mid-Range,30.0,Low,False,False,False,,No Spend,Eligibility Checked,Airside/Low-Risk,False,None,False,
PS01725,35-44,Solo,Visa-Free/On-Arrival,9.8,Afternoon,January,Needs Storage,2,Premium,Active/City,5,Airline Partner,92.5,High,Premium Fast-Track/Chauffeur,True,True,3,True,Airport Lounge/Relaxation,258.0,13.2,True,3.0,4.0,True,True,True,True,Premium Fast-Track/Chauffeur,Airport Lounge/Relaxation,9.8,258.0,False,False,2.0,Premium,498.0,High,True,True,True,0.0,Low,Completed,Outdoor/Higher-Risk,True,Medium,True,0.0
PS01726,18-24,Solo,Transit-Visa-Required,10.6,Morning,March,Checked-Through,4,Premium,Culture & Heritage,4,Airport Signage,76.2,High,Premium Fast-Track/Chauffeur,True,True,0,False,,,,,,,True,True,False,,Premium Fast-Track/Chauffeur,,10.6,,False,False,4.0,Premium,546.0,High,False,False,False,,No Spend,Eligibility Checked,Outdoor/Higher-Risk,False,None,True,
PS01727,35-44,Friends/Group,Visa-Free/On-Arrival,10.4,Evening,July,Checked-Through,,Budget,Family/Indoor,5,Word of Mouth/Referral,82.9,High,CITY/CULTURE/SHOPPING,True,True,3,True,City/Culture/Shopping,399.0,20.9,True,3.0,4.0,True,True,True,True,City/Culture/Shopping,City/Culture/Shopping,10.4,399.0,True,False,,Budget,534.0,High,True,True,True,0.0,Mid,Completed,Outdoor/Higher-Risk,False,Medium,True,1.0
PS01728,55+,Family with kids,Visa-Free/On-Arrival,9.4,Afternoon,April,Checked-Through,2,Budget,Active/City,2,Airline Partner,78.0,High,City/Culture/Shopping,True,True,3,True,City/Culture/Shopping,492.0,33.9,yes ,4.0,4.0,True,True,True,True,City/Culture/Shopping,City/Culture/Shopping,9.4,492.0,False,False,2.0,Budget,474.0,High,True,True,True,0.0,Mid,Completed,Outdoor/Higher-Risk,False,Medium,True,1.0
PS01729,45-54,Friends/Group,Visa-Free/On-Arrival,6.1,Afternoon,December,Carry-On Only,4,Mid-Range,Culture & Heritage,3,Airline Partner,69.1,High,City/Culture/Shopping,True,True,3,True,Premium Fast-Track/Chauffeur,1324.0,48.9,True,2.0,2.0,True,True,True,True,City/Culture/Shopping,Premium Fast-Track/Chauffeur,6.1,1324.0,False,False,4.0,Mid-Range,276.0,High,True,True,True,0.0,High,Completed,Outdoor/Higher-Risk,False,Medium,True,0.0
PS01730,35-44,Couple,Visa-Free/On-Arrival,4.4,Afternoon,April,Checked-Through,2,Mid-Range,Relaxation & Wellness,3,Organic App Search,71.3,High,City/Culture/Shopping,True,True,3,False,,,,,,,True,True,False,,City/Culture/Shopping,,4.4,,False,False,2.0,Mid-Range,174.0,High,False,True,False,,No Spend,Package Viewed,Outdoor/Higher-Risk,False,Medium,False,
PS01731,25-34,Solo,Visa-Free/On-Arrival,6.1,Night,July,Checked-Through,4,Premium,culture & heritage,2,Word of Mouth/Referral,70.7,High,Premium Fast-Track/Chauffeur,True,True,1,False,,,,,,,True,True,False,,Premium Fast-Track/Chauffeur,,6.1,,False,False,4.0,Premium,276.0,High,False,True,False,,No Spend,Package Viewed,Outdoor/Higher-Risk,False,Low,True,
PS01732,35-44,Family with kids,Visa-Free/On-Arrival,9.0,Evening,September,Checked-Through,5,Mid-Range,Relaxation & Wellness,3,Organic App Search,81.5,High,city/culture/shopping,True,1,1,True,City/Culture/Shopping,354.0,27.2,True,4.0,4.0,True,True,True,True,City/Culture/Shopping,City/Culture/Shopping,9.0,354.0,False,False,5.0,Mid-Range,450.0,High,True,True,True,0.0,Mid,Completed,Outdoor/Higher-Risk,False,Low,True,1.0
PS01733,35-44,Solo,Visa-Free/On-Arrival,15.0,Evening,November,Needs Storage,4,Budget,Culture & Heritage,3,Airline Partner,78.0,High,Indoor Micro-Experience,True,True,1,True,Indoor Micro-Experience,314.0,0.0,True,3.0,3.0,True,True,True,True,Indoor Micro-Experience,Indoor Micro-Experience,15.0,314.0,False,False,4.0,Budget,810.0,High,True,True,True,0.0,Mid,Completed,Indoor/Moderate-Risk,False,Low,True,1.0
PS01734,25-34,Solo,Visa-Free/On-Arrival,7.8,Night,February,Checked-Through,3,Mid-Range,Culture & Heritage,2,Airline Partner,82.8,High,City/Culture/Shopping,True,True,4,True,City/Culture/Shopping,448.0,44.1,True,4.0,4.0,True,True,True,True,City/Culture/Shopping,City/Culture/Shopping,7.8,448.0,False,False,3.0,Mid-Range,378.0,High,True,True,True,0.0,Mid,Completed,Outdoor/Higher-Risk,False,Medium,True,1.0
PS01735,18-24,Solo,Not-Eligible,7.7,Night,September,Checked-Through,5,Premium,Active/City,2,Social Media,30.0,Low,stay airside,True,Yes,2,True,Stay Airside,0.0,14.9,True,5.0,5.0,True,True,True,True,Stay Airside,Stay Airside,7.7,0.0,False,False,5.0,Premium,372.0,Low,True,True,True,0.0,Low,Completed,Airside/Low-Risk,False,Low,False,1.0
PS01736,45-54,Solo,Not-Eligible,2.0,Afternoon,March,Needs Storage,1,Premium,Family/Indoor,2,Social Media,30.0,Low,Stay Airside,True,False,2,False,,,,,,,True,False,False,,Stay Airside,,2.0,,False,False,1.0,Premium,30.0,Low,False,True,False,,No Spend,Package Viewed,Airside/Low-Risk,False,Low,False,
PS01737,25-34,Solo,Visa-Free/On-Arrival,9.3,Night,June,Checked-Through,,Budget,Culture & Heritage,4,Airport Signage,76.0,High,City/Culture/Shopping,True,True,2,True,City/Culture/Shopping,271.0,27.7,Y,4.0,4.0,True,True,True,True,City/Culture/Shopping,City/Culture/Shopping,9.3,271.0,True,False,,Budget,468.0,High,True,True,True,0.0,Low,Completed,Outdoor/Higher-Risk,False,Low,True,1.0
PS01738,25-34,Solo,Transit-Visa-Required,15.6,Morning,April,Checked-Through,1,Mid-Range,Culture & Heritage,3,Word of Mouth/Referral,84.2,High,City/Culture/Shopping,True,True,2,True,City/Culture/Shopping,457.0,13.6,True,4.0,4.0,True,True,True,True,City/Culture/Shopping,City/Culture/Shopping,15.6,457.0,False,False,1.0,Mid-Range,846.0,High,True,True,True,0.0,Mid,Completed,Outdoor/Higher-Risk,False,Low,True,1.0
PS01739,25-34,Family with kids,Not-Eligible,7.0,Afternoon,January,Carry-On Only,2,Budget,Shopping,2,Organic App Search,30.0,Low,Stay Airside,1,True,0,False,,,,,,,True,True,False,,Stay Airside,,7.0,,False,False,2.0,Budget,330.0,Low,False,False,False,,No Spend,Eligibility Checked,Airside/Low-Risk,False,None,False,
PS01740,25-34,Solo,Visa-Free/On-Arrival,6.7,Night,September,checked-through,5,Mid-Range,Relaxation & Wellness,3,Airport Signage,76.1,High,City/Culture/Shopping,True,True,2,True,Stay Airside,0.0,31.0,True,2.0,1.0,True,True,True,True,City/Culture/Shopping,Stay Airside,6.7,0.0,False,False,5.0,Mid-Range,312.0,High,True,True,True,0.0,Low,Completed,Outdoor/Higher-Risk,False,Low,True,0.0
PS01741,45-54,solo,Transit-Visa-Required,5.9,Morning,November,Carry-On Only,3,Budget,Culture & Heritage,1,Airline Partner,55.0,Medium,Airport Lounge/Relaxation,True,True,1,Y,Airport Lounge/Relaxation,199.0,44.1,True,4.0,4.0,True,True,True,True,Airport Lounge/Relaxation,Airport Lounge/Relaxation,5.9,199.0,False,False,3.0,Budget,264.0,Medium,True,True,True,0.0,Low,Completed,Airside/Low-Risk,False,Low,True,1.0
PS01742,35-44,Family with kids,Not-Eligible,11.1,Morning,June,CHECKED-THROUGH,4,Premium,Relaxation & Wellness,5,Airline Partner,30.0,Low,Stay Airside,True,False,1,False,,,,,,,True,False,False,,Stay Airside,,11.1,,False,False,4.0,Premium,576.0,Low,False,True,False,,No Spend,Package Viewed,Airside/Low-Risk,False,Low,False,
PS01743,45-54,Solo,Visa-Free/On-Arrival,2.0,Afternoon,August,Checked-Through,3,Mid-Range,CULTURE & HERITAGE,2,Social Media,57.2,Medium,Indoor Micro-Experience,True,True,3,False,,,,,,,True,True,False,,Indoor Micro-Experience,,2.0,,False,False,3.0,Mid-Range,30.0,Medium,False,True,False,,No Spend,Package Viewed,Indoor/Moderate-Risk,False,Medium,False,
PS01744,18-24,Solo,Visa-Free/On-Arrival,14.3,Evening,February,Needs Storage,4,Premium,Culture & Heritage,5,Airline Partner,81.2,High,Premium Fast-Track/Chauffeur,TRUE,True,2,True,Premium Fast-Track/Chauffeur,2376.0,10.3,True,4.0,4.0,True,True,True,True,Premium Fast-Track/Chauffeur,Premium Fast-Track/Chauffeur,14.3,2376.0,False,False,4.0,Premium,768.0,High,True,True,True,0.0,High,Completed,Outdoor/Higher-Risk,True,Low,True,1.0
PS01745,25-34,Friends/Group,Not-Eligible,6.5,Afternoon,July,Checked-Through,5,Premium,Relaxation & Wellness,3,Social Media,30.0,Low,Stay Airside,TRUE,True,2,False,,,,,,,True,True,False,,Stay Airside,,6.5,,False,False,5.0,Premium,300.0,Low,False,True,False,,No Spend,Package Viewed,Airside/Low-Risk,False,Low,False,
PS01746,25-34,Solo,Visa-Free/On-Arrival,9.4,Evening,June,Carry-On Only,3,,Family/Indoor,5,Social Media,79.9,High,City/Culture/Shopping,True,True,3,True,City/Culture/Shopping,509.0,24.1,True,4.0,3.0,True,True,True,True,City/Culture/Shopping,City/Culture/Shopping,9.4,509.0,False,True,3.0,Unknown,474.0,High,True,True,True,0.0,Mid,Completed,Outdoor/Higher-Risk,False,Medium,True,1.0
PS01747,18-24,Solo,Visa-Free/On-Arrival,11.6,Night,February,Checked-Through,3,Mid-Range,Active/City,2,Word of Mouth/Referral,77.5,High,City/Culture/Shopping,True,True,2,True,City/Culture/Shopping,426.0,15.4,True,4.0,5.0,True,True,True,True,City/Culture/Shopping,City/Culture/Shopping,11.6,426.0,False,False,3.0,Mid-Range,606.0,High,True,True,True,0.0,Mid,Completed,Outdoor/Higher-Risk,False,Low,True,1.0
PS01748,25-34,Couple,Visa-Free/On-Arrival,4.0,Evening,February,Checked-Through,4,Premium,Family/Indoor,2,Airport Signage,59.6,Medium,Indoor Micro-Experience,True,True,1,False,,,,,,,True,True,False,,Indoor Micro-Experience,,4.0,,False,False,4.0,Premium,150.0,Medium,False,True,False,,No Spend,Package Viewed,Indoor/Moderate-Risk,False,Low,False,
PS01749,45-54,Solo,Visa-Free/On-Arrival,7.4,Morning,April,Carry-On Only,5,Mid-Range,Shopping,4,Social Media,77.5,High,City/Culture/Shopping,True,True,2,Yes,City/Culture/Shopping,453.0,31.8,True,5.0,5.0,True,True,True,True,City/Culture/Shopping,City/Culture/Shopping,7.4,453.0,False,False,5.0,Mid-Range,354.0,High,True,True,True,0.0,Mid,Completed,Outdoor/Higher-Risk,False,Low,True,1.0
PS01750,18-24,Couple,Transit-Visa-Required,6.4,Night,April,Checked-Through,2,Mid-Range,Family/Indoor,2,Travel Agent,69.2,High,City/Culture/Shopping,True,True,0,False,,,,,,,True,True,False,,City/Culture/Shopping,,6.4,,False,False,2.0,Mid-Range,294.0,High,False,False,False,,No Spend,Eligibility Checked,Outdoor/Higher-Risk,False,None,True,
PS01751,35-44,Family with kids,Transit-Visa-Required,3.4,Morning,March,Checked-Through,4,Mid-Range,Shopping,4,Social Media,60.9,Medium,indoor micro-experience,True,True,4,True,Indoor Micro-Experience,265.0,51.2,True,4.0,3.0,True,True,True,True,Indoor Micro-Experience,Indoor Micro-Experience,3.4,265.0,False,False,4.0,Mid-Range,114.0,Medium,True,True,True,0.0,Low,Completed,Indoor/Moderate-Risk,False,Medium,False,1.0
PS01752,25-34,Solo,Not-Eligible,13.2,Morning,August,Checked-Through,3,Mid-Range,Culture & Heritage,3,Organic App Search,30.0,Low,Stay Airside,True,yes ,0,False,,,,,,,True,True,False,,Stay Airside,,13.2,,False,False,3.0,Mid-Range,702.0,Low,False,False,False,,No Spend,Eligibility Checked,Airside/Low-Risk,False,None,False,
PS01753,18-24,COUPLE,Visa-Free/On-Arrival,6.1,Morning,July,Checked-Through,2,Budget,Shopping,4,Social Media,76.9,High,City/Culture/Shopping,True,True,2,True,Airport Lounge/Relaxation,234.0,35.3,False,3.0,3.0,True,True,True,False,City/Culture/Shopping,Airport Lounge/Relaxation,6.1,234.0,False,False,2.0,Budget,276.0,High,True,True,True,0.0,Low,Completed,Outdoor/Higher-Risk,False,Low,True,0.0
PS01754,25-34,Couple,Visa-Free/On-Arrival,3.3,Evening,February,Carry-On Only,1,Mid-Range,Relaxation & Wellness,5,Organic App Search,77.2,High,City/Culture/Shopping,True,True,1,True,City/Culture/Shopping,329.0,65.9,True,3.0,3.0,True,True,True,True,City/Culture/Shopping,City/Culture/Shopping,3.3,329.0,False,False,1.0,Mid-Range,108.0,High,True,True,True,1.0,Mid,Completed,Outdoor/Higher-Risk,False,Low,False,1.0
PS01755,55+,Solo,Visa-Free/On-Arrival,7.6,Morning,March,Carry-On Only,4,Budget,Shopping,5,Airline Partner,75.3,High,City/Culture/Shopping,True,True,4,True,City/Culture/Shopping,493.0,44.3,True,4.0,5.0,True,True,True,True,City/Culture/Shopping,City/Culture/Shopping,7.6,493.0,False,False,4.0,Budget,366.0,High,True,True,True,0.0,Mid,Completed,Outdoor/Higher-Risk,False,Medium,True,1.0
PS01756,45-54,Couple,Visa-Free/On-Arrival,2.7,Morning,October,Carry-On Only,5,Budget,Culture & Heritage,3,Social Media,57.0,Medium,Airport Lounge/Relaxation,True,True,1,False,,,,,,,True,True,False,,Airport Lounge/Relaxation,,2.7,,False,False,5.0,Budget,72.0,Medium,False,True,False,,No Spend,Package Viewed,Airside/Low-Risk,False,Low,False,
PS01757,55+,Solo,visa-free/on-arrival,5.6,Afternoon,September,Carry-On Only,3,Budget,CULTURE & HERITAGE,3,Social Media,67.1,Medium,Airport Lounge/Relaxation,True,True,2,False,,,,,,,True,True,False,,Airport Lounge/Relaxation,,5.6,,False,False,3.0,Budget,246.0,Medium,False,True,False,,No Spend,Package Viewed,Airside/Low-Risk,False,Low,False,
PS01758,25-34,Couple,Not-Eligible,8.9,Afternoon,May,Checked-Through,3,Budget,Shopping,5,Organic App Search,30.0,Low,Stay Airside,True,False,0,False,,,,,,,True,False,False,,Stay Airside,,8.9,,False,False,3.0,Budget,444.0,Low,False,False,False,,No Spend,App Viewed,Airside/Low-Risk,False,None,False,
PS01759,18-24,Solo,Transit-Visa-Required,2.5,Evening,February,Checked-Through,4,Mid-Range,Shopping,5,Airline Partner,54.8,Medium,indoor micro-experience,True,True,0,False,,,,,,,True,True,False,,Indoor Micro-Experience,,2.5,,False,False,4.0,Mid-Range,60.0,Medium,False,False,False,,No Spend,Eligibility Checked,Indoor/Moderate-Risk,False,None,False,
PS01760,35-44,Couple,Visa-Free/On-Arrival,10.7,Evening,March,Carry-On Only,3,Budget,Culture & Heritage,1,Airline Partner,68.7,Medium,Airport Lounge/Relaxation,True,True,0,False,,,,,,,True,True,False,,Airport Lounge/Relaxation,,10.7,,False,False,3.0,Budget,552.0,Medium,False,False,False,,No Spend,Eligibility Checked,Airside/Low-Risk,False,None,True,
PS01761,25-34,Solo,Transit-Visa-Required,7.9,Evening,August,Checked-Through,5,Budget,Shopping,3,Social Media,67.7,Medium,Airport Lounge/Relaxation,True,True,2,False,,,,,,,True,True,False,,Airport Lounge/Relaxation,,7.9,,False,False,5.0,Budget,384.0,Medium,False,True,False,,No Spend,Package Viewed,Airside/Low-Risk,False,Low,True,
PS01762,45-54,Family with kids,Visa-Free/On-Arrival,11.7,Morning,April,CHECKED-THROUGH,3,Mid-Range,Shopping,2,Airline Partner,81.6,High,City/Culture/Shopping,True,True,4,True,city/culture/shopping,AED 405.0,19.4,True,4.0,4.0,True,True,True,True,City/Culture/Shopping,City/Culture/Shopping,11.7,405.0,False,False,3.0,Mid-Range,612.0,High,True,True,True,0.0,Mid,Completed,Outdoor/Higher-Risk,False,Medium,True,1.0
PS01763,18-24,Solo,Visa-Free/On-Arrival,11.6,Morning,February,Needs Storage,2,Mid-Range,Shopping,5,Social Media,90.6,High,City/Culture/Shopping,Y,True,5,True,City/Culture/Shopping,401.0,18.6,True,3.0,3.0,True,True,True,True,City/Culture/Shopping,City/Culture/Shopping,11.6,401.0,False,False,2.0,Mid-Range,606.0,High,True,True,True,0.0,Mid,Completed,Outdoor/Higher-Risk,False,High,True,1.0
PS01764,25-34,Couple,TRANSIT-VISA-REQUIRED,5.5,Night,February,Checked-Through,2,Mid-Range,Relaxation & Wellness,2,Organic App Search,68.0,Medium,Indoor Micro-Experience,True,True,3,True,Fast Track Premium,1359.0,51.5,True,3.0,3.0,True,True,True,True,Indoor Micro-Experience,Premium Fast-Track/Chauffeur,5.5,1359.0,False,False,2.0,Mid-Range,240.0,Medium,True,True,True,0.0,High,Completed,Indoor/Moderate-Risk,False,Medium,False,0.0
PS01765,18-24,Couple,Visa-Free/On-Arrival,5.6,Morning,June,Checked-Through,5,Premium,Relaxation & Wellness,3,Organic App Search,79.8,High,Fast Track Premium,TRUE,1,0,True,Premium Fast-Track/Chauffeur,2899.0,48.3,True,4.0,5.0,True,True,True,True,Premium Fast-Track/Chauffeur,Premium Fast-Track/Chauffeur,5.6,2899.0,False,False,5.0,Premium,246.0,High,True,False,True,0.0,High,Completed,Outdoor/Higher-Risk,False,None,True,1.0
PS01766,25-34,Family with kids,Not-Eligible,9.9,Night,August,Carry-On Only,5,Budget,Family/Indoor,4,Airline Partner,30.0,Low,Stay Airside,True,True,2,False,,,,,,,True,True,False,,Stay Airside,,9.9,,False,False,5.0,Budget,504.0,Low,False,True,False,,No Spend,Package Viewed,Airside/Low-Risk,False,Low,False,
PS01767,35-44,Couple,Transit-Visa-Required,3.6,Morning,July,Carry-On Only,2,Budget,Active/City,5,Airline Partner,67.1,Medium,Airport Lounge/Relaxation,yes ,True,6,False,,,,,,,True,True,False,,Airport Lounge/Relaxation,,3.6,,False,False,2.0,Budget,126.0,Medium,False,True,False,,No Spend,Package Viewed,Airside/Low-Risk,False,High,False,
PS01768,25-34,Family with kids,Visa-Free/On-Arrival,3.6,Night,April,Checked-Through,2,Budget,Shopping,4,Social Media,64.9,Medium,Airport Lounge/Relaxation,True,False,1,True,Airport Lounge/Relaxation,252.0,51.8,yes ,5.0,5.0,True,False,True,True,Airport Lounge/Relaxation,Airport Lounge/Relaxation,3.6,252.0,False,False,2.0,Budget,126.0,Medium,True,True,True,0.0,Low,Completed,Airside/Low-Risk,False,Low,False,1.0
PS01769,25-34,Family with kids,Transit-Visa-Required,5.0,Afternoon,February,checked-through,3,Premium,Culture & Heritage,2,Social Media,70.0,High,Premium Fast-Track/Chauffeur,True,True,3,True,Premium Fast-Track/Chauffeur,2945.0,44.0,True,4.0,4.0,True,True,True,True,Premium Fast-Track/Chauffeur,Premium Fast-Track/Chauffeur,5.0,2945.0,False,False,3.0,Premium,210.0,High,True,True,True,0.0,High,Completed,Outdoor/Higher-Risk,True,Medium,True,1.0
PS01770,25-34,Friends/Group,Visa-Free/On-Arrival,2.8,Afternoon,September,Needs Storage,,Mid-Range,Relaxation & Wellness,3,Travel Agent,59.5,Medium,Indoor Micro-Experience,True,True,4,False,,,,,,,True,True,False,,Indoor Micro-Experience,,2.8,,True,False,,Mid-Range,78.0,Medium,False,True,False,,No Spend,Package Viewed,Indoor/Moderate-Risk,False,Medium,False,
PS01771,25-34,Solo,Visa-Free/On-Arrival,3.3,Evening,April,Carry-On Only,4,Budget,Family/Indoor,5,Travel Agent,68.2,Medium,Airport Lounge/Relaxation,True,True,2,True,Airport Lounge/Relaxation,217.0,53.4,True,4.0,4.0,True,True,True,True,Airport Lounge/Relaxation,Airport Lounge/Relaxation,3.3,217.0,False,False,4.0,Budget,108.0,Medium,True,True,True,0.0,Low,Completed,Airside/Low-Risk,False,Low,False,1.0
PS01772,45-54,Couple,Visa-Free/On-Arrival,3.3,Evening,September,Carry-On Only,5,Budget,Active/City,4,Social Media,60.5,Medium,Airport Lounge/Relaxation,True,True,0,True,Airport Lounge/Relaxation,142.0,45.0,True,4.0,4.0,True,True,True,True,Airport Lounge/Relaxation,Airport Lounge/Relaxation,3.3,142.0,False,False,5.0,Budget,108.0,Medium,True,False,True,0.0,Low,Completed,Airside/Low-Risk,False,None,False,1.0
PS01773,45-54,Family with kids,Visa-Free/On-Arrival,6.1,Afternoon,May,Checked-Through,4,Mid-Range,Active/City,4,Airline Partner,70.4,High,City/Culture/Shopping,True,True,1,True,City/Culture/Shopping,416.0,43.8,No,3.0,3.0,True,True,True,False,City/Culture/Shopping,City/Culture/Shopping,6.1,416.0,False,False,4.0,Mid-Range,276.0,High,True,True,True,0.0,Mid,Completed,Outdoor/Higher-Risk,False,Low,True,1.0
PS01774,55+,Friends/Group,Transit-Visa-Required,5.9,Evening,December,Checked-Through,5,Budget,Shopping,4,Word of Mouth/Referral,61.3,Medium,Airport Lounge/Relaxation,True,True,3,False,,,,,,,True,True,False,,Airport Lounge/Relaxation,,5.9,,False,False,5.0,Budget,264.0,Medium,False,True,False,,No Spend,Package Viewed,Airside/Low-Risk,False,Medium,True,
PS01775,45-54,Friends/Group,Visa-Free/On-Arrival,12.7,Evening,December,CHECKED-THROUGH,3,Mid-Range,Active/City,3,Airline Partner,79.0,High,City/Culture/Shopping,True,Yes,1,True,City/Culture/Shopping,387.0,14.3,True,,3.0,True,True,True,True,City/Culture/Shopping,City/Culture/Shopping,12.7,387.0,False,False,3.0,Mid-Range,672.0,High,True,True,True,0.0,Mid,Booked,Outdoor/Higher-Risk,False,Low,True,1.0
PS01776,25-34,Solo,Transit-Visa-Required,6.2,Morning,November,Checked-Through,3,Premium,Active/City,4,Airline Partner,79.9,High,Premium Fast-Track/Chauffeur,True,True,1,True,Airport Lounge/Relaxation,,36.1,True,3.0,3.0,True,True,True,True,Premium Fast-Track/Chauffeur,Airport Lounge/Relaxation,6.2,,False,False,3.0,Premium,282.0,High,True,True,True,0.0,No Spend,Completed,Outdoor/Higher-Risk,False,Low,True,0.0
PS01777,35-44,Solo,Transit-Visa-Required,7.0,Morning,November,Checked-Through,,Mid-Range,Culture & Heritage,2,Word of Mouth/Referral,69.8,High,Indoor Micro-Experience,True,True,3,True,Indoor Micro-Experience,349.0,29.9,True,3.0,3.0,True,True,True,True,Indoor Micro-Experience,Indoor Micro-Experience,7.0,349.0,True,False,,Mid-Range,330.0,High,True,True,True,0.0,Mid,Completed,Indoor/Moderate-Risk,False,Medium,True,1.0
PS01778,25-34,Couple,Visa-Free/On-Arrival,18.5,Afternoon,July,Checked-Through,3,Premium,Active/City,3,Social Media,86.3,High,Premium Fast-Track/Chauffeur,Y,True,3,True,Premium Fast-Track/Chauffeur,2218.0,1.4,True,4.0,5.0,True,True,True,True,Premium Fast-Track/Chauffeur,Premium Fast-Track/Chauffeur,18.5,2218.0,False,False,3.0,Premium,1020.0,High,True,True,True,0.0,High,Completed,Outdoor/Higher-Risk,True,Medium,True,1.0
PS01779,25-34,Family with kids,Transit-Visa-Required,2.0,Morning,December,Checked-Through,2,Budget,Shopping,5,Travel Agent,56.8,Medium,Airport Lounge/Relaxation,True,True,3,False,,,,,,,True,True,False,,Airport Lounge/Relaxation,,2.0,,False,False,2.0,Budget,30.0,Medium,False,True,False,,No Spend,Package Viewed,Airside/Low-Risk,False,Medium,False,
PS01780,45-54,Couple,Visa-Free/On-Arrival,8.4,Evening,May,Carry-On Only,2,,Relaxation & Wellness,1,Airport Signage,80.8,High,City/Culture/Shopping,True,True,1,False,,,,,,,True,True,False,,City/Culture/Shopping,,8.4,,False,True,2.0,Unknown,414.0,High,False,True,False,,No Spend,Package Viewed,Outdoor/Higher-Risk,False,Low,True,
PS01781,18-24,Couple,Visa-Free/On-Arrival,6.5,Morning,February,Carry-On Only,3,Premium,Culture & Heritage,3,Airline Partner,78.0,High,Premium Fast-Track/Chauffeur,True,True,1,True,Premium Fast-Track/Chauffeur,978.0,37.2,0,2.0,1.0,True,True,True,False,Premium Fast-Track/Chauffeur,Premium Fast-Track/Chauffeur,6.5,978.0,False,False,3.0,Premium,300.0,High,True,True,True,0.0,High,Completed,Outdoor/Higher-Risk,False,Low,True,1.0
PS01782,55+,Family with kids,Visa-Free/On-Arrival,8.9,Afternoon,June,Checked-Through,3,Mid-Range,Shopping,2,Airport Signage,80.8,High,City/Culture/Shopping,True,True,1,False,,,,,,,True,True,False,,City/Culture/Shopping,,8.9,,False,False,3.0,Mid-Range,444.0,High,False,True,False,,No Spend,Package Viewed,Outdoor/Higher-Risk,False,Low,True,
PS01783,25-34,Solo,Visa-Free/On-Arrival,5.2,Morning,July,Checked-Through,3,Mid-Range,Family/Indoor,2,Social Media,69.5,High,City/Culture/Shopping,True,True,3,False,,,,,,,True,True,False,,City/Culture/Shopping,,5.2,,False,False,3.0,Mid-Range,222.0,High,False,True,False,,No Spend,Package Viewed,Outdoor/Higher-Risk,False,Medium,True,
PS01784,35-44,Friends/Group,Visa-Free/On-Arrival,6.1,Afternoon,November,Checked-Through,2,Mid-Range,Culture & Heritage,4,Airline Partner,81.2,High,City/Culture/Shopping,True,True,4,True,Premium Fast-Track/Chauffeur,2131.0,41.1,True,3.0,3.0,True,True,True,True,City/Culture/Shopping,Premium Fast-Track/Chauffeur,6.1,2131.0,False,False,2.0,Mid-Range,276.0,High,True,True,True,0.0,High,Completed,Outdoor/Higher-Risk,False,Medium,True,0.0
PS01785,35-44,Couple,Transit-Visa-Required,14.6,Morning,June,Checked-Through,3,Premium,Relaxation & Wellness,4,Travel Agent,84.1,High,Premium Fast-Track/Chauffeur,True,True,0,False,,,,,,,True,True,False,,Premium Fast-Track/Chauffeur,,14.6,,False,False,3.0,Premium,786.0,High,False,False,False,,No Spend,Eligibility Checked,Outdoor/Higher-Risk,False,None,True,
PS01786,45-54,Solo,Visa-Free/On-Arrival,9.8,Morning,March,Checked-Through,2,Budget,family/indoor,2,Word of Mouth/Referral,85.2,High,City/Culture/Shopping,True,yes ,5,True,City/Culture/Shopping,498.0,25.1,True,4.0,3.0,True,True,True,True,City/Culture/Shopping,City/Culture/Shopping,9.8,498.0,False,False,2.0,Budget,498.0,High,True,True,True,0.0,Mid,Completed,Outdoor/Higher-Risk,False,High,True,1.0
PS01787,35-44,Couple,Visa-Free/On-Arrival,6.3,Morning,October,Checked-Through,4,,Culture & Heritage,3,Social Media,68.2,Medium,Airport Lounge/Relaxation,True,True,1,False,,,,,,,True,True,False,,Airport Lounge/Relaxation,,6.3,,False,True,4.0,Unknown,288.0,Medium,False,True,False,,No Spend,Package Viewed,Airside/Low-Risk,False,Low,True,
PS01788,35-44,Family with kids,Not-Eligible,4.5,Night,August,Needs Storage,3,Budget,Shopping,3,Word of Mouth/Referral,30.0,Low,Stay Airside,True,True,2,False,,,,,,,True,True,False,,Stay Airside,,4.5,,False,False,3.0,Budget,180.0,Low,False,True,False,,No Spend,Package Viewed,Airside/Low-Risk,False,Low,False,
PS01789,18-24,Solo,transit-visa-required,3.6,Morning,March,Carry-On Only,4,Premium,Family/Indoor,2,Word of Mouth/Referral,51.3,Medium,Indoor Micro-Experience,yes ,True,1,yes ,Indoor Micro-Experience,461.0,56.9,True,4.0,4.0,True,True,True,True,Indoor Micro-Experience,Indoor Micro-Experience,3.6,461.0,False,False,4.0,Premium,126.0,Medium,True,True,True,1.0,Mid,Completed,Indoor/Moderate-Risk,False,Low,False,1.0
PS01790,35-44,Solo,Transit-Visa-Required,5.4,Evening,May,Carry-On Only,4,Premium,Relaxation & Wellness,4,Word of Mouth/Referral,70.5,High,PREMIUM FAST-TRACK/CHAUFFEUR,Yes,True,6,True,Premium Fast-Track/Chauffeur,2698.0,45.1,True,4.0,4.0,True,True,True,True,Premium Fast-Track/Chauffeur,Premium Fast-Track/Chauffeur,5.4,2698.0,False,False,4.0,Premium,234.0,High,True,True,True,0.0,High,Completed,Outdoor/Higher-Risk,True,High,True,1.0
PS01791,18-24,Friends/Group,Visa-Free/On-Arrival,6.7,Morning,September,NEEDS STORAGE,4,Budget,Family/Indoor,3,Travel Agent,68.3,Medium,Airport Lounge/Relaxation,True,False,2,False,,,,,,,True,False,False,,Airport Lounge/Relaxation,,6.7,,False,False,4.0,Budget,312.0,Medium,False,True,False,,No Spend,Package Viewed,Airside/Low-Risk,False,Low,True,
PS01792,35-44,Solo,Transit-Visa-Required,18.5,Morning,November,Carry-On Only,4,Budget,FAMILY/INDOOR,4,Airport Signage,69.1,High,City/Culture/Shopping,True,1,3,True,Stay Airside,0.0,0.0,True,3.0,3.0,True,True,True,True,City/Culture/Shopping,Stay Airside,18.5,0.0,False,False,4.0,Budget,1020.0,High,True,True,True,0.0,Low,Completed,Outdoor/Higher-Risk,False,Medium,True,0.0
PS01793,35-44,Couple,Transit-Visa-Required,8.0,Afternoon,May,Carry-On Only,3,Premium,Family/Indoor,2,Social Media,72.4,High,Premium Fast-Track/Chauffeur,True,True,2,1,Premium Fast-Track/Chauffeur,1936.0,27.8,True,2.0,2.0,True,True,True,True,Premium Fast-Track/Chauffeur,Premium Fast-Track/Chauffeur,8.0,1936.0,False,False,3.0,Premium,390.0,High,True,True,True,0.0,High,Completed,Outdoor/Higher-Risk,True,Low,True,1.0
PS01794,35-44,Couple,Transit-Visa-Required,4.8,Afternoon,July,Carry-On Only,,Budget,Culture & Heritage,3,Travel Agent,69.8,High,City/Culture/Shopping,True,True,1,False,,,,,,,True,True,False,,City/Culture/Shopping,,4.8,,True,False,,Budget,198.0,High,False,True,False,,No Spend,Package Viewed,Outdoor/Higher-Risk,False,Low,True,
PS01795,18-24,Couple,Transit-Visa-Required,2.0,Night,November,Checked-Through,4,Budget,Family/Indoor,1,Airline Partner,39.3,Medium,Airport Lounge/Relaxation,TRUE,True,1,False,,,,,,,True,True,False,,Airport Lounge/Relaxation,,2.0,,False,False,4.0,Budget,30.0,Medium,False,True,False,,No Spend,Package Viewed,Airside/Low-Risk,False,Low,False,
PS01796,18-24,Couple,VISA-FREE/ON-ARRIVAL,4.4,Night,July,Carry-On Only,3,,Active/City,2,Travel Agent,61.4,Medium,AIRPORT LOUNGE/RELAXATION,True,True,1,False,,,,,,,True,True,False,,Airport Lounge/Relaxation,,4.4,,False,True,3.0,Unknown,174.0,Medium,False,True,False,,No Spend,Package Viewed,Airside/Low-Risk,False,Low,False,
PS01797,35-44,Solo,Visa-Free/On-Arrival,5.4,Evening,May,Checked-Through,3,Budget,Relaxation & Wellness,5,Social Media,78.0,High,City/Culture/Shopping,True,True,1,True,City/Culture/Shopping,260.0,50.2,True,4.0,4.0,True,True,True,True,City/Culture/Shopping,City/Culture/Shopping,5.4,260.0,False,False,3.0,Budget,234.0,High,True,True,True,0.0,Low,Completed,Outdoor/Higher-Risk,False,Low,True,1.0
PS01798,18-24,Couple,Visa-Free/On-Arrival,8.5,Evening,February,Carry-On Only,3,Mid-Range,Culture & Heritage,2,Airline Partner,84.7,High,City/Culture/Shopping,True,True,1,True,Premium Fast-Track/Chauffeur,2484.0,32.7,TRUE,2.0,1.0,True,True,True,True,City/Culture/Shopping,Premium Fast-Track/Chauffeur,8.5,2484.0,False,False,3.0,Mid-Range,420.0,High,True,True,True,0.0,High,Completed,Outdoor/Higher-Risk,False,Low,True,0.0
PS01799,18-24,Solo,Visa-Free/On-Arrival,5.5,Afternoon,May,Needs Storage,,Mid-Range,Family/Indoor,1,Social Media,60.8,Medium,Indoor Micro-Experience,True,True,6,True,Indoor Micro-Experience,262.0,36.8,True,4.0,4.0,True,True,True,True,Indoor Micro-Experience,Indoor Micro-Experience,5.5,262.0,True,False,,Mid-Range,240.0,Medium,True,True,True,0.0,Low,Completed,Indoor/Moderate-Risk,False,High,True,1.0
PS01800,18-24,Family with kids,Transit-Visa-Required,18.9,Afternoon,July,Carry-On Only,2,Mid-Range,Family/Indoor,5,Airline Partner,80.2,High,City/Culture/Shopping,True,True,2,True,City/Culture/Shopping,358.0,4.2,True,2.0,2.0,True,True,True,True,City/Culture/Shopping,City/Culture/Shopping,18.9,358.0,False,False,2.0,Mid-Range,1044.0,High,True,True,True,0.0,Mid,Completed,Outdoor/Higher-Risk,False,Low,True,1.0
